order_id,order_date,customer_id,product_id,location_id,shipping_id,quantity,sales,discount,profit
O7233,2024-02-15,C1413,P2033,L108,SH1,6,₹147238.0,0.09,37606.99
O9052,2025-06-13,C1389,P2087,L108,SH19,4,14526.76,0.09,4608.89
O9811,2024-05-03,C1444,P2024,L105,SH19,4,130340.09,0.0,50257.35
O9034,2025-05-06,C1111,P2040,L106,SH19,6,46959.14,0.22,5155.96
O11960,2025-08-24,C1483,P2091,L104,SH22,2,1864.23,0.09,727.35
O9956,2024-03-30,C1032,P2038,L105,SH10,3,57406.26,0.22,6079.85
O7875,2025-02-19,C1363,P2098,L101,SH15,1,4256.22,0.11,1474.59
O10843,2025-01-04,C1357,P2008,L111,SH19,1,₹16580.98,0.05,5281.79
O11707,2025-04-02,C1051,P2069,L117,SH13,three,1612.18,0.21,548.79
O7224,2025-08-04,C1168,P2099,L114,SH1,1,1772.97,0.1,613.81
O8289,2024-08-25,C1094,P2030,L111,SH10,4,10987.9,0.13,4246.8
O6582,2025-12-14,C1339,P2015,L112,SH10,three,90279.2,0.01,20368.03
O7230,18/05/2024,C1349,P2071,L115,SH13,1,1245.52,0.12,364.82
O10651,07/07/2025,C1228,P2013,L109,SH22,2,35424.48,0.1,13674.5
O10108,07/09/2024,C1384,P2041,L114,SH6,1,15494.95,0.19,1624.24
O8077,2024-09-03,C1153,P2061,L104,SH25,1,2303.77,0.32,281.26
O6194,2025-04-01,C1281,P2060,L106,SH25,2,43520.28,0.09,4499.79
O6858,2024-12-21,C1287,P2084,L102,SH1,6,₹13999.4,0.1,5477.43
O8481,2024-05-06,C1194,P2058,L115,SH10,4,52070.16,0.15,4893.55
O5261,2024-04-09,C1248,P2045,L116,SH13,1,7982.53,0.3,979.53
O9873,2024-10-31,C1187,P2077,L117,SH25,2,9631.57,0.0,2605.25
O9578,12/01/2024,C1467,P2062,L103,SH22,5,79808.38,0.26,6351.87
O5069,2024-03-14,C1257,P2072,L112,SH10,1,1825.75,0.18,727.39
O11255,2024-07-03,C1397,P2001,L110,SH1,5,109728.99,0.2,22480.44
O6331,2025-02-14,C1194,P2017,L107,SH1,6,205635.92,0.01,50130.19
O6192,2025-01-29,C1481,P2061,L104,SH1,5,29668.06,0.25,2300.96
O8357,2025-01-18,C1236,P2051,L101,SH1,2,27519.31,0.21,1772.96
O6634,2025-09-14,C1422,P2004,L116,SH13,6,178037.22,0.16,53065.79
O11778,2025-07-02,C1224,P2006,L116,SH19,3,₹114427.75,0.11,27382.74
O6426,2024-08-05,C1039,P2064,L102,SH13,2,1810.67,0.19,143.86
O5010,2025-12-23,C1163,P2096,L116,SH25,6,₹24849.61,0.1,8107.09
O10595,21/08/2024,C1311,P2018,L102,SH10,3,13282.54,0.05,3071.15
O5351,30/07/2025,C1181,P2073,L105,SH10,5,22859.98,0.04,9540.37
O5774,2024-03-23,C1188,P2069,L111,SH13,6,20493.29,0.2,8240.16
O6800,2025-02-17,C1338,P2011,L104,SH1,2,33206.08,0.0,10725.66
O7458,2025-03-29,C1307,P2080,L102,SH10,4,13195.74,0.11,5843.06
O9673,2025-11-01,C1300,P2040,L105,SH3,2,9318.9,0.2,1343.83
O7840,2025-01-02,C1164,P2022,L106,SH7,4,127389.09,0.0,25924.62
O8591,2024-04-30,C1406,P2056,L110,SH13,4,53389.44,0.18,7700.93
O5358,2025-01-22,C1115,P2086,L106,SH1,2,3006.9,0.17,1165.78
O5593,2025-05-20,C1047,P2020,L101,SH10,3,33848.47,0.14,9614.61
O7859,2025-08-04,C1376,P2063,L117,SH1,1,16764.97,0.14,2062.12
O11537,2025-11-27,C1472,P2046,L102,SH13,2,4773.52,0.11,658.86
O11072,2025-09-14,C1281,P2063,L116,SH1,4,67796.68,0.16,8376.42
O11836,2024-09-12,C1329,P2034,L111,SH19,3,15387.33,0.22,1539.12
O6857,2024-03-07,C1225,P2064,L114,SH22,4,79237.01,0.17,5976.11
O9963,2025-09-22,C1206,P2006,L117,SH18,1,49150.12,0.08,17071.59
O11082,2025-07-29,C1007,P2068,L112,SH7,4,16156.84,0.09,7137.41
O8142,2024-09-04,C1401,P2057,L114,SH1,5,98746.45,0.14,5972.15
O11898,2024-08-31,C1028,P2051,L108,SH7,1,7139.93,0.28,511.2
O8632,2024-10-23,C1146,P2043,L113,SH4,4,35341.24,0.23,3036.33
O6862,2024-05-27,C1409,P2066,L114,SH22,3,40043.04,0.31,5935.02
O10044,2024-11-24,C1126,P2048,L115,SH25,6,27543.3,0.22,2412.84
O10277,2024-04-16,C1079,P2073,L113,SH13,5,8615.49,0.13,2630.28
O11860,2024-07-02,C1470,P2014,L113,SH1,3,126579.63,0.06,37093.64
O10567,2025-05-17,C1178,P2052,L111,SH5,-5,80160.5,0.21,10862.5
O11683,2025-10-24,C1425,P2069,L114,SH19,1,373.77,0.09,145.29
O5916,2024-05-27,C1479,P2055,L107,SH10,4,9613.11,0.29,762.03
O10332,2024-03-31,C1265,P2033,L105,SH7,3,5189.46,0.12,1203.7
O7245,2025-03-11,C1291,P2028,L115,SH10,3,32127.67,0.0,11801.71
O11109,2025-12-13,C1434,P2030,L111,SH26,1,45090.15,0.16,11911.21
O6541,2025-04-26,C1500,P2053,L112,SH1,2,37300.65,0.21,3225.23
O8103,2024-11-13,C1442,P2043,L108,SH13,1,11004.87,,752.87
O10888,2025-08-22,C1314,P2061,L111,SH10,2,27924.63,0.18,1726.09
O6386,29/01/2024,C1322,P2099,L105,SH4,5,16054.13,0.01,5759.17
O7484,2025-02-08,C1332,P2077,L116,SH16,6,20897.22,0.13,7436.02
O7665,2024-08-24,C1086,P2051,L102,SH19,2,₹42486.25,0.11,3467.91
O6529,2024-12-11,C1044,P2032,L110,SH10,3,85581.3,0.11,17777.05
O5751,2025-02-26,C1305,P2020,L116,SH10,6,215281.97,0.16,53301.55
O11552,2025-05-22,C1382,P2048,L114,SH13,-5,38210.74,0.31,3374.07
O5310,2024-11-13,C1301,P2082,L103,SH1,1,3180.24,0.12,1259.35
O8083,2025-11-23,C1242,P2022,L117,SH22,1,42149.11,0.12,12169.63
O7033,2024-10-29,C1013,P2003,L101,SH25,1,6780.91,0.15,1608.04
O7522,2025-05-10,C1206,P2009,L116,SH4,5,₹227547.28,0.08,87895.05
O7489,2025-08-19,C1303,P2077,L110,SH25,4,9406.57,0.22,2566.0
O11430,2024-10-18,C1360,P2062,L106,SH7,2,42436.86,0.15,2674.09
O10742,2024-03-05,C1096,P2043,L112,SH25,4,30145.9,0.22,3118.03
O7530,2024-02-29,C1070,P2093,L106,SH10,2,7715.1,0.1,3133.94
O9436,2024-01-25,C1222,P2083,L115,SH13,-6,23568.94,0.15,6208.69
O10443,2025-06-01,C1391,P2049,L115,SH1,6,114721.67,0.13,8575.84
O7750,07/09/2024,C1427,P2082,L116,SH19,1,692.54,0.02,
O7258,2024-10-26,C1407,P2065,L110,SH1,5,32357.14,0.09,2189.08
O11812,2024-12-02,C1354,P2013,L109,SH7,1,37144.47,0.21,14279.36
O8463,2025-03-09,C1013,P2098,L108,SH12,1,3476.24,,1166.12
O7947,2025-10-15,C1094,P2093,L107,SH10,4,2038.89,0.05,725.1
O5681,2025-04-14,C1392,P2033,L101,SH1,5,129366.15,0.08,38774.72
O5744,25/04/2025,C1028,P2044,L101,SH25,6,55166.16,0.22,7808.49
O7916,04/10/2024,C1254,P2021,L114,SH7,5,150899.18,0.0,46645.29
O7238,2024-07-19,C1378,P2006,L106,SH10,-4,₹146429.9,0.2,35074.2
O6248,2025-03-10,C1284,P2064,L101,SH1,4,51552.6,0.25,7419.44
O9021,2025-05-29,C1249,P2053,L116,SH13,3,2730.98,0.27,397.13
O8593,2024-11-03,C1436,P2010,L101,SH24,3,20923.43,0.0,5388.61
O5270,2024-07-06,C1123,P2040,L104,SH16,4,36975.87,0.06,2688.97
O6970,2025-09-05,C1317,P2055,L104,SH19,3,8257.53,0.3,704.95
O10436,2025-09-13,C1384,P2058,L110,SH1,5,14099.89,0.14,1876.48
O9512,2025-07-10,C1321,P2010,L107,SH4,5,182694.99,,54499.48
O8598,2025-11-20,C1329,P2091,L101,SH22,1,4231.96,0.15,1451.27
O11539,2025-03-18,C1453,P2022,L117,SH13,6,45559.42,0.04,10426.31
O5491,22/08/2025,C1004,P2083,L103,SH16,5,2772.67,0.09,1163.55
O8410,2024-10-01,C1452,P2080,L110,SH22,4,3988.3,0.1,1166.31
O9892,09/05/2024,C1438,P2050,L117,SH19,1,16074.52,0.21,1044.72
O5245,2025-01-04,C1154,P2062,L103,SH19,4,19846.46,0.28,1631.24
O6287,2025-01-28,C1085,P2057,L117,SH19,3,34157.54,0.21,3249.14
O9699,2024-07-28,C1200,P2085,L115,SH4,6,22266.93,0.0,9248.93
O7353,2025-02-22,C1279,P2088,L111,SH10,6,2788.12,0.13,824.67
O5311,2024-04-28,C1126,P2012,L114,SH13,6,146805.74,,47237.17
O8698,2024-04-19,C1484,P2039,L114,SH22,4,₹83359.44,0.14,5034.71
O10852,2025-12-08,C1189,P2047,L105,SH25,1,11085.64,0.21,1220.23
O7077,2024-01-04,C1417,P2071,L113,SH13,4,2683.23,0.05,1106.56
O7242,2024-08-04,C1044,P2098,L106,SH13,2,1385.15,0.06,461.27
O11638,2024-04-11,C1495,P2007,L110,SH10,4,54273.28,0.04,16126.57
O10418,2024-04-04,C1135,P2089,L105,SH16,6,12733.41,0.0,4939.83
O6306,2024-01-22,C1137,P2081,L104,SH13,1,3901.03,0.07,1055.47
O8792,2025-05-03,C1166,P2013,L103,SH13,3,97964.01,0.12,37680.08
O6112,2025-12-08,C1215,P2055,L113,SH4,5,65597.58,0.05,5860.96
O11804,2025-10-22,C1420,P2070,L116,SH13,5,15188.03,0.11,5667.46
O9651,2024-01-15,C1069,P2014,L101,SH10,1,10794.31,0.07,4302.67
O11867,2024-06-03,C1416,P2022,L111,SH1,3,16342.19,0.17,
O11196,2024-10-08,C1367,P2009,L115,SH13,3,95539.98,0.0,20871.2
O6602,2025-07-28,C1500,P2011,L104,SH14,5,46442.79,0.12,17321.56
O5922,2024-11-04,C1005,P2051,L109,SH7,3,6803.65,0.24,911.99
O6002,2024-12-12,C1484,P2009,L103,SH4,4,67498.72,0.08,26755.75
O6170,2025-12-15,C1362,P2087,L101,SH19,4,11909.65,0.14,3329.66
O9473,2025-09-05,C1441,P2043,L108,SH22,4,₹37463.63,,4254.01
O8300,2024-07-07,C1021,P2025,L110,SH13,3,131872.32,0.02,48839.81
O8622,2024-08-14,C1244,P2001,L113,SH4,2,105267.96,0.03,38305.04
O6716,2025-03-03,C1241,P2050,L103,SH19,1,20377.31,0.15,2842.68
O7985,2025-11-01,C1474,P2034,L103,SH7,1,17258.39,0.19,2374.96
O6781,2025-02-12,C1026,P2058,L115,SH19,1,4037.06,0.28,522.35
O6687,2025-02-14,C1384,P2039,L114,SH13,6,7245.07,0.1,1054.39
O7732,11/02/2025,C1355,P2016,L107,SH1,4,119224.53,0.0,38808.69
O11554,2024-08-21,C1112,P2022,L109,SH22,6,154359.34,,32195.97
O5673,2025-10-23,C1265,P2019,L115,SH6,2,₹43631.94,0.15,15032.48
O6000,2025-03-15,C1404,P2030,L105,SH10,5,115725.28,0.02,32618.54
O8775,2025-06-04,C1269,P2061,L101,SH1,6,119361.95,0.12,10284.88
O8651,2024-07-06,C1033,P2019,L116,SH13,2,99459.62,0.09,26176.23
O6751,2025-10-31,C1490,P2067,L116,SH22,3,9414.17,0.0,3138.51
O6305,2024-12-05,C1418,P2021,L110,SH19,6,131810.97,0.19,32789.53
O11777,2024-08-19,C1266,P2039,L104,SH1,4,47053.78,0.16,3880.77
O11030,2025-04-26,C1481,P2032,L111,SH10,3,90835.81,0.08,24664.76
O5541,2025-03-25,C1030,P2023,L116,SH19,3,5845.88,0.06,2163.64
O10060,2025-07-15,C1192,P2094,L116,SH10,2,2083.85,0.12,545.78
O8011,2025-07-24,C1334,P2060,L110,SH6,3,3071.09,0.26,452.56
O6155,14/09/2025,C1411,P2088,L108,SH4,4,16774.9,0.05,5943.25
O6445,2024-08-21,C1291,P2088,L110,SH7,1,2281.15,0.19,646.62
O5172,2024-01-06,C1242,P2013,L105,SH9,4,169925.61,,67219.54
O9961,2025-05-02,C1364,P2073,L117,SH7,-2,₹8526.92,0.06,2832.23
O6074,2025-04-09,C1052,P2044,L101,SH4,1,11319.07,0.15,1277.96
O10674,2025-07-10,C1076,P2001,L104,SH19,2,2629.62,0.17,755.41
O11615,2025-11-25,C1106,P2080,L107,SH11,1,699.21,0.09,192.69
O7971,2025-05-17,C1280,P2001,L105,SH7,4,215747.65,0.0,43506.49
O11744,2025-03-15,C1447,P2059,L114,SH8,1,19256.3,0.21,2737.42
O10098,2025-09-19,C1018,P2096,L111,SH22,4,2441.29,0.14,753.94
O11004,2024-08-01,C1454,P2080,L107,SH13,2,2246.28,0.41,564.78
O9502,2024-07-05,C1493,P2078,L114,SH1,6,16842.13,0.22,5331.78
O6221,2024-11-01,C1197,P2062,L114,SH1,6,63194.86,0.28,4357.27
O8160,2024-05-05,C1178,P2073,L108,SH10,3,2413.5,0.18,1069.62
O9623,2025-03-14,C1131,P2037,L113,SH7,6,61028.07,0.31,5274.75
O11281,2024-05-30,C1272,P2008,L117,SH7,5,61333.68,0.0,23097.38
O5558,2024-10-13,C1252,P2024,L117,SH1,1,21875.09,0.04,7657.02
O11239,2025-03-24,C1163,P2016,L113,SH16,6,267824.21,0.1,93914.01
O5165,2025-09-16,C1280,P2046,L109,SH13,5,51946.21,0.17,7592.48
O9068,2024-06-20,C1398,P2025,L114,SH25,6,₹82085.67,0.04,28593.12
O8263,2025-11-04,C1074,P2039,L106,SH19,1,18057.31,0.18,1432.77
O5639,2024-09-09,C1288,P2079,L117,SH16,3,3816.92,0.16,1157.49
O8845,2024-04-09,C1413,P2059,L114,SH21,1,15101.1,0.13,1142.71
O6605,06/01/2024,C1019,P2042,L114,SH22,4,24199.83,0.17,1907.68
O5713,2025-08-10,C1483,P2091,L110,SH25,3,3891.8,0.15,1028.4
O5599,2025-10-15,C1063,P2033,L116,SH4,6,86033.58,0.18,23408.48
O11656,2025-09-07,C1055,P2025,L107,SH13,4,117915.41,0.16,46815.44
O11851,2025-12-11,C1084,P2093,L103,SH4,6,14001.0,0.05,5080.64
O8612,2024-12-04,C1065,P2040,L104,SH13,5,36306.38,0.2,5257.41
O10769,2024-01-24,C1394,P2017,L108,SH15,6,134766.36,0.16,30935.59
O11657,2025-12-09,C1429,P2079,L116,SH16,2,6950.6,0.12,2812.49
O10057,2024-12-09,C1341,P2011,L117,SH25,2,31869.95,0.0,7596.17
O9494,2024-11-08,C1277,P2036,L115,SH19,2,18686.37,0.08,1616.78
O11759,2025-02-11,C1165,P2093,L114,SH4,1,575.31,0.11,239.14
O5170,2024-04-21,C1357,P2035,L105,SH7,1,11774.54,0.25,1328.34
O7355,2025-05-23,C1359,P2008,L113,SH4,1,13275.92,0.06,3730.76
O8401,2024-11-22,C1215,P2042,L112,SH10,3,41682.17,0.25,5068.32
O11085,19/04/2024,C1229,P2009,L112,SH13,5,158867.04,0.09,34140.94
O9883,2025-08-24,C1456,P2006,L111,SH7,-6,68826.1,0.12,16516.93
O9991,2025-12-21,C1057,P2024,L111,SH19,6,224373.89,0.04,72804.8
O11988,2025-04-01,C1378,P2014,L111,SH4,2,33147.22,0.19,12858.83
O9721,2024-03-24,C1380,P2011,L114,SH10,1,10662.5,0.07,2379.43
O7031,2024-04-20,C1367,P2001,L117,SH19,3,73062.66,,27995.33
O5021,16/03/2024,C1347,P2070,L106,SH19,3,5763.74,0.21,1839.28
O5494,2025-10-11,C1408,P2070,L110,SH22,6,₹5292.48,0.17,2040.03
O10790,2025-08-28,C1069,P2042,L107,SH4,3,17301.44,0.08,1997.22
O11720,2025-01-21,C1036,P2095,L113,SH7,5,18177.26,0.01,5517.86
O5523,2024-06-23,C1311,P2061,L116,SH1,5,24128.99,0.21,2339.76
O9646,2024-09-05,C1324,P2019,L111,SH1,1,9123.16,0.15,3524.13
O5167,2024-10-21,C1246,P2045,L109,SH10,4,11997.93,0.2,1450.5
O9290,2024-04-01,C1497,P2079,L110,SH16,1,1129.3,0.1,424.63
O6824,2024-10-05,C1079,P2010,L111,SH10,1,₹38700.23,0.26,8057.17
O8329,2024-01-03,C1360,P2098,L113,SH1,6,11557.24,0.07,
O6040,2025-05-10,C1284,P2053,L103,SH8,3,3688.86,0.18,431.67
O9363,2025-12-06,C1059,P2080,L110,SH4,2,4195.64,0.27,1263.67
O8552,2025-12-03,C1427,P2062,L107,SH13,1,5863.3,0.21,771.09
O8236,2025-08-14,C1206,P2098,L106,SH4,4,16107.08,0.14,6204.98
O8190,2024-01-14,C1090,P2077,L101,SH10,2,5287.48,0.17,2014.66
O9490,2024-06-08,C1450,P2098,L102,SH13,-2,₹1943.76,0.1,819.65
O10224,2025-11-24,C1212,P2080,L110,SH25,4,8042.19,0.09,2726.8
O10586,2025-06-20,C1324,P2050,L106,SH7,2,24221.45,0.18,2151.26
O10019,2024-08-09,C1348,P2043,L110,SH22,-5,53806.49,0.22,5033.92
O10515,2025-08-05,C1328,P2002,L111,SH25,4,179287.91,0.08,47101.93
O11651,2025-07-16,C1130,P2059,L106,SH16,3,31736.94,0.14,4488.71
O8028,2025-08-04,C1297,P2012,L113,SH1,2,71032.49,0.15,23124.99
O5654,2024-01-31,C1321,P2033,L113,SH7,2,84258.33,0.19,32845.86
O5192,18/12/2024,C1038,P2006,L114,SH1,1,29617.65,0.24,9129.13
O7075,2025-01-18,C1094,P2083,L116,SH10,5,6578.64,0.14,2281.92
O10800,2025-02-21,C1499,P2041,L110,SH19,6,15762.63,0.05,1541.14
O5794,17/07/2024,C1107,P2036,L102,SH16,4,11850.16,0.16,
O6848,2025-07-15,C1423,P2006,L108,SH3,4,37213.9,0.05,14831.06
O7203,2025-07-14,C1398,P2025,L116,SH22,6,71710.51,0.16,20505.24
O9027,30/03/2025,C1455,P2021,L114,SH22,6,89078.03,0.21,19958.83
O5501,2025-09-23,C1249,P2058,L111,SH1,5,63680.47,0.24,7795.2
O5440,2025-08-05,C1214,P2076,L116,SH10,3,₹9611.26,0.09,2751.24
O5141,2025-09-24,C1334,P2027,L114,SH19,5,₹158802.83,0.11,47578.54
O11934,2024-10-24,C1321,P2086,L113,SH22,2,3392.65,0.0,1191.68
O6323,2025-01-21,C1061,P2090,L105,SH10,3,9958.54,0.12,3876.11
O5780,2025-04-14,C1414,P2084,L117,SH19,2,8976.38,0.05,3806.35
O6330,09/03/2025,C1157,P2091,L108,SH4,5,19675.62,0.16,5988.58
O9521,2024-08-02,C1047,P2094,L106,SH4,4,13943.54,0.09,6045.82
O5397,2024-02-20,C1146,P2004,L113,SH1,2,₹16753.5,0.18,5268.16
O10834,2024-04-19,C1337,P2052,L108,SH13,3,40275.25,0.31,
O8437,2024-03-13,C1298,P2042,L109,SH16,3,34988.1,,3501.09
O8725,2024-01-22,C1346,P2085,L105,SH7,3,8736.24,0.0,3344.36
O8276,2024-06-30,C1038,P2059,L114,SH19,5,24735.49,0.08,2251.62
O8918,2025-01-28,C1217,P2003,L104,SH19,6,148396.58,,38361.44
O6461,2024-06-26,C1472,P2039,L110,SH13,5,₹57063.93,0.21,6910.62
O11700,2024-03-22,C1037,P2004,L112,SH13,4,188156.15,,56619.35
O11310,2025-08-09,C1090,P2079,L106,SH1,2,5682.95,0.11,2550.48
O7007,2025-11-14,C1246,P2072,L110,SH22,1,4039.78,0.07,1210.74
O7450,2025-08-13,C1072,P2044,L101,SH7,5,74321.05,0.12,11027.65
O9413,2025-02-01,C1431,P2060,L115,SH22,2,5039.47,0.18,720.18
O5562,2025-04-27,C1135,P2031,L109,SH4,4,168899.79,0.2,45369.74
O5865,2025-11-14,C1023,P2009,L110,SH4,5,8915.64,0.13,1955.21
O9257,2025-10-08,C1434,P2064,L113,SH13,2,19498.93,0.18,2083.24
O7799,2025-02-21,C1456,P2024,L107,SH4,three,8639.16,0.13,2886.77
O9129,23/11/2025,C1477,P2076,L115,SH1,6,17734.69,0.11,7420.32
O11315,2024-07-10,C1333,P2065,L114,SH4,1,9808.67,0.32,1377.23
O8115,2025-05-30,C1421,P2010,L110,SH19,2,82363.03,0.12,28096.96
O11834,2025-06-21,C1496,P2065,L116,SH22,4,15554.73,0.2,1494.45
O5868,2024-04-11,C1124,P2065,L103,SH19,-2,₹36315.83,0.12,4673.56
O5626,2024-11-18,C1154,P2029,L107,SH19,3,6625.95,0.17,2414.42
O11250,2024-10-18,C1191,P2080,L101,SH4,6,9283.12,0.09,3961.25
O11162,2025-03-18,C1426,P2051,L104,SH10,6,46190.28,0.18,4759.35
O10995,2024-11-14,C1044,P2065,L113,SH25,1,7247.65,0.24,609.85
O9540,30/01/2024,C1471,P2089,L115,SH1,2,771.61,0.14,323.92
O6943,15/05/2024,C1209,P2091,L111,SH25,2,7958.78,0.16,3134.35
O9147,2024-10-21,C1496,P2084,L106,SH22,2,2602.67,0.02,771.34
O11498,2025-05-11,C1140,P2049,L104,SH10,6,33017.81,0.18,4591.58
O8777,2025-07-02,C1221,P2077,L111,SH25,3,1358.79,0.17,346.16
O9966,2025-04-29,C1011,P2043,L105,SH26,5,4656.39,0.26,354.9
O5388,2024-11-14,C1011,P2044,L110,SH19,6,34129.75,0.25,3557.88
O8248,2025-10-22,C1348,P2015,L111,SH4,1,27353.59,0.08,10195.76
O5188,2024-07-26,C1058,P2008,L117,SH10,5,160697.7,,36955.73
O11849,2025-04-15,C1473,P2068,L116,SH13,5,8973.37,0.17,3979.83
O8477,27/01/2024,C1250,P2058,L110,SH25,2,29031.36,0.22,2077.53
O8673,2025-08-04,C1190,P2054,L109,SH1,2,31145.16,0.14,2014.47
O7552,2025-05-05,C1271,P2033,L108,SH22,5,98034.96,0.01,28039.64
O7619,2025-07-29,C1045,P2065,L110,SH7,6,96201.76,0.11,11825.26
O10342,2025-05-25,C1338,P2085,L110,SH7,1,1780.05,0.21,689.6
O11912,2025-06-04,C1367,P2067,L115,SH25,1,2689.67,0.2,985.77
O7249,2025-07-05,C1028,P2067,L106,SH1,three,3764.37,0.15,1542.6
O6941,24/01/2025,C1294,P2003,L110,SH13,1,11450.02,0.06,3366.58
O5723,2024-09-01,C1237,P2052,L114,SH10,4,44943.49,0.29,4913.02
O8044,2024-04-19,C1283,P2090,L111,SH1,6,16322.5,0.07,6322.09
O8810,2024-01-17,C1329,P2014,L111,SH1,6,134369.35,0.04,45237.32
O9777,2025-05-08,C1432,P2082,L115,SH21,3,9366.02,0.0,3360.51
O10309,2025-05-31,C1498,P2079,L111,SH10,4,4633.46,0.06,1425.27
O11153,2024-12-31,C1133,P2035,L109,SH19,6,36501.71,0.32,3296.64
O9469,2024-01-13,C1015,P2093,L106,SH22,3,6209.96,0.02,1737.05
O5027,2024-11-12,C1322,P2013,L102,SH10,6,228065.25,0.13,47134.91
O10816,2025-03-09,C1151,P2093,L113,SH22,3,5843.36,0.03,2231.26
O8271,2025-02-24,C1142,P2092,L113,SH4,2,1936.78,0.12,560.73
O10656,2024-05-22,C1441,P2088,L112,SH10,5,3863.46,0.15,1306.22
O5502,2025-03-14,C1291,P2047,L111,SH1,6,22843.44,0.22,2014.55
O10492,2025-07-29,C1478,P2054,L110,SH18,6,₹137348.95,0.07,17323.61
O8608,2025-06-08,C1113,P2082,L101,SH10,5,7603.3,0.1,2629.09
O9155,2024-09-10,C1272,P2001,L111,SH13,2,93319.37,,26319.74
O9204,2024-05-26,C1006,P2006,L107,SH9,6,191047.07,0.06,38816.91
O5086,2024-09-15,C1348,P2050,L110,SH19,2,32599.55,0.11,3882.31
O8242,2024-04-25,C1352,P2082,L101,SH19,4,6182.45,,2504.0
O10268,2025-05-14,C1069,P2076,L117,SH10,6,28994.74,0.03,9962.71
O7293,2024-05-06,C1040,P2040,L103,SH25,3,56435.87,0.14,6633.24
O8979,2024-02-23,C1238,P2096,L108,SH1,2,6825.47,0.2,2710.4
O11067,2024-04-13,C1442,P2033,L106,SH4,1,₹37301.74,0.01,9769.46
O10977,2025-01-24,C1434,P2024,L108,SH7,2,31819.43,0.22,8207.53
O7474,2025-03-12,C1347,P2046,L115,SH10,1,12475.73,0.3,1417.92
O9880,2024-07-12,C1264,P2008,L101,SH22,2,13097.45,0.16,3802.68
O5299,2025-10-05,C1180,P2093,L107,SH22,6,20977.52,0.09,9103.8
O8753,21/04/2024,C1064,P2099,L115,SH10,4,14949.73,0.17,6071.71
O9686,2025-08-31,C1122,P2022,L104,SH22,4,97834.3,0.15,34389.95
O6098,2024-07-26,C1019,P2027,L108,SH4,3,60105.9,0.22,14838.76
O6471,24/02/2024,C1380,P2075,L117,SH19,6,19587.07,0.1,6919.19
O10952,2024-10-15,C1002,P2091,L116,SH16,3,₹8863.64,0.14,2430.53
O7763,2025-04-30,C1208,P2005,L117,SH16,4,52142.56,0.0,12148.94
O9302,2024-06-23,C1019,P2036,L101,SH13,1,18719.35,0.19,1574.76
O9165,2025-05-14,C1022,P2023,L117,SH4,1,₹17293.55,0.05,5827.15
O8962,2024-06-08,C1274,P2055,L106,SH4,2,4604.58,0.05,298.98
O7516,2025-08-23,C1038,P2028,L104,SH4,3,142384.88,0.04,56789.39
O6998,2025-08-18,C1179,P2090,L103,SH1,4,17822.3,0.0,6270.42
O6730,2024-06-28,C1087,P2068,L116,SH22,1,2390.02,0.09,779.08
O7325,2025-08-09,C1402,P2071,L113,SH4,2,4194.72,0.02,1390.07
O7570,03/09/2024,C1008,P2083,L111,SH25,-4,13443.15,0.0,3692.38
O8836,2025-03-06,C1186,P2034,L112,SH10,3,40333.09,0.13,2934.6
O11306,2024-09-16,C1141,P2092,L113,SH10,4,16654.37,0.08,
O11655,2025-04-15,C1274,P2064,L116,SH10,1,575.29,0.29,71.77
O10398,2025-07-23,C1291,P2056,L117,SH19,1,₹9128.08,0.14,708.08
O8047,2024-03-28,C1210,P2004,L102,SH1,4,31345.6,0.06,7788.15
O6377,2024-12-25,C1439,P2061,L104,SH13,6,108973.39,0.25,15502.84
O9297,2024-03-12,C1261,P2033,L117,SH1,4,81621.21,0.23,30986.4
O8441,2024-06-20,C1262,P2078,L113,SH22,3,4820.06,0.29,1735.15
O6399,2024-12-22,C1247,P2026,L103,SH10,6,181947.02,0.23,60112.55
O5416,2025-05-16,C1390,P2022,L106,SH4,5,206666.72,0.05,73563.12
O5450,2024-04-03,C1019,P2072,L101,SH19,3,11399.01,0.06,5045.59
O8246,2025-04-22,C1401,P2089,L103,SH13,5,14747.42,0.21,4016.15
O7282,2025-08-24,C1100,P2068,L109,SH13,6,9986.43,0.1,3912.44
O10714,2024-12-29,C1499,P2076,L105,SH16,6,18042.65,0.11,6640.02
O5186,04/07/2025,C1213,P2090,L116,SH7,6,23062.96,0.06,9573.91
O6576,2025-03-20,C1384,P2028,L101,SH1,6,26002.24,0.15,8100.93
O11495,2025-03-20,C1366,P2074,L101,SH22,6,19302.36,,8284.75
O8720,2025-02-27,C1125,P2091,L117,SH13,6,29584.65,0.0,9688.02
O11126,2024-09-03,C1309,P2003,L110,SH13,1,6957.27,0.05,
O6403,2025-09-13,C1418,P2041,L104,SH13,3,21146.39,0.3,1648.89
O8757,2024-09-25,C1003,P2092,L106,SH1,5,7056.04,0.14,2757.51
O10339,2025-11-20,C1190,P2005,L103,SH19,4,120486.1,0.19,46635.03
O11183,2024-09-08,C1157,P2087,L117,SH19,6,20826.75,0.03,5804.76
O9301,2024-03-16,C1271,P2014,L104,SH13,1,23152.45,,7287.16
O8817,2025-01-17,C1178,P2077,L103,SH13,3,₹12983.62,0.01,3392.57
O10770,2024-09-17,C1283,P2063,L113,SH4,2,4982.16,0.19,382.49
O5282,2025-06-10,C1149,P2074,L109,SH1,2,8978.51,0.09,3464.45
O8780,2025-04-02,C1291,P2006,L115,SH1,5,56003.11,0.18,
O5257,2024-01-11,C1495,P2056,L104,SH25,5,13382.37,0.16,1070.32
O11463,2025-11-23,C1396,P2053,L109,SH22,5,29222.51,0.2,4337.55
O11100,2025-04-22,C1250,P2064,L103,SH13,5,3864.61,0.23,561.58
O7347,2024-04-06,C1151,P2066,L102,SH4,2,19097.91,0.15,1635.32
O8505,2025-03-09,C1324,P2068,L111,SH16,1,1535.52,,485.43
O11671,2024-04-05,C1217,P2067,L114,SH16,6,20385.64,0.0,5808.09
O5863,2024-03-20,C1218,P2089,L104,SH16,1,442.72,0.09,153.56
O7955,2025-08-10,C1128,P2069,L105,SH19,3,13458.6,0.09,4192.01
O8026,2024-09-02,C1366,P2052,L115,SH4,5,₹57640.67,0.24,6634.26
O7050,11/12/2025,C1221,P2003,L117,SH13,4,69547.23,0.18,21469.02
O6896,2024-03-09,C1060,P2021,L116,SH22,3,28839.69,0.15,7656.24
O8021,2024-10-03,C1138,P2066,L114,SH19,2,18667.11,0.2,2717.05
O5390,2024-07-11,C1374,P2054,L103,SH13,6,59286.04,0.14,8431.0
O7842,2024-06-03,C1294,P2093,L106,SH10,4,12252.49,0.02,3349.89
O5148,2024-11-11,C1264,P2060,L116,SH10,5,53270.9,0.17,3627.98
O11770,2024-01-08,C1207,P2029,L109,SH13,6,86649.33,0.05,19137.13
O6140,2024-12-11,C1216,P2004,L101,SH4,2,87164.49,0.04,29286.56
O6319,2025-06-23,C1043,P2075,L114,SH19,2,5382.49,0.12,2092.17
O9654,2025-05-25,C1116,P2022,L102,SH19,-1,33247.01,0.25,11932.19
O9901,2024-11-06,C1373,P2094,L111,SH13,1,1524.07,,533.98
O11561,2024-03-09,C1128,P2069,L102,SH13,2,2215.37,0.21,587.18
O10745,2025-11-16,C1272,P2083,L101,SH16,6,3929.61,0.07,1763.28
O7688,04/09/2025,C1012,P2084,L106,SH22,6,4533.36,0.07,1752.27
O9141,2024-03-10,C1306,P2024,L114,SH16,5,53414.99,,12095.47
O5098,2025-12-29,C1448,P2048,L104,SH10,1,₹15740.24,0.26,2150.19
O5636,2024-05-15,C1403,P2051,L105,SH19,1,7148.22,0.2,735.03
O7537,2025-05-24,C1315,P2056,L114,SH10,3,24149.56,0.25,2159.42
O10534,2025-12-04,C1495,P2032,L101,SH25,6,274032.49,0.02,101772.79
O9459,2025-04-22,C1326,P2009,L105,SH4,2,59461.0,0.09,14162.52
O8563,2025-08-19,C1449,P2018,L104,SH1,2,75957.43,0.0,29262.19
O11319,2024-06-01,C1017,P2007,L103,SH13,4,158245.55,0.13,44707.24
O10225,2025-07-07,C1490,P2044,L104,SH23,2,40677.95,0.11,3495.17
O9148,2025-09-23,C1027,P2019,L107,SH10,4,104381.7,0.21,25673.42
O7125,2025-11-13,C1391,P2066,L102,SH19,5,77654.04,0.21,9751.78
O10605,2025-03-14,C1039,P2041,L115,SH4,6,38089.41,0.18,3726.72
O11733,2024-09-27,C1136,P2028,L101,SH7,4,136940.09,0.0,42302.7
,,,,,,,,,
O9019,23/06/2025,C1390,P2098,L104,SH4,1,1109.42,0.21,331.82
O6901,2025-03-24,C1224,P2079,L112,SH4,6,17994.9,0.21,6089.56
O11900,2024-07-10,C1382,P2026,L114,SH22,6,171956.98,0.13,44415.76
O7757,2024-12-03,C1290,P2099,L111,SH19,1,2227.82,0.06,564.49
O8164,2024-07-05,C1465,P2002,L113,SH22,1,33348.42,0.0,12452.06
O11605,2024-12-13,C1071,P2089,L109,SH19,6,11275.15,0.31,3752.37
O5757,2024-12-09,C1471,P2084,L109,SH13,6,9861.0,0.0,4047.58
O6646,2024-05-15,C1429,P2088,L107,SH13,2,3656.48,0.0,1191.51
O11582,2024-02-04,C1353,P2065,L108,SH13,4,₹75709.34,0.19,5144.72
O8436,2024-02-26,C1322,P2082,L115,SH10,4,₹13669.25,0.02,4926.92
O8890,2024-06-10,C1080,P2086,L101,SH16,1,3373.08,0.06,1008.32
O5238,2024-09-09,C1396,P2080,L110,SH1,4,13249.08,0.1,3529.65
O7735,2024-09-09,C1295,P2093,L116,SH19,3,5946.78,0.0,2342.0
O9736,2024-05-18,C1296,P2046,L106,SH16,1,1527.63,0.16,211.48
O11137,2025-01-28,C1456,P2001,L110,SH25,3,55489.14,0.06,19540.4
O7273,2025-03-17,C1067,P2048,L117,SH10,1,5079.39,,446.29
O7410,2024-05-16,C1413,P2023,L104,SH7,5,47335.06,0.19,10062.63
O11723,2024-02-09,C1144,P2061,L104,SH4,4,₹35652.94,0.11,4676.44
O7243,2025-12-31,C1359,P2022,L109,SH19,-5,132003.04,0.1,41052.88
O7531,2024-12-25,C1357,P2049,L102,SH10,6,19562.89,0.08,2009.17
O10240,10/05/2025,C1073,P2047,L113,SH1,2,38630.97,0.22,5756.43
O7491,2025-04-23,C1072,P2004,L107,SH22,2,8285.85,0.02,2420.7
O5071,2024-01-22,C1149,P2015,L113,SH22,4,185107.06,0.13,43384.4
O5781,14/03/2024,C1380,P2075,L108,SH22,1,506.98,,141.1
O8783,2025-12-06,C1182,P2005,L105,SH16,1,38024.3,0.02,7641.86
O5646,2025-01-20,C1374,P2019,L101,SH1,3,87284.34,0.11,29040.0
O6459,2025-03-18,C1139,P2019,L107,SH4,1,28216.19,0.14,6098.75
O8082,2024-08-16,C1491,P2057,L111,SH4,1,6190.87,0.31,463.75
O11219,2024-02-14,C1262,P2033,L115,SH10,6,77365.39,0.25,19415.41
O10516,2024-07-31,C1060,P2010,L108,SH4,2,51990.16,0.21,14716.61
O8311,2024-07-01,C1390,P2032,L105,SH22,2,11479.26,0.02,3534.76
O5719,2025-09-23,C1486,P2029,L105,SH1,6,82651.44,0.1,22538.21
O8964,2024-09-16,C1110,P2071,L103,SH16,2,4576.82,0.08,1822.17
O5981,2024-02-07,C1378,P2075,L110,SH22,6,14110.86,0.11,4899.58
O8518,2024-12-09,C1082,P2032,L109,SH10,3,122909.73,0.11,34702.83
O10680,2025-10-25,C1162,P2020,L109,SH1,4,105777.2,0.15,26412.43
O6184,2025-01-19,C1109,P2067,L101,SH10,4,11933.23,0.06,5338.68
O10941,2025-08-21,C1089,P2099,L106,SH19,6,11457.18,0.06,4005.82
O7700,2025-11-01,C1071,P2095,L111,SH22,2,₹5136.66,0.13,1613.49
O8315,2024-04-02,C1312,P2090,L111,SH19,4,₹18100.78,0.07,5908.59
O6591,2024-01-14,C1111,P2071,L108,SH22,1,554.63,0.02,140.88
O11061,16/04/2025,C1492,P2086,L104,SH1,5,21657.42,0.08,6853.44
O11178,2025-05-27,C1454,P2021,L117,SH19,4,62460.79,0.11,15519.46
O5384,2024-04-18,C1299,P2098,L104,SH13,5,14493.47,0.03,3916.11
O8397,2025-02-04,C1295,P2077,L109,SH19,4,1702.19,0.17,656.86
O5983,2024-10-01,C1162,P2071,L103,SH16,1,4011.44,0.11,1337.52
O11048,2025-10-11,C1055,P2090,L111,SH16,4,14615.54,0.16,4467.42
O5482,2024-02-10,C1471,P2080,L108,SH1,4,₹11610.33,0.18,
O10624,2024-06-03,C1104,P2021,L117,SH21,3,72216.54,0.02,17198.86
O11839,2024-07-19,C1382,P2050,L107,SH13,6,59125.13,0.21,5821.81
O9954,2024-06-18,C1496,P2054,L108,SH1,3,25044.5,0.31,2331.34
O8791,2025-09-10,C1388,P2056,L102,SH22,2,38154.04,,4438.19
O5217,2024-08-23,C1079,P2026,L111,SH10,5,109107.14,,40006.59
O7156,2024-12-19,C1081,P2051,L107,SH10,4,8634.74,0.1,542.47
O10201,2025-05-08,C1227,P2054,L116,SH22,2,30444.18,0.24,2326.86
O6489,2024-08-30,C1244,P2042,L108,SH19,4,10992.76,0.18,1530.94
O6892,2025-11-27,C1343,P2034,L114,SH19,3,34618.74,0.21,4768.28
O6571,2025-06-03,C1039,P2042,L106,SH19,5,41901.25,0.06,4224.14
O6691,2025-09-11,C1257,P2086,L102,SH13,3,6031.49,0.1,1726.53
O10851,2024-12-10,C1243,P2056,L112,SH7,6,59214.4,0.31,4386.96
O11345,2024-05-11,C1133,P2017,L104,SH22,3,71562.51,0.16,20376.29
O11623,2024-10-27,C1208,P2003,L106,SH25,4,54768.34,0.2,15056.09
O7970,2025-01-17,C1425,P2034,L102,SH22,5,104890.23,0.13,6647.17
O7469,2024-05-31,C1188,P2058,L104,SH4,3,34075.09,0.25,4707.78
O10410,2025-10-05,C1449,P2025,L107,SH19,6,212648.34,0.12,72325.41
O5430,2025-12-21,C1499,P2026,L112,SH22,4,77760.9,0.17,18046.34
O10970,10/05/2025,C1398,P2027,L104,SH1,3,63706.33,0.17,12930.01
O10054,2024-05-16,C1201,P2025,L111,SH22,1,4885.11,0.11,1594.9
O9041,2024-05-19,C1359,P2018,L116,SH4,4,15962.88,0.02,
O11088,2025-08-11,C1032,P2086,L109,SH13,3,4293.38,0.12,1218.5
O11017,2025-05-25,C1189,P2061,L103,SH19,4,30817.48,0.14,2268.3
O10033,2024-11-05,C1343,P2039,L107,SH1,5,70115.3,0.14,5509.35
O8510,08/04/2024,C1148,P2095,L104,SH13,4,6091.96,0.12,1709.89
O10956,2024-12-18,C1442,P2089,L112,SH19,3,1891.17,0.14,476.16
O9971,2024-06-07,C1145,P2058,L108,SH22,2,3010.28,0.19,247.22
O10378,2024-03-31,C1336,P2006,L106,SH16,5,60437.55,0.09,13280.89
O9579,2025-06-02,C1048,P2080,L104,SH4,3,11538.64,0.05,3990.37
O9228,2024-03-17,C1382,P2053,L105,SH19,3,34775.26,0.32,4817.58
O6232,2024-09-23,C1039,P2071,L109,SH13,4,8538.55,0.01,3677.83
O5852,2024-11-23,C1298,P2008,L105,SH17,2,49191.8,0.06,16659.13
O7976,2024-11-23,C1261,P2059,L109,SH22,2,₹27060.16,0.29,2477.48
O10936,2025-02-20,C1496,P2015,L113,SH1,2,₹105639.43,,40376.04
O5704,2025-06-21,C1232,P2039,L107,SH4,2,13310.41,0.18,933.07
O5945,2024-02-15,C1134,P2015,L111,SH13,6,290793.45,0.1,87192.12
O10285,2024-05-20,C1480,P2069,L110,SH4,4,8778.37,0.08,3704.48
O7062,2025-02-04,C1015,P2025,L112,SH4,6,153394.9,0.0,56338.03
O9136,2025-02-05,C1248,P2074,L116,SH10,6,9777.77,0.1,3323.61
O7191,2024-03-17,C1500,P2068,L112,SH16,1,₹2422.91,0.1,963.65
O10432,2024-04-03,C1014,P2093,L117,SH13,2,1839.98,0.12,608.85
O6785,2024-04-12,C1412,P2054,L113,SH4,4,30401.84,0.19,4411.79
O5938,2025-09-24,C1500,P2034,L108,SH19,6,44277.54,0.37,3646.19
O8333,2025-10-18,C1067,P2094,L117,SH10,1,707.13,0.12,266.35
O7533,2025-02-24,C1216,P2041,L108,SH1,5,111092.41,0.09,13140.64
O5232,2024-11-18,C1337,P2005,L106,SH1,6,₹10800.21,0.23,2607.51
O6010,2025-07-06,C1082,P2003,L101,SH12,6,177282.35,0.11,44013.53
O11892,2024-09-28,C1279,P2085,L106,SH22,5,13786.19,0.2,4364.46
O8241,2024-03-30,C1368,P2090,L108,SH10,-3,9773.45,0.07,2907.42
O11097,2024-04-12,C1392,P2030,L103,SH22,4,109341.57,0.15,43450.51
O7010,2025-01-16,C1331,P2025,L114,SH4,3,14541.15,0.13,4122.38
O9591,2024-10-07,C1297,P2064,L103,SH4,2,26678.94,0.2,2943.99
O7415,2025-07-29,C1165,P2034,L112,SH10,2,26865.18,0.16,2781.75
O11320,2024-03-18,C1326,P2005,L114,SH19,1,14893.04,0.11,5311.42
O10962,2025-04-04,C1080,P2053,L105,SH13,3,27890.87,0.2,3483.29
O9415,2024-06-01,C1199,P2075,L106,SH19,3,₹3487.41,0.09,1370.9
O5517,2024-06-18,C1452,P2018,L115,SH13,2,25952.47,0.06,7861.22
O6924,2025-09-17,C1391,P2063,L111,SH22,6,108011.39,0.23,
O9296,12/10/2025,C1154,P2072,L113,SH22,3,9579.71,0.04,3958.93
O7218,2024-06-13,C1494,P2050,L109,SH4,1,10933.54,0.12,1087.14
O6025,2025-08-02,C1247,P2074,L110,SH13,4,8832.08,0.11,2804.76
O10203,2025-03-27,C1100,P2094,L105,SH16,6,16082.7,,4715.28
O10189,2024-06-08,C1286,P2074,L112,SH4,4,12084.02,0.15,3607.8
O6871,2024-11-09,C1003,P2042,L113,SH19,3,2864.97,0.35,405.29
O9951,2025-04-16,C1340,P2052,L112,SH4,1,9848.43,0.24,1088.7
O11768,29/07/2024,C1072,P2057,L116,SH1,3,14141.76,0.24,1945.05
O5965,2024-03-26,C1323,P2083,L117,SH10,3,5055.35,0.03,1706.03
O11750,2025-05-08,C1428,P2073,L116,SH25,3,12395.14,0.0,3646.9
O7278,2025-06-01,C1263,P2074,L117,SH1,6,₹25474.04,0.08,6483.1
O9535,2024-04-16,C1020,P2038,L104,SH22,1,7599.74,0.3,1120.17
O7463,2025-09-29,C1189,P2055,L110,SH22,3,5261.74,0.26,525.4
O6679,2025-09-21,C1133,P2026,L117,SH7,4,152009.8,0.06,44234.53
O5273,11/05/2025,C1028,P2046,L101,SH19,5,16621.77,0.19,2216.84
O8304,2024-04-01,C1323,P2005,L112,SH19,2,48696.68,0.11,12065.99
O9912,17/04/2025,C1353,P2095,L114,SH1,4,14293.9,0.21,6209.34
O6107,2025-04-28,C1421,P2075,L101,SH4,4,12135.39,0.11,5434.9
O8588,08/04/2025,C1048,P2005,L109,SH13,1,28463.96,0.16,6352.14
O5616,2025-01-04,C1240,P2082,L102,SH10,3,8900.67,0.0,3895.37
O11717,2025-07-10,C1359,P2091,L101,SH7,1,1448.2,0.06,638.28
O8684,2025-02-18,C1405,P2085,L104,SH19,6,21192.47,0.22,7532.29
O11726,2025-04-27,C1014,P2065,L109,SH22,6,75935.08,0.2,11007.69
O8935,2024-08-26,C1194,P2096,L108,SH1,2,1465.41,0.17,387.44
O10623,2024-02-22,C1134,P2099,L101,SH1,1,4091.8,0.09,1307.05
O5580,2025-10-03,C1378,P2037,L115,SH4,1,3203.11,0.17,344.04
O6072,2024-04-08,C1436,P2049,L113,SH19,6,83100.38,0.12,8060.71
O11738,2025-02-01,C1046,P2061,L106,SH4,5,111372.61,0.07,13550.05
O7290,2025-12-05,C1474,P2002,L108,SH19,4,85872.9,0.01,25285.67
O10080,2024-02-10,C1442,P2018,L103,SH13,6,148479.49,0.03,39734.34
O10982,2025-02-08,C1255,P2084,L101,SH19,1,881.81,0.14,328.94
O11479,2024-02-17,C1263,P2039,L108,SH19,4,60720.08,0.22,9017.15
O11102,20/10/2024,C1451,P2007,L101,SH1,1,46066.3,0.15,12632.01
O8151,2025-11-12,C1023,P2070,L101,SH4,5,18441.97,,4991.44
O8494,2025-07-16,C1400,P2037,L109,SH19,5,39762.4,0.24,2889.19
O10654,2024-06-09,C1085,P2038,L106,SH22,6,4624.97,0.18,603.42
O5665,2025-04-30,C1095,P2050,L116,SH4,4,14860.11,0.1,1150.07
O10847,2025-08-08,C1066,P2051,L117,SH13,1,₹3919.11,0.29,522.74
O9376,2024-05-05,C1369,P2099,L107,SH16,3,5407.41,0.06,1527.52
O11441,2025-09-29,C1446,P2014,L107,SH13,2,51564.52,0.16,19521.44
O5081,2025-04-18,C1305,P2065,L113,SH19,1,12617.38,0.15,1840.63
O10300,2025-04-24,C1045,P2004,L101,SH8,2,53166.83,0.03,17750.01
O11773,2025-05-03,C1304,P2023,L103,SH1,3,60158.51,0.06,17582.83
O7508,2024-07-05,C1344,P2083,L113,SH25,4,6010.06,0.14,1556.81
O11418,2025-01-08,C1061,P2084,L103,SH19,2,₹1421.69,0.2,562.17
O11460,2024-07-18,C1353,P2096,L112,SH10,3,11680.64,0.0,
O11983,26/03/2025,C1306,P2082,L102,SH25,5,10728.34,0.04,3929.28
O9584,2024-04-30,C1039,P2049,L107,SH22,4,37237.86,0.1,5033.53
O8812,2024-04-24,C1110,P2021,L117,SH25,1,45608.35,,10410.15
O10381,2024-04-25,C1229,P2065,L104,SH10,6,₹100783.02,0.17,15001.5
O6044,2025-09-27,C1022,P2001,L115,SH1,-1,13070.63,0.23,5155.27
O7924,2024-07-23,C1298,P2039,L115,SH22,2,11629.19,0.18,1584.67
O10101,2025-09-11,C1206,P2097,L112,SH22,1,387.29,0.13,162.93
O9982,2024-07-11,C1459,P2057,L110,SH22,2,7854.72,0.09,547.82
O6462,2024-09-13,C1072,P2088,L107,SH16,-3,2796.0,0.09,1008.96
O8120,2025-05-02,C1373,P2071,L113,SH22,-2,4084.64,0.12,1134.19
O11865,01/08/2024,C1093,P2084,L113,SH10,1,1346.34,0.12,435.31
O5617,23/09/2025,C1407,P2091,L102,SH4,3,3991.97,0.18,1030.45
O7836,2024-01-11,C1238,P2003,L106,SH10,5,₹204334.73,,65953.11
O6382,2025-09-23,C1285,P2051,L107,SH19,4,57055.68,0.13,7677.95
O9163,2024-11-03,C1296,P2051,L110,SH4,2,5512.43,0.23,334.88
O7344,2024-05-15,C1423,P2066,L111,SH10,4,36841.79,0.24,4021.29
O7260,28/05/2025,C1090,P2098,L110,SH13,4,10952.3,0.16,2831.08
O8630,2024-12-18,C1117,P2001,L110,SH4,6,₹210847.09,0.13,83386.48
O11841,2025-11-01,C1331,P2057,L112,SH13,2,25478.61,0.19,2275.55
O5155,2025-04-30,C1020,P2018,L111,SH22,2,₹50369.0,0.14,
O5915,2025-08-21,C1396,P2041,L111,SH19,2,26097.57,0.3,3458.6
O8033,2024-03-25,C1371,P2032,L115,SH7,3,153695.84,0.0,46827.78
O8029,2025-04-12,C1351,P2064,L107,SH19,5,80669.64,0.14,9065.45
O7719,2024-08-19,C1113,P2085,L115,SH1,1,809.19,0.08,349.16
O7480,2024-01-21,C1064,P2033,L102,SH7,5,207863.56,0.0,52493.62
O5371,2024-01-04,C1079,P2007,L112,SH22,6,137485.82,0.06,35596.44
O6296,2025-03-28,C1310,P2071,L107,SH24,6,8150.05,0.04,2475.65
O8157,2024-08-19,C1169,P2092,L102,SH19,5,20155.21,0.07,7380.42
O7297,2024-02-07,C1040,P2012,L109,SH16,2,65024.09,0.16,24153.55
O10858,2025-06-16,C1233,P2088,L105,SH1,5,6038.73,0.21,2425.38
O6957,2025-09-26,C1177,P2094,L102,SH26,6,21628.03,0.07,7267.43
O8422,2025-11-11,C1050,P2073,L115,SH13,4,9658.55,0.04,2966.53
O9822,2024-06-19,C1364,P2048,L109,SH21,2,4836.65,0.06,397.61
O10872,2025-01-21,C1231,P2031,L114,SH19,3,5734.79,0.19,1757.87
O11141,2024-11-25,C1232,P2068,L102,SH10,1,1202.65,0.22,506.67
O7860,2024-06-06,C1242,P2079,L115,SH22,5,18046.06,0.14,5977.76
O5256,2025-07-30,C1332,P2079,L102,SH10,3,13148.68,0.11,5068.74
O9509,26/03/2025,C1128,P2007,L107,SH25,6,295025.06,0.07,69405.29
O11104,2025-07-26,C1066,P2039,L114,SH4,3,16722.42,0.24,1723.02
O8643,2024-07-16,C1434,P2020,L110,SH25,2,4459.02,0.16,917.59
O11359,2024-07-02,C1095,P2057,L113,SH1,2,31284.35,0.33,3886.82
O6290,2024-08-17,C1283,P2016,L106,SH3,6,21513.86,0.09,5327.76
O10380,2025-11-26,C1456,P2050,L116,SH1,4,4906.37,0.15,625.25
O11942,2024-05-13,C1029,P2034,L103,SH22,3,5950.34,0.23,602.52
O5074,2025-06-06,C1399,P2022,L103,SH4,3,98703.28,0.07,30215.14
O9142,2025-03-27,C1244,P2005,L115,SH13,4,180816.17,0.08,52040.08
O7991,2025-08-11,C1382,P2050,L109,SH10,1,7984.76,0.25,610.83
O9692,2024-05-30,C1172,P2024,L110,SH8,1,38332.13,0.19,10588.36
O11702,2025-05-08,C1434,P2073,L111,SH19,2,2358.73,0.04,999.66
O6322,2024-09-05,C1236,P2019,L114,SH19,2,20694.61,0.19,5068.47
O8313,01/12/2025,C1264,P2048,L113,SH19,6,126847.3,0.11,14784.15
O9489,2025-10-28,C1371,P2089,L107,SH19,1,1498.49,0.1,655.44
O9010,2024-08-07,C1386,P2074,L101,SH1,6,16446.74,0.0,4793.61
O7744,2025-06-30,C1223,P2091,L109,SH16,2,8098.13,0.07,3286.79
O11266,2025-09-09,C1190,P2023,L107,SH13,4,14074.35,0.14,5569.95
O11257,2025-07-03,C1007,P2048,L105,SH16,three,7719.0,0.19,685.17
O8184,2024-05-08,C1137,P2051,L116,SH10,3,39159.39,0.22,5094.74
O11165,2024-06-26,C1012,P2088,L116,SH7,1,1780.46,0.1,507.76
O9437,2024-02-27,C1056,P2023,L102,SH13,3,37001.49,0.02,13678.29
O11805,2024-08-23,C1046,P2007,L105,SH22,5,212371.01,0.18,57741.83
O11514,2025-02-14,C1411,P2003,L109,SH4,6,29022.91,0.26,8076.8
O5729,07/11/2025,C1415,P2001,L105,SH16,5,47415.4,0.0,14521.02
O8277,2025-08-25,C1466,P2077,L105,SH25,5,21427.85,0.07,7942.03
O10394,2024-01-29,C1424,P2025,L109,SH10,5,115681.52,0.05,27658.22
O6726,2024-05-30,C1413,P2089,L105,SH10,-6,16482.42,0.14,6952.77
O9897,2025-06-11,C1075,P2087,L107,SH10,2,8807.13,0.0,2970.8
O9344,2024-06-24,C1272,P2062,L102,SH19,2,36528.85,0.21,4089.09
O6336,2024-09-03,C1283,P2026,L102,SH22,1,13992.43,0.12,5531.66
O5546,2025-02-17,C1311,P2025,L115,SH13,5,153223.17,0.05,38646.18
O5628,2024-05-21,C1236,P2046,L105,SH8,2,11973.11,0.17,1677.03
O11682,2024-07-03,C1449,P2082,L109,SH10,2,₹3954.23,0.0,1554.08
O6990,04/04/2024,C1268,P2021,L108,SH16,1,41874.29,0.0,16517.89
O10022,2025-08-14,C1415,P2063,L104,SH19,5,₹12853.95,0.13,1257.38
O6564,2024-06-18,C1051,P2045,L110,SH16,2,6017.06,0.18,
O7551,2024-05-30,C1327,P2055,L103,SH7,2,31410.58,0.15,4484.08
O7247,2025-12-12,C1475,P2012,L104,SH19,6,47211.24,0.05,9950.17
O6013,2024-12-24,C1121,P2096,L108,SH19,5,7815.84,0.12,2996.47
O11587,2024-06-26,C1247,P2069,L103,SH13,5,12651.33,0.11,4856.08
O7261,2025-04-23,C1021,P2065,L114,SH7,6,7061.59,0.18,804.52
O10396,2025-10-15,C1033,P2009,L116,SH13,1,37676.29,0.05,9593.63
O5555,2025-09-25,C1118,P2026,L108,SH1,1,19109.14,0.07,6798.8
O10989,2025-10-29,C1004,P2081,L106,SH19,3,13689.92,0.03,4770.77
O5813,2025-10-04,C1238,P2091,L101,SH16,5,2755.81,0.24,1181.38
O7201,2024-08-11,C1416,P2003,L116,SH19,6,204059.79,0.16,45981.26
O7189,2024-10-27,C1126,P2040,L114,SH10,6,8676.75,0.17,603.83
O7074,15/10/2025,C1371,P2093,L110,SH19,3,4286.35,0.07,1584.35
O6948,2025-11-11,C1321,P2059,L111,SH22,2,5445.07,0.19,386.48
O10237,2024-12-18,C1302,P2026,L113,SH13,3,14530.23,0.06,4385.11
O9298,2024-02-24,C1414,P2014,L101,SH13,1,42665.61,0.16,12424.18
O5404,2024-07-11,C1336,P2092,L110,SH4,5,4576.63,0.16,1844.82
O7802,2025-07-07,C1259,P2095,L113,SH22,3,12036.97,0.05,3087.89
O6754,2025-02-22,C1391,P2052,L102,SH10,3,23861.39,0.15,3161.24
O5660,2024-07-07,C1286,P2069,L104,SH25,1,₹1693.46,0.09,721.29
O9620,2025-07-29,C1141,P2068,L109,SH13,4,6274.74,0.05,2662.5
O6075,30/08/2025,C1007,P2077,L103,SH22,2,6530.73,0.19,1885.57
O10643,2025-10-14,C1152,P2054,L101,SH19,3,8253.04,0.17,689.68
O9030,2025-09-05,C1207,P2057,L117,SH1,1,9458.62,0.15,1363.77
O5910,2024-05-19,C1104,P2021,L109,SH16,6,₹17620.36,,6306.92
O6311,2025-03-14,C1310,P2020,L106,SH19,4,101594.43,0.15,32502.32
O5380,2024-07-16,C1089,P2022,L107,SH25,4,29373.39,0.11,8361.87
O7454,2024-05-25,C1118,P2059,L104,SH10,5,28744.79,0.23,2821.23
O5382,2025-07-19,C1199,P2072,L113,SH13,1,1634.16,0.14,498.81
O5476,2024-12-04,C1434,P2033,L101,SH4,2,50781.56,0.04,19677.8
O7296,2024-03-16,C1309,P2065,L105,SH13,4,20363.25,0.23,1725.82
O5344,2025-03-05,C1144,P2050,L105,SH22,2,10353.46,0.08,1445.54
O10791,2025-05-03,C1066,P2047,L116,SH10,3,30574.82,0.13,2333.81
O7269,2025-10-21,C1003,P2034,L109,SH13,2,6724.31,0.34,977.45
O10160,2024-05-21,C1170,P2027,L113,SH19,2,30115.86,0.18,11295.49
O10458,2024-03-03,C1177,P2075,L110,SH19,6,14135.04,0.13,6311.77
O11026,2024-07-15,C1181,P2061,L101,SH22,1,6186.23,0.11,868.24
O10014,2025-06-27,C1340,P2059,L110,SH10,three,18156.15,0.08,2085.83
O7418,2024-06-28,C1226,P2016,L116,SH1,4,17986.82,0.08,6070.49
O11595,2024-06-03,C1142,P2091,L103,SH13,3,6889.01,,3093.62
O8871,2024-10-29,C1345,P2021,L112,SH25,2,38909.92,0.09,13824.89
O8014,2025-12-20,C1413,P2056,L113,SH25,4,27447.48,0.11,3145.44
O11189,2024-03-17,C1163,P2063,L108,SH1,3,39063.1,0.23,2520.26
O7478,2025-02-16,C1017,P2008,L109,SH10,6,137887.53,0.03,30339.87
O11197,2024-08-26,C1213,P2004,L116,SH25,6,10739.11,0.04,4174.76
O10501,2024-12-04,C1193,P2064,L112,SH1,5,30391.84,0.13,4259.48
O6752,2024-11-06,C1118,P2034,L116,SH19,3,26387.49,0.1,2310.51
O11743,2024-04-18,C1360,P2052,L117,SH4,6,4128.47,0.16,444.93
O10146,2025-06-18,C1210,P2062,L103,SH4,4,₹36712.07,0.16,5345.03
O11689,2025-10-01,C1221,P2014,L104,SH25,4,200269.32,0.04,68973.51
O7932,2024-12-30,C1263,P2073,L104,SH13,3,5721.04,0.19,1977.61
O8507,2025-01-16,C1126,P2093,L103,SH25,2,7384.26,0.22,2110.73
O9045,2025-07-24,C1370,P2084,L107,SH17,4,5818.33,0.05,1477.4
O10399,2025-04-03,C1084,P2033,L102,SH18,6,206628.77,0.16,66293.33
O7471,2025-12-30,C1127,P2007,L115,SH7,3,36330.65,0.12,7845.3
O10007,13/11/2025,C1070,P2064,L113,SH22,6,22781.02,0.22,1416.32
O8291,2025-02-15,C1472,P2005,L112,SH4,4,99819.86,0.17,37519.23
O5874,2025-12-04,C1308,P2095,L110,SH19,-4,18583.61,0.05,6295.96
O11649,2025-04-14,C1239,P2036,L106,SH17,3,4952.75,0.21,358.55
O10660,2025-05-13,C1188,P2006,L106,SH4,2,27429.31,0.08,7666.12
O7986,2025-04-06,C1313,P2005,L112,SH10,1,24111.04,0.08,4857.52
O7017,2024-08-28,C1344,P2035,L107,SH19,1,14341.91,0.18,1906.5
O9032,2024-03-28,C1402,P2025,L102,SH16,6,234835.14,0.07,62338.44
O9708,2025-08-11,C1140,P2054,L114,SH10,2,30684.06,0.27,2545.08
O9689,2025-02-16,C1327,P2086,L102,SH13,4,12411.42,0.08,3656.79
O8153,22/09/2024,C1318,P2005,L109,SH19,2,61016.89,0.0,23355.67
O9480,2025-09-05,C1414,P2059,L110,SH22,3,₹35083.95,0.3,4630.89
O8413,20/08/2025,C1138,P2086,L101,SH19,4,13562.98,0.14,5121.3
O11901,2025-12-25,C1280,P2074,L116,SH22,6,12608.09,0.15,4299.07
O7767,2025-09-09,C1159,P2026,L104,SH13,3,18448.44,0.04,6530.61
O6275,2024-02-18,C1215,P2032,L111,SH22,6,59934.62,0.11,11993.35
O10083,2024-12-20,C1142,P2024,L114,SH25,6,89652.67,0.12,19091.2
O6672,2025-11-22,C1146,P2040,L113,SH16,2,₹35147.25,0.15,2219.0
O7365,2025-07-20,C1173,P2095,L117,SH10,3,9096.34,0.08,3451.64
O8288,2025-09-27,C1152,P2002,L111,SH1,5,266873.62,0.0,88013.02
O9210,2024-11-09,C1116,P2080,L107,SH11,5,21828.2,0.09,8442.75
O8808,2024-09-11,C1104,P2083,L110,SH4,1,2092.39,0.13,780.48
O5878,2025-01-07,C1474,P2022,L103,SH22,4,178196.36,0.17,47707.86
O5966,2024-09-11,C1077,P2017,L110,SH4,5,140055.77,0.05,36287.94
O6994,2025-05-05,C1027,P2083,L108,SH4,2,1082.93,0.09,318.16
O6870,2024-04-07,C1031,P2088,L112,SH25,1,987.13,0.16,437.02
O8287,2024-10-31,C1168,P2086,L113,SH23,2,2269.87,0.0,924.25
O6811,2025-05-31,C1232,P2056,L103,SH19,2,8350.75,0.2,1117.35
O9408,2024-12-03,C1472,P2079,L117,SH19,6,24727.25,0.14,9331.22
O8926,2024-11-04,C1382,P2023,L113,SH19,4,112549.8,0.03,40283.5
O8132,2025-09-13,C1455,P2063,L114,SH10,2,6771.76,0.09,706.05
O5442,2025-11-01,C1024,P2009,L109,SH22,5,78740.44,0.14,26843.69
O9588,2025-02-16,C1007,P2045,L109,SH13,4,74256.71,0.19,10220.66
O9687,2024-03-23,C1494,P2045,L112,SH1,3,41468.72,0.2,5203.23
O9853,21/06/2025,C1284,P2005,L116,SH1,2,3288.75,0.13,808.75
O8412,2025-09-15,C1274,P2029,L101,SH8,2,68037.9,0.21,17390.17
O7112,2025-02-21,C1385,P2033,L117,SH1,1,9698.89,0.07,3603.96
O8739,2025-05-24,C1126,P2002,L114,SH19,5,256239.85,0.0,82235.58
O8658,2025-09-20,C1164,P2090,L101,SH15,6,12965.03,0.11,5257.65
O6193,2024-02-02,C1449,P2074,L117,SH13,6,5276.79,0.11,2160.13
O5670,2024-09-08,C1232,P2059,L102,SH22,1,11883.82,0.11,1136.15
O7043,2025-07-02,C1357,P2073,L113,SH22,1,2555.27,0.25,663.71
O10540,2024-10-13,C1213,P2042,L117,SH19,4,27171.98,0.24,2101.06
O9910,2025-09-02,C1416,P2032,L116,SH10,1,21579.73,0.19,4482.27
O6914,2024-02-13,C1413,P2039,L105,SH19,2,20043.0,0.16,2484.56
O5509,20/04/2025,C1376,P2038,L105,SH13,5,49123.29,0.24,3347.75
O7907,25/05/2024,C1155,P2005,L113,SH13,3,109936.92,0.16,24758.81
O9989,2024-08-26,C1062,P2052,L109,SH26,6,51290.94,0.27,5150.0
O9672,16/12/2025,C1415,P2030,L116,SH19,6,209718.31,0.12,44175.34
O8936,26/11/2025,C1114,P2048,L115,SH25,1,10234.31,0.07,1053.21
O7351,2025-05-18,C1294,P2070,L111,SH13,2,6974.29,0.13,2701.53
O9863,2024-03-12,C1489,P2098,L110,SH1,6,3563.23,0.08,954.08
O5736,2024-05-17,C1079,P2037,L105,SH1,6,5317.47,0.18,629.35
O11374,2024-05-03,C1394,P2001,L112,SH8,5,161764.9,0.09,62839.11
O6304,2025-12-25,C1491,P2014,L111,SH19,4,21280.65,0.12,4848.71
O10053,2024-03-19,C1408,P2032,L117,SH10,1,4083.57,0.04,1288.85
O9908,2025-01-16,C1255,P2064,L109,SH10,6,64390.64,0.27,4906.1
O8648,2024-12-15,C1212,P2044,L103,SH1,1,17977.2,0.2,2566.09
O11154,2024-08-03,C1243,P2050,L114,SH10,2,11050.66,0.17,999.46
O10825,2025-09-10,C1202,P2051,L114,SH10,three,61642.5,0.2,8317.25
O8025,2024-01-19,C1002,P2008,L101,SH13,6,168425.11,0.09,46381.02
O9932,2024-06-22,C1326,P2058,L117,SH1,5,102816.66,0.13,15369.6
O11042,2025-03-16,C1406,P2041,L101,SH13,1,1470.86,0.09,131.09
O8908,2025-10-08,C1312,P2035,L116,SH13,5,85905.46,0.21,7077.45
O5326,26/06/2025,C1158,P2014,L107,SH4,2,95210.18,0.12,27036.18
O7631,2025-01-07,C1172,P2046,L103,SH22,2,41373.37,0.14,3076.15
O9657,2024-03-01,C1316,P2053,L112,SH19,3,45000.09,0.3,5933.71
O8347,2024-05-14,C1462,P2052,L101,SH1,three,₹13847.18,0.17,1827.55
O11513,2025-02-03,C1471,P2096,L106,SH22,3,10328.2,0.17,3535.3
O8456,2024-09-26,C1141,P2091,L109,SH19,5,2876.97,0.05,930.78
O6793,2024-12-05,C1165,P2004,L101,SH21,2,5746.71,,1690.11
O5759,2024-11-16,C1267,P2044,L106,SH4,1,₹11522.82,0.18,1389.1
O7604,2025-06-08,C1483,P2062,L111,SH22,3,₹43710.42,0.03,4390.06
O10391,2024-03-27,C1165,P2042,L101,SH2,4,35954.03,0.3,2686.05
O7622,2024-05-24,C1046,P2080,L117,SH10,5,22766.68,0.07,6612.28
O7598,2025-08-14,C1233,P2081,L117,SH10,1,2585.39,0.13,1097.59
O5822,2024-03-23,C1097,P2059,L103,SH1,1,9023.97,0.12,686.66
O11693,2024-08-03,C1032,P2075,L106,SH2,4,3577.38,0.0,1148.28
O7349,2024-06-23,C1380,P2064,L117,SH2,6,117030.35,0.15,7813.66
O11338,2025-12-22,C1492,P2064,L115,SH10,2,11336.8,0.25,1336.64
O9403,2024-10-10,C1436,P2094,L110,SH26,three,₹10477.24,0.05,4052.58
O10763,2024-06-25,C1165,P2077,L103,SH1,1,₹1947.72,0.11,822.71
O7440,2024-07-16,C1335,P2095,L117,SH1,5,2973.45,0.1,1232.94
O6808,2025-11-15,C1234,P2085,L104,SH16,three,4165.04,0.04,1677.07
O6476,2025-09-19,C1095,P2031,L109,SH19,1,33017.06,0.13,12277.82
O10577,2025-10-07,C1201,P2057,L108,SH4,4,26822.44,0.19,2807.05
O6610,2025-02-12,C1448,P2071,L114,SH16,6,2257.21,0.15,617.38
O7921,2025-04-03,C1307,P2012,L109,SH1,3,76610.49,0.01,19447.5
O8575,2025-02-03,C1270,P2046,L114,SH22,2,24378.01,0.21,2574.35
O10419,2024-08-04,C1176,P2023,L114,SH19,5,₹107919.55,0.06,38844.8
O9292,2024-12-22,C1120,P2009,L102,SH4,1,24891.04,0.1,9697.31
O7595,2025-09-21,C1242,P2068,L116,SH19,4,2466.85,0.16,631.83
O8839,2025-08-21,C1434,P2055,L108,SH26,4,₹25877.44,0.31,1800.8
O10454,2025-03-11,C1317,P2081,L113,SH10,2,6580.24,0.11,2769.75
O8250,23/07/2024,C1048,P2043,L101,SH4,4,80020.61,0.15,10380.59
O10079,2024-02-23,C1466,P2061,L110,SH13,4,81669.69,0.16,10051.25
O5472,2024-01-14,C1495,P2071,L102,SH13,three,6419.08,0.16,1865.5
O8284,2024-02-04,C1490,P2040,L108,SH19,1,17715.76,0.19,2228.61
O7939,2025-10-28,C1149,P2037,L106,SH19,5,36498.14,0.08,3099.57
O6120,2025-03-18,C1067,P2027,L110,SH4,5,192344.13,0.15,64042.62
O9160,2025-07-06,C1398,P2074,L105,SH16,2,6857.64,0.17,2490.5
O8253,2025-06-25,C1082,P2052,L105,SH22,2,7884.51,0.18,
O11256,2024-01-03,C1085,P2065,L111,SH1,2,17563.26,0.24,1598.3
O11646,2025-06-15,C1299,P2051,L101,SH1,5,85084.76,0.12,9073.4
O6575,2024-07-22,C1255,P2037,L105,SH19,6,75635.82,0.22,5142.03
O5185,2024-05-16,C1315,P2029,L108,SH22,3,64998.56,0.2,18914.3
O11620,2025-10-02,C1246,P2027,L117,SH1,1,37247.46,0.12,13692.97
O8434,2024-06-04,C1258,P2075,L101,SH25,5,21883.18,0.02,6468.66
O9503,2025-01-20,C1298,P2027,L109,SH8,1,45966.16,0.07,13936.32
O11970,2025-07-29,C1296,P2023,L102,SH13,4,42798.93,0.04,10690.72
O7941,2025-06-16,C1169,P2082,L112,SH7,5,4073.33,0.17,1440.58
O5992,2024-12-29,C1250,P2034,L111,SH19,3,48352.93,0.17,6252.45
O7041,2024-08-09,C1166,P2040,L115,SH25,2,27234.41,0.13,1866.81
O5291,2025-12-06,C1001,P2055,L107,SH10,2,33755.33,0.26,4705.27
O9993,2025-01-24,C1329,P2070,L112,SH25,4,8729.51,0.23,2975.04
O10652,2024-03-23,C1398,P2016,L116,SH11,3,42660.28,0.06,13437.23
O9841,2025-11-23,C1317,P2013,L115,SH1,6,152300.82,0.1,49508.44
O6686,2025-01-26,C1020,P2019,L104,SH13,6,173554.96,0.0,59890.31
O5748,2024-10-08,C1130,P2017,L109,SH7,5,161144.44,0.32,32686.64
O7239,2024-08-19,C1032,P2085,L115,SH19,6,14995.47,0.23,3843.31
O11963,2024-09-23,C1077,P2052,L114,SH22,6,70863.39,0.28,7308.02
O6507,2025-03-17,C1260,P2029,L112,SH7,1,22993.52,0.15,8192.78
O6410,2025-08-10,C1143,P2092,L103,SH16,3,12031.7,0.11,4022.8
O5726,2025-08-29,C1429,P2063,L104,SH4,4,46284.08,0.24,4132.43
O11794,2025-11-16,C1005,P2047,L101,SH19,5,79663.62,0.27,10967.35
O8736,2024-03-09,C1326,P2055,L117,SH22,3,23286.62,0.16,3459.76
O6692,2024-01-20,C1003,P2053,L107,SH10,3,46749.73,0.21,5570.19
O10909,2025-08-02,C1002,P2055,L107,SH16,5,7200.27,0.13,1052.43
O5674,2025-02-06,C1399,P2075,L105,SH1,4,7828.07,0.15,2662.93
O7922,2024-05-24,C1327,P2028,L112,SH19,6,97201.51,0.07,36428.12
O10842,2025-08-17,C1455,P2021,L111,SH13,4,149715.01,0.1,41697.64
O7711,2024-08-01,C1196,P2009,L114,SH1,3,142408.93,0.05,32083.97
O9092,2024-12-07,C1300,P2063,L105,SH13,3,46517.22,0.24,6413.01
O6495,2024-01-06,C1105,P2005,L105,SH22,1,18248.13,0.12,5138.77
O7459,2025-02-26,C1442,P2076,L101,SH10,5,6306.31,0.13,1736.1
O7340,2024-07-22,C1135,P2009,L107,SH4,3,29992.65,0.19,7390.87
O6441,2024-06-23,C1157,P2089,L108,SH7,3,5437.58,0.02,1434.93
O11697,2025-12-24,C1394,P2091,L112,SH13,2,3945.12,0.01,1718.86
O7408,2024-06-02,C1487,P2038,L114,SH22,6,81539.93,0.28,
O5936,2024-05-13,C1383,P2064,L113,SH7,3,29667.44,0.12,2331.7
O7139,2024-11-17,C1320,P2062,L103,SH10,4,91920.36,0.01,5985.97
O8384,2025-08-11,C1395,P2074,L116,SH22,1,3917.14,0.08,1534.0
O5137,2024-03-21,C1486,P2067,L110,SH22,3,4099.35,0.12,1545.5
O7962,2025-04-06,C1047,P2047,L110,SH10,4,₹45315.99,0.33,3069.49
O5574,2024-11-17,C1083,P2044,L108,SH10,5,32180.12,0.24,2774.64
O9483,2025-11-21,C1088,P2037,L102,SH10,1,7334.13,0.22,608.69
O7455,2025-01-31,C1168,P2070,L112,SH4,1,1666.99,0.08,724.81
O5769,2025-05-24,C1129,P2058,L101,SH1,6,22715.73,0.14,2672.06
O8150,2025-05-22,C1155,P2001,L114,SH4,2,₹102768.09,0.06,36041.54
O11847,2025-05-06,C1497,P2082,L110,SH25,5,9003.62,0.18,3958.88
O10223,2025-09-25,C1172,P2006,L110,SH1,4,176037.93,0.04,50619.29
O7014,2024-03-07,C1355,P2020,L107,SH8,4,₹81966.0,0.1,22580.4
O11023,2024-08-10,C1495,P2054,L115,SH1,4,8110.71,0.22,977.76
O7993,2025-03-05,C1345,P2028,L106,SH22,1,6217.86,0.09,1907.1
O5685,2024-12-05,C1438,P2005,L110,SH16,2,91333.05,0.1,19162.25
O10557,2025-12-15,C1459,P2075,L103,SH16,6,11414.23,0.09,3644.97
O5365,2024-06-15,C1389,P2088,L108,SH7,3,6684.99,0.1,
O8941,2024-10-19,C1351,P2037,L108,SH4,5,100278.78,0.05,12450.37
O8041,12/03/2024,C1272,P2045,L117,SH4,4,34369.69,0.33,4192.91
O7021,2025-02-20,C1165,P2095,L112,SH10,3,2808.53,0.22,927.82
O8269,2025-02-13,C1348,P2003,L108,SH25,5,₹199004.64,0.13,50625.88
O11633,2024-01-23,C1381,P2078,L107,SH10,2,5693.47,,2206.61
O9906,2025-06-07,C1441,P2043,L117,SH19,2,4399.85,0.18,288.54
O9246,2025-01-23,C1289,P2005,L114,SH16,3,82826.04,0.07,28545.46
O10632,2025-02-06,C1478,P2086,L107,SH4,1,1253.91,0.08,412.95
O10292,2024-06-03,C1214,P2089,L106,SH10,4,2098.07,0.07,688.45
O5734,2025-10-02,C1360,P2076,L113,SH10,4,6782.72,0.09,2214.95
O11571,2025-12-01,C1460,P2009,L117,SH22,2,63873.62,0.08,22369.25
O9826,2025-09-01,C1046,P2063,L109,SH25,1,1975.79,0.23,180.08
O8395,2024-03-10,C1030,P2043,L110,SH22,1,8557.9,0.16,551.58
O8614,2025-07-30,C1197,P2023,L116,SH10,2,85979.73,0.04,17452.96
O10347,2024-07-07,C1219,P2022,L116,SH4,2,43339.38,0.0,13570.13
O7954,2024-05-04,C1383,P2096,L104,SH1,1,3048.1,0.0,1241.96
O8063,2025-01-22,C1028,P2040,L114,SH4,1,11805.32,0.16,1714.99
O8052,2025-03-05,C1091,P2019,L115,SH10,4,163005.91,0.25,60381.63
O11169,2024-11-02,C1485,P2099,L116,SH10,5,5789.96,0.21,2410.02
O8298,2024-02-16,C1215,P2012,L106,SH25,6,51017.05,0.09,13606.51
O5444,2025-11-08,C1317,P2013,L114,SH25,6,208339.54,0.14,61748.91
O5862,2025-12-05,C1066,P2089,L105,SH1,1,1168.22,0.19,321.34
O5997,05/05/2024,C1187,P2043,L105,SH10,1,18989.04,0.11,1889.78
O7909,2025-09-15,C1481,P2024,L104,SH22,6,8078.36,0.3,1996.83
O11838,2025-12-06,C1004,P2037,L104,SH13,6,₹98874.38,0.07,9241.69
O7486,2024-04-14,C1196,P2078,L110,SH1,2,4076.34,0.11,1330.52
O7563,2024-02-03,C1169,P2092,L107,SH7,3,₹6143.14,0.06,2757.45
O11880,11/04/2025,C1006,P2039,L109,SH7,4,68389.55,0.23,6382.41
O5521,2025-08-09,C1323,P2066,L102,SH7,5,19375.9,0.11,
O9269,2025-06-23,C1297,P2017,L116,SH16,6,156758.62,0.16,55534.07
O8177,2025-08-27,C1359,P2070,L104,SH1,3,2987.76,0.19,1301.27
O6834,2024-02-08,C1437,P2059,L117,SH22,6,114466.45,0.19,15245.15
O5153,2024-05-11,C1423,P2080,L104,SH10,three,22228.48,0.09,7308.3
O5075,29/08/2024,C1180,P2094,L105,SH1,5,₹3928.05,0.1,1183.1
O11323,01/11/2025,C1438,P2052,L105,SH13,6,95933.03,0.14,9994.53
O9370,30/07/2024,C1157,P2002,L108,SH16,3,128006.6,0.1,32110.18
O6965,2025-04-28,C1049,P2003,L113,SH7,4,32366.78,0.15,8656.92
O5527,2024-04-30,C1020,P2069,L117,SH25,5,3439.0,0.17,1313.28
O7655,13/06/2024,C1168,P2002,L107,SH1,4,103249.0,0.27,37756.97
O5604,2025-05-14,C1275,P2014,L105,SH19,3,37241.41,0.11,14760.08
O10935,2024-03-16,C1484,P2058,L107,SH19,5,56527.49,0.12,3462.42
O7520,2025-05-22,C1185,P2036,L110,SH4,4,14965.39,0.13,1065.7
O10840,2024-07-19,C1380,P2084,L112,SH10,6,24391.59,0.08,9453.34
O9498,2025-06-14,C1229,P2055,L117,SH22,5,54473.37,0.34,5499.07
O6498,2024-11-01,C1041,P2017,L117,SH4,5,33804.34,0.02,10132.6
O5415,2024-11-16,C1171,P2081,L106,SH16,2,₹5774.53,0.13,1449.08
O11207,2025-02-19,C1030,P2020,L116,SH27,3,96833.54,0.04,23056.86
O6029,2024-06-18,C1143,P2083,L103,SH22,3,10630.69,0.03,3873.81
O9347,2025-07-02,C1261,P2039,L103,SH16,3,₹39739.7,0.34,3011.03
O6945,26/04/2024,C1468,P2041,L117,SH4,2,2469.34,0.09,176.72
O10599,2024-03-06,C1166,P2044,L115,SH22,4,16361.58,0.24,1577.89
O9905,2024-12-26,C1305,P2047,L112,SH4,3,35003.23,0.24,4620.18
O7378,2025-10-11,C1096,P2082,L108,SH19,5,21976.7,0.08,8498.5
O11407,2025-04-08,C1160,P2092,L116,SH19,2,8615.52,0.0,3082.9
O9393,2024-01-08,C1305,P2049,L102,SH13,4,67940.88,0.26,5273.45
O7350,2024-04-14,C1048,P2063,L106,SH13,2,25926.53,,2164.84
O6251,2024-06-21,C1312,P2006,L115,SH22,2,63897.79,0.15,24050.24
O11145,2024-12-16,C1195,P2033,L105,SH4,1,32362.32,0.0,10670.78
O8743,2025-02-11,C1261,P2064,L116,SH25,5,86297.78,0.21,6150.78
O10266,2024-11-14,C1072,P2076,L114,SH4,-1,1705.11,0.11,535.63
O7616,2024-08-20,C1451,P2006,L112,SH10,1,47469.9,0.09,17679.64
O11133,09/03/2024,C1117,P2024,L117,SH1,4,172347.84,0.1,63981.59
O11803,21/12/2025,C1157,P2075,L106,SH19,6,26476.46,0.01,7679.41
O5135,2024-05-12,C1328,P2076,L106,SH1,1,2127.14,0.11,919.23
O7814,2025-05-14,C1298,P2072,L109,SH10,6,6185.1,0.13,1582.2
O6181,2025-10-13,C1468,P2080,L104,SH10,1,861.49,0.26,265.88
O8196,2025-06-25,C1024,P2054,L101,SH1,3,10643.01,0.17,1103.97
O8652,2025-01-09,C1493,P2032,L116,SH13,5,₹183682.9,0.02,48272.43
O6585,2024-10-01,C1205,P2034,L102,SH25,1,₹9537.42,0.24,760.18
O6104,2024-02-09,C1061,P2010,L112,SH19,3,82923.46,0.1,22119.96
O8447,2024-05-01,C1367,P2098,L102,SH1,4,2293.55,0.07,842.26
O7566,2025-02-09,C1054,P2066,L103,SH22,1,9398.11,,991.16
O11106,2024-08-12,C1311,P2004,L111,SH10,5,103755.15,0.06,
O9688,2025-03-20,C1006,P2051,L114,SH19,4,63423.97,0.28,8009.16
O9789,2025-06-29,C1195,P2049,L102,SH10,3,9031.64,0.23,985.7
O5335,2025-06-09,C1128,P2046,L113,SH1,1,₹1706.76,0.14,148.31
O5731,2024-04-01,C1156,P2056,L112,SH19,4,45898.14,0.23,5279.85
O10290,2025-01-09,C1469,P2017,L104,SH19,3,91787.07,0.14,28860.26
O6108,2025-04-30,C1117,P2030,L107,SH19,4,46493.91,0.17,14757.2
O9674,2024-09-30,C1381,P2058,L101,SH1,6,25778.82,0.23,2087.83
O8078,2024-02-16,C1302,P2060,L114,SH19,4,62227.72,0.21,4321.5
O11303,2024-09-15,C1247,P2077,L109,SH13,5,5824.48,0.24,2428.89
O7129,2025-07-14,C1214,P2020,L114,SH1,1,27432.28,0.14,10920.38
O5711,2024-10-06,C1396,P2057,L104,SH4,5,18757.64,0.15,1587.41
O7876,2025-10-06,C1334,P2006,L114,SH1,1,28943.51,0.28,10567.4
O8851,2025-12-24,C1296,P2024,L105,SH22,6,309789.14,0.05,98752.05
O11998,2025-05-25,C1044,P2073,L101,SH10,5,22241.15,0.0,6720.08
O9887,2025-02-13,C1467,P2032,L112,SH1,1,17514.24,0.14,6897.29
O11919,2025-01-06,C1379,P2047,L113,SH16,5,6301.48,0.3,739.93
O5127,2025-12-21,C1061,P2034,L109,SH11,6,₹67510.89,0.03,10104.55
O5722,2024-04-19,C1261,P2014,L113,SH10,5,80469.63,0.15,26546.15
O8166,2024-03-18,C1093,P2051,L115,SH10,2,24937.32,0.3,1720.39
O9359,21/05/2024,C1433,P2003,L110,SH22,1,27887.13,0.09,6990.66
O5752,2025-08-14,C1327,P2022,L107,SH21,3,₹115023.06,0.06,30942.95
O6347,2024-12-27,C1035,P2036,L112,SH10,3,6480.97,0.27,493.38
O7312,2025-09-04,C1414,P2022,L113,SH22,4,135121.99,0.14,43881.56
O5834,2024-12-05,C1003,P2095,L117,SH10,5,₹14184.75,0.16,4384.67
O5385,2024-09-27,C1451,P2045,L114,SH22,4,37056.32,0.08,3842.84
O11889,2024-05-19,C1477,P2043,L110,SH1,2,₹7092.26,0.18,896.76
O8458,2024-06-05,C1471,P2090,L104,SH13,1,₹3953.51,0.16,1761.51
O11118,2024-10-05,C1293,P2010,L109,SH19,3,144923.93,0.08,39400.48
O11468,2024-11-09,C1375,P2049,L101,SH16,6,87624.1,0.17,9080.22
O6616,2025-07-04,C1103,P2089,L104,SH22,4,₹7628.97,0.24,2051.76
O7000,2024-07-25,C1262,P2050,L106,SH4,-3,49151.45,0.14,4082.77
O5117,2025-12-09,C1499,P2024,L116,SH22,3,79291.35,0.06,30516.24
O9462,2025-07-23,C1316,P2072,L109,SH22,1,451.46,0.08,152.59
O6879,2025-11-06,C1184,P2008,L116,SH4,5,169241.99,0.14,62249.31
O11203,2024-03-28,C1469,P2084,L111,SH10,5,21511.2,0.12,6543.04
O8045,2024-12-20,C1091,P2081,L111,SH13,1,2936.59,0.02,902.63
O10575,2025-09-14,C1198,P2016,L111,SH4,1,41447.74,0.05,14660.62
O8690,2024-12-01,C1302,P2045,L114,SH10,2,19908.22,0.13,1463.17
O10507,2024-04-10,C1128,P2014,L114,SH19,4,₹51811.44,0.03,13451.0
O6819,12/06/2024,C1392,P2032,L113,SH5,2,62032.71,0.14,17257.49
O10583,2025-11-08,C1296,P2038,L106,SH7,3,34569.73,0.22,2270.36
O8977,2024-09-21,C1101,P2069,L103,SH1,6,22359.85,0.15,6435.52
O11254,2024-12-02,C1280,P2042,L116,SH22,5,33326.7,0.17,2628.73
O11125,2024-03-02,C1091,P2088,L112,SH19,3,7996.36,0.1,2187.01
O6484,26/12/2024,C1033,P2023,L105,SH10,6,206381.34,0.06,64520.91
O9202,2024-12-27,C1404,P2062,L103,SH1,2,₹9699.38,0.29,1101.48
O8943,2025-03-05,C1244,P2050,L115,SH10,2,23726.81,0.17,2024.5
O9108,2024-11-01,C1315,P2055,L115,SH16,1,2857.16,0.17,329.03
O5432,2024-06-01,C1428,P2074,L116,SH4,6,₹23169.82,0.19,9404.75
O6753,2025-04-05,C1425,P2096,L111,SH13,1,1762.37,0.03,639.14
O6148,2024-03-10,C1436,P2086,L116,SH22,4,6290.41,0.19,2338.19
O9837,2024-08-17,C1093,P2056,L110,SH22,4,63708.6,0.07,4150.11
O7695,2025-08-18,C1186,P2008,L110,SH10,3,48531.67,0.04,17112.92
O11406,2024-01-19,C1310,P2066,L108,SH22,5,56834.8,0.14,7251.34
O8318,2025-03-18,C1465,P2065,L102,SH22,5,41562.33,0.34,4384.95
O5638,2025-07-26,C1391,P2018,L116,SH19,2,21535.88,0.11,6009.88
O5342,2024-10-13,C1110,P2024,L109,SH19,-5,114127.25,0.1,26218.03
O11504,2025-09-11,C1143,P2026,L108,SH25,1,5945.25,0.14,1569.65
O5800,2025-04-27,C1457,P2029,L103,SH10,2,55764.14,0.15,11758.87
O9033,2024-10-14,C1328,P2020,L106,SH24,6,52086.63,0.06,15879.4
O11945,2025-03-31,C1008,P2099,L114,SH7,3,12940.59,0.11,4160.98
O10003,2024-01-27,C1339,P2021,L114,SH22,6,235278.75,0.07,
O8984,2025-01-04,C1316,P2095,L114,SH10,3,9285.1,0.04,2884.1
O10827,2025-05-27,C1189,P2050,L114,SH25,1,15517.69,0.07,1273.2
O6838,2024-08-02,C1135,P2099,L106,SH25,3,7481.87,0.16,3162.56
O8897,2024-02-06,C1137,P2024,L106,SH10,4,130376.04,0.08,30625.32
O5431,2024-12-04,C1467,P2027,L116,SH4,1,14046.03,0.0,
O11869,2025-06-03,C1102,P2086,L113,SH19,6,10373.03,0.17,3139.37
O6677,2025-07-01,C1191,P2061,L111,SH1,three,75868.54,0.22,5314.63
O5047,2025-09-21,C1232,P2065,L108,SH19,-5,8229.98,0.11,1073.93
O5891,2024-11-24,C1347,P2046,L110,SH9,-3,5281.72,0.23,597.58
O6145,2024-03-09,C1320,P2048,L102,SH19,-4,69351.78,,6727.03
O6607,2024-04-17,C1285,P2095,L103,SH4,1,2193.15,0.07,582.28
O11580,12/10/2025,C1068,P2090,L106,SH22,1,1955.05,0.26,760.74
O6418,2024-01-30,C1432,P2048,L104,SH4,1,4728.07,0.24,634.94
O9609,13/12/2024,C1012,P2043,L111,SH10,3,₹45270.56,0.16,3814.73
O11566,2024-07-17,C1446,P2040,L115,SH17,5,10239.5,0.13,704.42
O6102,2025-03-28,C1196,P2004,L106,SH13,1,13587.55,0.03,4471.27
O6390,2025-04-15,C1444,P2014,L104,SH7,3,118052.89,0.23,26507.23
O7338,02/10/2025,C1409,P2012,L116,SH1,2,91382.65,0.0,35142.64
O5768,2024-09-22,C1330,P2014,L115,SH22,6,36674.99,0.13,7869.86
O8558,09/09/2024,C1383,P2010,L102,SH4,3,48280.73,0.06,10834.14
O9491,2025-11-09,C1178,P2079,L116,SH10,3,12520.07,0.11,3151.68
O5078,2024-06-03,C1166,P2081,L111,SH22,3,₹6178.42,0.15,2124.04
O6099,2025-01-18,C1218,P2049,L106,SH4,3,18582.15,0.11,1256.68
O8674,2024-04-05,C1134,P2080,L112,SH12,1,3936.43,0.14,1716.7
O11941,2025-08-05,C1089,P2004,L110,SH16,3,84800.0,0.16,17236.05
O11703,2024-07-22,C1310,P2058,L117,SH25,5,4427.6,0.19,605.94
O7370,2025-05-21,C1369,P2081,L115,SH19,2,5517.74,0.14,1922.9
O9899,2025-06-24,C1240,P2088,L114,SH1,3,10209.78,0.15,3902.96
O11087,2025-07-10,C1225,P2095,L108,SH1,4,3172.37,0.18,934.79
O5403,2024-12-10,C1056,P2062,L103,SH16,3,64514.86,0.13,7590.4
O9005,2024-05-17,C1322,P2046,L114,SH19,5,28539.34,0.07,3147.83
O11180,2024-05-19,C1448,P2058,L116,SH10,5,80666.27,0.07,5415.84
O10799,2024-12-14,C1302,P2023,L117,SH4,2,27094.68,0.06,8915.31
O8343,2025-02-19,C1391,P2043,L113,SH19,3,10894.86,0.21,818.3
O11194,2024-04-26,C1339,P2011,L101,SH16,4,135936.3,0.15,41084.23
O10957,2024-05-24,C1140,P2017,L112,SH10,4,153105.66,0.2,41009.92
O7884,2025-11-18,C1167,P2029,L109,SH10,6,141250.61,0.05,46230.25
O10894,2024-01-12,C1258,P2042,L111,SH22,6,118451.38,0.01,15146.05
O11870,2024-06-22,C1160,P2069,L112,SH4,6,12202.99,0.07,4596.87
O10556,2025-10-02,C1433,P2056,L111,SH1,6,46576.54,0.14,6051.45
O11095,2024-08-09,C1052,P2042,L108,SH7,4,70661.01,0.06,7077.57
O8965,2024-11-05,C1134,P2059,L110,SH13,5,76023.13,0.27,4579.61
O9330,2025-06-27,C1071,P2017,L103,SH1,4,99668.37,0.19,37451.12
O10404,2024-12-05,C1231,P2055,L110,SH10,1,2172.49,0.17,306.22
O5234,2025-01-28,C1460,P2070,L111,SH19,6,22092.07,0.05,
O8178,19/05/2025,C1396,P2070,L116,SH13,5,2539.83,0.14,885.24
O10587,2025-10-25,C1400,P2040,L101,SH16,5,24359.53,0.18,2803.06
O9082,2024-07-13,C1004,P2010,L109,SH13,2,8042.73,0.0,2361.5
O7545,2024-11-14,C1356,P2085,L116,SH19,1,1953.75,0.13,786.89
O11814,2024-10-03,C1155,P2069,L116,SH1,-5,13948.93,0.1,3606.99
O7772,2024-11-12,C1238,P2051,L110,SH10,4,52017.07,,6690.77
O9834,2025-05-07,C1293,P2012,L111,SH1,4,50734.39,0.06,16858.84
O9882,01/10/2025,C1382,P2067,L111,SH10,3,6427.08,0.21,1949.95
O8695,2024-07-28,C1078,P2066,L111,SH4,4,14763.79,0.2,1983.01
O8623,2025-05-27,C1063,P2030,L106,SH17,1,3485.18,0.11,1067.61
O8081,2025-01-08,C1421,P2068,L111,SH1,2,9275.63,0.0,3485.2
O7468,2024-02-13,C1083,P2055,L117,SH19,6,67074.33,0.2,7144.53
O6335,2024-03-07,C1145,P2021,L104,SH16,2,₹23877.16,0.07,4827.85
O8789,2024-04-23,C1464,P2024,L112,SH16,2,73181.71,0.05,22299.53
O10581,2025-11-01,C1065,P2085,L109,SH19,1,3683.29,0.09,1049.84
O9585,2024-03-19,C1492,P2083,L117,SH19,6,₹4019.13,0.19,1786.44
O7147,2024-04-20,C1460,P2051,L116,SH22,1,5960.9,0.18,514.0
O8861,2025-10-09,C1040,P2064,L107,SH25,3,47824.43,0.21,6545.92
O5993,2025-09-10,C1459,P2020,L117,SH10,4,132850.28,0.11,45339.28
O11340,2025-12-25,C1220,P2064,L110,SH15,4,6557.55,0.22,981.93
O10067,22/03/2025,C1155,P2090,L110,SH22,4,11678.56,0.1,4094.96
O9051,2025-03-15,C1106,P2087,L104,SH4,5,21488.59,0.07,8036.36
O11473,21/06/2025,C1480,P2050,L101,SH4,4,₹8265.17,0.16,1153.78
O8609,2024-10-29,C1315,P2021,L113,SH10,2,30229.76,0.05,8826.07
O8167,09/03/2025,C1370,P2052,L105,SH16,2,37393.11,,3165.93
O11866,2025-08-29,C1364,P2052,L106,SH10,1,17232.52,0.15,2063.72
O6026,2024-05-21,C1428,P2093,L105,SH13,6,14208.39,0.13,4861.93
O5102,2024-05-20,C1333,P2043,L105,SH10,6,7253.14,0.3,1034.05
O11810,2025-04-24,C1153,P2009,L114,SH7,6,169796.79,0.11,55259.25
O7543,2025-12-12,C1118,P2007,L101,SH4,1,50330.33,0.02,14349.13
O6518,2024-10-13,C1362,P2080,L116,SH19,2,1308.67,0.14,565.88
O8220,17/02/2025,C1348,P2050,L108,SH1,3,32361.31,0.24,4298.3
O9040,2024-09-30,C1456,P2056,L116,SH13,6,₹98026.99,0.3,13157.44
O9327,2024-05-10,C1437,P2052,L116,SH4,1,4335.82,0.22,623.9
O5016,2025-10-10,C1047,P2056,L104,SH7,6,87744.06,0.18,6058.35
O7627,2025-04-03,C1020,P2096,L114,SH19,3,3447.71,0.11,1239.77
O11782,2024-02-03,C1051,P2014,L104,SH16,three,64232.22,0.12,16609.18
O10819,2024-08-25,C1389,P2031,L111,SH19,4,160262.43,0.23,46902.27
O8821,2024-10-05,C1025,P2031,L102,SH7,3,4985.82,0.15,1775.82
O11886,2024-11-04,C1303,P2011,L103,SH1,2,90786.18,0.16,20826.08
O5687,2024-02-06,C1091,P2059,L112,SH13,4,10382.43,0.15,902.61
O10992,2024-06-26,C1079,P2077,L107,SH22,2,1839.32,0.1,626.66
O11025,13/11/2024,C1210,P2052,L111,SH5,5,₹99852.07,0.12,8844.21
O5513,2024-02-10,C1241,P2059,L102,SH22,5,96894.58,0.21,8639.74
O7621,2024-10-12,C1177,P2017,L109,SH13,6,262323.59,,92652.22
O9337,2025-04-10,C1454,P2082,L113,SH19,2,8175.44,0.11,2329.68
O8139,2024-02-10,C1205,P2025,L115,SH1,3,127934.93,0.13,43120.49
O6368,2025-09-07,C1097,P2054,L106,SH1,6,₹53062.88,0.11,4846.11
O8941,2024-10-19,C1351,P2037,L108,SH4,5,100278.78,0.05,12450.37
O8776,2025-11-03,C1210,P2099,L107,SH1,6,23261.03,0.08,6986.79
O5453,2024-04-26,C1337,P2047,L115,SH4,3,8431.8,0.11,1005.93
O6205,2025-09-05,C1383,P2086,L102,SH22,1,1629.2,0.13,570.99
O9453,27/05/2025,C1045,P2019,L117,SH1,5,132430.38,0.22,51740.44
O8633,2025-09-21,C1007,P2095,L104,SH4,6,9822.24,0.07,3942.52
O9573,2025-12-29,C1280,P2083,L117,SH10,3,₹1952.33,0.1,636.4
O11755,2024-08-16,C1378,P2029,L105,SH13,2,7084.88,0.23,1851.93
O5836,2024-11-11,C1348,P2071,L104,SH4,4,2035.68,0.01,760.33
O9571,2025-05-29,C1045,P2090,L107,SH1,3,2353.45,0.0,693.7
O9397,2025-04-22,C1296,P2077,L105,SH10,6,5089.59,0.04,2195.0
O5107,2024-09-03,C1220,P2001,L112,SH19,1,28827.46,0.1,6845.45
O5454,2025-07-14,C1182,P2082,L110,SH7,2,4929.99,0.12,1924.76
O7826,2025-12-05,C1121,P2090,L112,SH22,5,14125.8,0.04,5812.32
O7298,2024-02-13,C1267,P2069,L114,SH10,2,7673.27,0.09,2885.88
O7333,2024-11-25,C1042,P2038,L103,SH7,6,₹9388.96,0.26,907.92
O7680,2025-06-21,C1109,P2094,L105,SH13,5,17662.87,0.08,4649.0
O10351,2025-03-16,C1130,P2082,L109,SH13,1,2314.46,0.0,627.38
O6448,25/04/2024,C1171,P2067,L116,SH19,1,1444.71,0.12,511.23
O10967,2025-12-27,C1210,P2065,L109,SH1,6,96045.76,0.22,14095.13
O5693,2024-07-17,C1120,P2091,L110,SH20,1,390.98,0.04,99.62
O8822,2025-11-26,C1209,P2088,L115,SH22,6,11044.05,0.08,4142.48
O9454,2025-06-18,C1157,P2020,L113,SH19,2,8698.46,0.09,2781.31
O8541,2024-05-05,C1107,P2016,L105,SH7,5,207433.95,0.23,58008.15
O5526,2024-06-02,C1268,P2065,L114,SH22,5,71858.15,0.07,5458.92
O5540,2025-02-14,C1020,P2093,L113,SH19,5,₹12574.54,0.22,4453.92
O11093,2025-05-18,C1467,P2069,L109,SH4,3,6821.82,0.13,3036.1
O10689,2024-01-22,C1103,P2099,L109,SH16,5,8210.22,0.17,2390.15
O5589,2024-10-18,C1265,P2098,L109,SH16,4,11095.92,0.18,3954.46
O5332,2024-11-17,C1085,P2058,L115,SH6,4,30210.79,0.29,
O10650,2025-10-16,C1338,P2004,L112,SH13,4,184543.33,0.1,38031.85
O8970,24/05/2024,C1346,P2025,L101,SH10,4,73838.77,0.1,20289.24
O8741,2025-04-30,C1342,P2055,L108,SH13,6,121346.89,0.19,15290.94
O8216,2025-06-30,C1298,P2029,L116,SH1,3,₹13231.33,0.22,4424.45
O9405,2024-05-18,C1464,P2022,L114,SH10,3,65725.13,0.01,23282.27
O10837,2025-02-03,C1334,P2051,L107,SH1,3,11381.71,0.12,1631.02
O6538,2024-12-24,C1023,P2077,L108,SH1,5,3743.93,0.17,1315.57
O8862,2025-02-21,C1209,P2032,L104,SH22,4,48824.88,0.0,10684.04
O6960,26/05/2025,C1381,P2062,L112,SH25,6,43556.3,0.1,4530.63
O7546,2024-03-21,C1200,P2004,L104,SH1,1,10414.8,0.05,3560.07
O7994,2025-01-26,C1019,P2025,L110,SH13,2,48597.24,0.18,10683.78
O6822,2024-11-14,C1327,P2016,L117,SH19,4,94550.05,0.2,33502.07
O11973,2025-08-23,C1452,P2088,L114,SH4,1,2229.69,0.05,606.63
O9424,2025-04-26,C1136,P2047,L109,SH4,1,15508.21,0.23,1085.64
O9770,2024-02-27,C1093,P2014,L112,SH23,3,51318.18,0.13,11805.22
O6405,10/09/2025,C1301,P2053,L110,SH22,3,57424.04,0.08,6779.41
O6993,2024-08-20,C1060,P2098,L109,SH25,1,1380.57,0.08,
O9553,2024-10-20,C1154,P2066,L112,SH19,3,54050.9,0.2,
O9665,24/10/2025,C1264,P2044,L105,SH19,4,12828.58,0.27,1306.57
O11883,2024-06-16,C1255,P2096,L105,SH1,3,3468.68,0.13,1067.99
O5068,2025-03-16,C1062,P2001,L116,SH19,2,₹20491.38,0.06,5656.47
O11037,2024-03-16,C1218,P2038,L105,SH22,3,49993.19,0.17,4901.61
O10783,2024-02-01,C1357,P2032,L103,SH4,6,₹205423.28,0.17,48737.87
O10723,2024-05-18,C1209,P2060,L113,SH10,1,18701.38,0.2,1404.76
O7610,2025-07-27,C1091,P2065,L106,SH12,1,15119.24,0.03,2114.7
O7229,2025-04-23,C1211,P2006,L107,SH4,1,23090.03,0.02,9217.34
O7477,2025-06-21,C1041,P2046,L103,SH17,1,4038.97,0.39,292.58
O11570,2025-06-15,C1192,P2056,L101,SH25,3,32674.23,0.2,2099.37
O10732,2025-12-09,C1498,P2084,L104,SH16,2,7424.24,0.15,3308.0
O8927,13/06/2025,C1390,P2097,L108,SH19,4,12556.47,0.07,4578.01
O11924,2025-10-22,C1209,P2058,L114,SH22,3,₹30605.07,0.22,4001.17
O5967,2024-04-20,C1040,P2006,L117,SH13,6,162544.01,0.06,45935.57
O8820,2024-06-23,C1327,P2045,L102,SH10,4,52845.81,0.13,5563.07
O5406,2025-02-01,C1133,P2054,L113,SH25,2,27570.8,0.26,3100.95
O10692,2024-04-16,C1243,P2092,L106,SH19,4,16670.68,0.08,5844.27
O9266,2025-06-15,C1185,P2011,L112,SH16,1,26283.29,0.17,5485.22
O8430,2025-01-15,C1469,P2088,L103,SH1,4,2968.04,0.1,1224.0
O5354,2024-03-01,C1368,P2023,L111,SH7,1,2672.34,0.0,847.99
O7168,2025-02-08,C1419,P2030,L109,SH6,2,31394.15,0.0,9611.27
O7747,27/07/2025,C1130,P2020,L112,SH22,2,102433.38,0.06,
O7526,2025-10-03,C1319,P2024,L113,SH10,5,107140.02,0.01,27106.99
O10920,2025-01-23,C1126,P2015,L113,SH16,6,12617.16,0.06,4216.95
O7179,2024-06-29,C1183,P2012,L112,SH16,6,104137.57,0.22,24770.16
O9598,2025-06-15,C1494,P2028,L110,SH1,4,180930.64,0.05,64349.27
O5778,2025-05-26,C1033,P2070,L110,SH10,1,2741.88,0.04,1142.95
O9973,2024-08-14,C1439,P2006,L106,SH16,3,25024.02,0.32,5437.46
O9224,2024-08-16,C1463,P2003,L112,SH13,1,39298.18,0.03,10296.6
O6662,2024-05-24,C1497,P2012,L110,SH4,4,165092.46,0.07,48164.52
O7937,2025-08-14,C1175,P2062,L108,SH22,-6,5229.26,0.28,740.11
O9745,2025-08-17,C1261,P2099,L116,SH10,2,7429.92,0.0,2059.07
O10010,25/10/2025,C1289,P2043,L114,SH14,3,46526.37,0.07,5870.35
O9867,2024-08-08,C1045,P2034,L109,SH20,3,52909.31,0.21,5303.99
O8564,2024-06-14,C1156,P2060,L101,SH19,1,18703.08,0.23,1998.76
O5909,2025-05-12,C1409,P2040,L115,SH22,1,11191.26,0.22,1110.75
O8966,2024-01-18,C1135,P2037,L104,SH22,2,40553.41,0.13,5157.07
O10449,2025-05-25,C1015,P2044,L111,SH19,6,63057.54,0.15,6446.41
O9522,2025-03-22,C1484,P2049,L117,SH13,6,111810.92,0.24,7984.4
O5447,2024-10-11,C1165,P2031,L111,SH20,4,14929.8,0.11,3650.95
O7575,2025-12-28,C1307,P2070,L113,SH1,5,7341.93,0.06,2228.72
O6439,2024-07-27,C1254,P2027,L106,SH19,3,49441.99,0.18,12736.18
O8864,2025-09-15,C1215,P2077,L110,SH19,5,10869.88,0.05,3778.38
O8366,2024-03-07,C1049,P2033,L101,SH1,5,115898.26,0.04,27558.26
O11383,2024-06-29,C1497,P2087,L113,SH22,3,9438.56,0.05,3622.77
O11264,2025-07-29,C1320,P2019,L113,SH16,4,127069.88,0.01,48728.06
O9104,2025-12-06,C1248,P2054,L116,SH7,-1,16659.34,0.21,1953.9
O9352,2025-10-30,C1493,P2046,L113,SH1,2,21609.0,0.1,2134.93
O9626,2025-10-25,C1456,P2092,L103,SH13,4,16689.11,0.16,
O10731,2024-08-27,C1336,P2001,L111,SH4,6,242766.43,0.01,57232.67
O5410,2024-12-29,C1336,P2012,L108,SH10,3,₹37116.6,0.08,13892.24
O5960,2024-05-03,C1146,P2083,L105,SH19,3,4628.35,0.13,1898.64
O10372,2024-05-24,C1006,P2018,L116,SH7,3,79246.38,0.12,18803.19
O8526,2025-03-02,C1032,P2080,L114,SH10,2,3525.73,0.01,1069.43
O6503,2024-05-22,C1172,P2098,L102,SH16,6,7152.79,0.11,2956.62
O11237,2024-02-18,C1448,P2084,L106,SH7,-4,13766.6,0.09,4538.07
O6760,2024-04-23,C1190,P2057,L110,SH7,3,26758.62,0.27,3726.85
O11940,2025-12-05,C1087,P2090,L107,SH13,5,3204.86,,1339.6
O11248,2024-01-02,C1360,P2041,L114,SH24,4,53149.38,0.26,6103.13
O7498,2025-06-09,C1485,P2046,L117,SH13,5,80178.59,0.14,6493.05
O6728,2025-02-19,C1370,P2066,L117,SH10,6,64429.31,0.13,9084.56
O7752,2024-05-04,C1162,P2030,L110,SH4,6,188062.71,0.14,49797.46
O9197,2024-07-07,C1059,P2097,L115,SH1,3,10758.92,0.14,3541.84
O5571,2024-10-18,C1295,P2084,L106,SH10,6,₹10126.84,0.17,3895.17
O10414,24/11/2025,C1120,P2041,L113,SH19,1,6342.92,0.31,785.95
O5633,11/10/2025,C1383,P2084,L101,SH10,5,₹16699.73,0.16,5452.42
O11143,2025-04-13,C1157,P2057,L114,SH13,1,8112.41,0.28,993.59
O6496,2025-05-23,C1175,P2024,L117,SH13,5,52525.46,0.1,12684.63
O9387,2025-07-31,C1167,P2095,L112,SH10,5,10674.26,0.06,3354.23
O6455,2024-11-06,C1320,P2072,L106,SH13,1,2507.42,0.05,659.26
O9348,2025-04-24,C1337,P2080,L116,SH22,2,6382.78,0.19,2516.71
O10699,2024-09-21,C1188,P2084,L106,SH4,5,15281.4,,5879.58
O8429,2025-02-16,C1359,P2001,L113,SH25,6,67355.65,0.0,21423.89
O11373,2025-06-18,C1395,P2073,L112,SH13,1,3065.48,,1229.46
O11544,2024-01-16,C1436,P2044,L107,SH7,6,109315.61,0.25,11369.78
O5543,2024-06-10,C1185,P2031,L101,SH13,3,18438.27,0.0,4705.21
O8542,10/02/2025,C1394,P2039,L115,SH3,6,23631.45,0.25,2784.26
O5276,2025-07-16,C1087,P2059,L116,SH10,5,50013.72,0.24,5578.74
O7503,2024-06-03,C1344,P2055,L117,SH19,6,56942.99,0.21,7271.28
O11905,2025-09-07,C1084,P2028,L111,SH10,6,₹229739.75,0.3,63627.89
O8669,2024-07-28,C1396,P2070,L107,SH16,6,27716.51,0.07,8107.17
O8705,2025-05-15,C1100,P2038,L110,SH4,3,15588.03,0.14,1886.2
O8709,2025-06-20,C1152,P2006,L113,SH16,1,45337.1,0.04,10833.49
O5519,2025-05-08,C1213,P2043,L104,SH22,2,26739.26,0.22,2757.14
O5104,2025-03-09,C1111,P2020,L117,SH13,three,6703.65,0.1,1727.0
O6132,2025-12-27,C1006,P2033,L104,SH22,4,196199.29,0.03,52075.62
O9702,2025-02-09,C1281,P2067,L114,SH22,4,12472.28,,4932.18
O10509,2025-05-14,C1247,P2042,L106,SH22,5,41662.19,0.09,4927.96
O6996,2025-05-19,C1010,P2066,L110,SH16,5,6365.93,0.07,791.46
O11914,2025-01-05,C1138,P2044,L116,SH25,three,23657.27,0.19,1545.47
O9552,17/05/2024,C1353,P2081,L113,SH13,1,2601.71,0.13,979.04
O10219,2024-01-04,C1276,P2008,L114,SH4,4,177997.58,0.09,45674.51
O6613,2025-04-28,C1266,P2078,L109,SH19,6,12899.17,0.15,5640.04
O9864,2025-05-09,C1251,P2056,L102,SH19,3,48627.59,0.2,3399.83
O5749,2025-11-05,C1090,P2076,L105,SH16,6,13549.42,0.08,5576.51
O6868,2024-07-24,C1095,P2034,L113,SH19,1,5404.84,0.14,803.74
O6247,2024-04-05,C1041,P2010,L108,SH25,3,30070.64,,6359.41
O9792,2024-04-15,C1285,P2047,L107,SH1,4,30539.52,0.22,3893.97
O7778,30/08/2025,C1026,P2089,L112,SH14,3,7019.72,0.08,1766.1
O9358,2024-01-03,C1179,P2020,L106,SH25,4,89875.26,0.16,18093.39
O9746,2025-11-09,C1114,P2015,L110,SH21,6,103017.4,0.13,29472.76
O8320,2024-08-15,C1315,P2012,L110,SH7,4,20131.06,0.12,4830.21
O5373,2025-02-11,C1243,P2015,L110,SH10,1,23225.11,0.13,8801.75
O7497,2024-11-07,C1476,P2052,L109,SH7,4,41798.53,0.24,3112.51
O8801,2025-03-27,C1361,P2093,L114,SH1,2,2604.23,0.1,1069.73
O10727,2025-03-22,C1335,P2006,L107,SH1,3,103026.22,0.01,28657.38
O7639,2024-06-10,C1447,P2008,L101,SH19,1,40855.45,0.14,14377.41
O10821,2025-06-28,C1410,P2099,L111,SH7,6,23118.74,0.11,7271.63
O11483,2025-09-25,C1082,P2050,L112,SH7,2,31923.57,0.09,2803.7
O8193,2025-09-21,C1021,P2003,L108,SH4,5,27528.04,0.0,9565.02
O5178,2024-12-04,C1140,P2025,L104,SH11,6,53821.38,0.12,15704.16
O10638,2025-01-19,C1199,P2053,L108,SH1,5,38788.68,0.31,5765.0
O10153,2025-10-01,C1052,P2060,L115,SH19,5,63815.59,0.16,8083.0
O6725,2025-05-01,C1291,P2082,L110,SH4,6,18989.64,0.14,7304.47
O6799,2024-05-08,C1426,P2074,L107,SH4,2,₹2564.07,0.09,707.59
O10658,2024-08-21,C1389,P2008,L116,SH22,5,₹249764.24,0.08,56739.99
O10035,2024-02-21,C1073,P2059,L106,SH19,2,26190.49,0.17,2786.7
O7560,2025-05-16,C1341,P2038,L106,SH22,5,19874.36,0.19,1535.23
O6168,2025-10-12,C1179,P2066,L116,SH22,4,50288.96,0.28,6169.5
O6934,2025-01-13,C1177,P2044,L103,SH13,6,13618.6,0.08,982.51
O11520,2024-04-27,C1441,P2096,L116,SH10,3,10029.75,0.06,3674.99
O11610,24/03/2025,C1371,P2001,L108,SH1,5,190290.29,0.05,45986.43
O8837,2025-09-06,C1174,P2050,L104,SH4,2,8590.47,0.19,846.17
O6006,2025-04-01,C1472,P2019,L113,SH22,5,159966.58,0.11,60389.93
O10924,2025-10-03,C1301,P2018,L105,SH19,5,114959.68,0.15,32329.83
O10369,2025-06-26,C1481,P2038,L110,SH22,4,22340.32,0.15,3333.33
O8704,2024-03-15,C1465,P2011,L105,SH10,2,7245.8,0.11,1654.3
O8453,2024-04-12,C1393,P2022,L107,SH1,6,112652.38,0.0,30196.78
O11545,2024-02-24,C1344,P2070,L108,SH10,1,1169.79,0.19,503.3
O9757,2024-10-24,C1157,P2019,L101,SH25,4,110995.02,0.2,32284.03
O5169,2025-05-05,C1474,P2057,L109,SH16,5,24212.85,0.19,
O5011,2024-05-09,C1078,P2064,L102,SH7,4,46121.39,0.11,5217.08
O9851,2025-11-26,C1003,P2072,L109,SH10,3,12297.8,0.03,4363.8
O10055,23/06/2024,C1379,P2023,L101,SH16,3,29503.19,0.05,9636.38
O6651,2024-07-31,C1178,P2083,L110,SH19,6,11251.99,0.05,4992.49
O8189,2024-09-08,C1047,P2022,L106,SH22,5,236360.01,0.07,51393.62
O11225,2024-12-22,C1008,P2011,L115,SH25,5,187081.78,0.11,41565.15
O10016,2024-07-12,C1214,P2082,L116,SH4,6,10931.12,0.12,2996.54
O11900,2024-07-10,C1382,P2026,L114,SH22,6,171956.98,0.13,44415.76
O8163,2025-04-15,C1102,P2010,L116,SH4,1,17309.73,0.04,4748.73
O7324,2025-07-11,C1303,P2098,L112,SH16,1,3196.06,0.09,1076.52
O5817,2025-10-25,C1188,P2047,L106,SH22,2,24348.64,0.15,1607.75
O6684,2024-05-09,C1090,P2011,L104,SH10,3,107822.95,0.11,35213.25
O5031,24/07/2025,C1371,P2087,L113,SH1,3,5685.4,,2320.42
O9050,2024-11-02,C1036,P2020,L109,SH1,3,17117.75,0.14,4473.96
O8603,07/12/2025,C1494,P2056,L102,SH25,5,35255.01,0.12,4951.48
O5200,2024-02-15,C1447,P2007,L108,SH4,three,19798.23,0.14,4887.55
O7337,2025-11-18,C1207,P2098,L114,SH9,5,3792.9,0.24,1052.3
O10084,2025-08-30,C1273,P2076,L107,SH17,6,6870.97,0.06,3089.31
O6267,2025-03-20,C1220,P2077,L101,SH7,4,9078.93,0.13,2782.19
O8479,2025-10-11,C1416,P2020,L114,SH4,5,100558.13,0.0,38872.23
O11068,2024-02-05,C1312,P2033,L106,SH10,3,70505.24,0.06,17463.58
O9683,2024-09-26,C1272,P2047,L107,SH25,2,29384.05,0.2,2114.21
O7464,2024-06-25,C1191,P2037,L114,SH1,2,39321.48,0.17,3248.56
O6535,2024-08-26,C1076,P2080,L102,SH22,5,4632.27,0.0,1193.74
O7568,2024-02-24,C1134,P2034,L114,SH19,3,51132.61,0.18,4035.59
O9978,2024-07-01,C1237,P2010,L103,SH13,4,19286.93,0.19,5873.06
O5807,2025-08-28,C1168,P2056,L108,SH4,4,72045.89,0.24,10247.66
O9103,2025-04-21,C1223,P2014,L108,SH13,1,17778.49,0.18,6188.56
O11807,2025-03-21,C1332,P2067,L104,SH13,3,2326.7,0.0,860.82
O7082,2024-12-11,C1031,P2002,L104,SH10,4,193538.66,0.1,66560.73
O9074,2024-12-22,C1010,P2010,L115,SH1,1,₹32032.87,0.07,6606.71
O10096,2025-07-19,C1038,P2079,L109,SH22,2,3236.31,0.04,1041.44
O10388,2025-05-23,C1229,P2008,L108,SH19,4,100232.38,0.12,28790.03
O10159,25/01/2025,C1432,P2020,L112,SH4,6,224907.45,0.16,66077.64
O9153,2024-10-21,C1272,P2072,L111,SH13,2,5350.21,0.06,2172.05
O8107,2024-08-27,C1169,P2013,L105,SH13,5,₹165933.65,0.0,58577.13
O9506,2025-12-23,C1284,P2052,L105,SH1,4,12166.0,0.24,1739.05
O5168,2024-10-24,C1420,P2045,L105,SH7,3,4145.06,0.24,605.09
O9444,2025-05-17,C1147,P2080,L111,SH10,2,7338.16,0.03,
O11732,2025-07-04,C1084,P2028,L102,SH1,2,3477.1,0.0,915.05
O6917,2024-07-29,C1069,P2093,L117,SH19,2,2665.04,0.13,1046.08
O7886,2024-03-05,C1217,P2076,L110,SH10,4,12219.67,0.22,
O5201,2024-08-27,C1072,P2065,L110,SH10,5,85249.41,0.17,10727.49
O6821,2024-07-29,C1372,P2095,L105,SH13,1,2146.81,0.12,825.34
O7148,2024-05-21,C1426,P2079,L110,SH16,2,1397.47,0.0,518.79
O11952,2024-07-10,C1131,P2090,L116,SH1,6,25113.9,0.12,8025.21
O8774,2024-01-31,C1161,P2031,L105,SH10,3,142638.61,0.0,51675.23
O11906,2024-02-13,C1015,P2099,L110,SH10,3,10913.19,0.18,4228.73
O5142,2025-05-09,C1149,P2083,L110,SH10,3,4350.35,0.05,1790.04
O7095,2025-10-22,C1479,P2073,L108,SH2,4,12847.59,0.11,4373.95
O8076,2024-04-01,C1468,P2007,L103,SH4,2,67058.92,0.25,13846.78
O10138,2025-01-02,C1029,P2088,L112,SH13,2,7078.46,0.0,
O9768,2024-06-04,C1092,P2026,L111,SH4,1,17994.39,0.09,6272.02
O9016,2025-02-17,C1443,P2066,L117,SH10,3,50468.27,0.18,5429.62
O11709,2025-08-22,C1024,P2033,L113,SH13,2,₹85424.61,,32233.59
O9787,2024-12-10,C1024,P2032,L109,SH26,2,42111.0,0.0,13088.26
O8002,2025-04-28,C1022,P2096,L117,SH16,2,7329.42,0.18,2792.63
,,,,,,,,,
O9196,2025-11-26,C1499,P2008,L104,SH4,6,99416.14,0.14,29163.94
O7579,2024-04-29,C1075,P2016,L102,SH4,1,1952.71,0.15,480.37
O7686,2025-09-01,C1423,P2008,L112,SH10,4,49853.84,0.1,18228.33
O5427,2024-11-04,C1106,P2089,L101,SH25,3,5956.82,0.15,
O11589,2025-04-03,C1458,P2020,L106,SH13,4,121209.54,0.16,36772.37
O9157,2025-07-11,C1272,P2082,L115,SH7,2,3828.17,0.14,1476.71
O7030,2024-08-19,C1209,P2089,L104,SH25,2,6090.01,0.09,2075.05
O6791,2025-01-08,C1380,P2086,L106,SH1,1,4443.76,0.0,1208.16
O9986,2024-07-13,C1051,P2007,L108,SH19,2,28084.86,,9968.38
O7870,2025-06-01,C1209,P2096,L103,SH19,5,8857.14,0.09,2416.31
O11045,23/05/2025,C1054,P2097,L101,SH4,6,15308.2,0.12,6422.8
O10192,2025-05-19,C1372,P2025,L104,SH19,6,217848.1,0.08,56113.18
O7161,2024-01-10,C1093,P2054,L102,SH22,3,39082.22,0.19,4847.09
O9212,2025-04-25,C1178,P2023,L117,SH13,2,57683.21,0.08,14102.76
O10244,2025-12-15,C1335,P2078,L102,SH13,1,₹4452.06,0.07,1140.46
O11280,27/02/2025,C1215,P2055,L107,SH10,2,19475.8,0.25,1794.17
O9161,2024-07-26,C1471,P2067,L116,SH13,2,7310.24,0.13,2850.51
O10774,2025-06-11,C1346,P2082,L116,SH24,1,₹2783.05,0.02,1010.02
O5496,2024-08-03,C1281,P2011,L110,SH10,2,73099.61,0.12,27829.7
O9529,2025-10-21,C1440,P2058,L116,SH10,3,43379.66,0.2,2745.48
O7209,2024-08-11,C1351,P2051,L105,SH4,6,₹36413.49,0.19,2553.87
O5320,2024-05-02,C1139,P2010,L112,SH7,2,45374.7,0.2,17260.0
O9114,2024-05-21,C1307,P2032,L113,SH1,4,150618.92,0.13,
O11790,2024-11-29,C1310,P2080,L113,SH1,6,15612.45,0.12,4825.54
O6910,2025-08-08,C1011,P2084,L116,SH25,4,13060.21,0.03,4002.87
O10615,2025-08-16,C1466,P2081,L113,SH13,4,15803.47,0.16,6980.66
O8543,2025-02-01,C1297,P2082,L106,SH13,2,7951.98,0.07,2459.61
O5275,2024-08-13,C1086,P2011,L101,SH19,3,40590.54,0.21,10349.39
O11339,2025-08-30,C1117,P2092,L105,SH13,5,15246.96,0.16,4863.93
O7973,2025-04-09,C1325,P2034,L109,SH4,5,18043.17,0.0,2308.59
O9710,2025-11-06,C1067,P2065,L101,SH4,5,32665.35,0.26,3243.89
O6211,2024-11-27,C1202,P2013,L105,SH1,6,215410.68,0.14,68086.31
O9995,2024-02-01,C1397,P2073,L108,SH4,6,20185.81,0.14,5325.78
O9001,2024-09-25,C1015,P2023,L106,SH10,4,7864.07,0.1,2804.6
O11074,08/03/2025,C1114,P2067,L104,SH4,2,₹7712.18,0.2,3138.67
O7442,2025-10-10,C1075,P2051,L102,SH4,2,6144.52,0.31,452.61
O6596,2025-09-12,C1406,P2051,L107,SH13,5,91779.32,0.15,11989.08
O10524,2025-08-23,C1248,P2037,L113,SH1,4,68034.08,0.26,8773.24
O8431,2024-10-28,C1277,P2065,L105,SH10,3,43623.74,0.26,6097.37
O10361,2025-05-28,C1198,P2028,L104,SH4,6,₹228930.01,0.1,54044.91
O5073,2025-02-09,C1206,P2068,L103,SH1,3,10834.85,0.18,4324.85
O11950,2024-07-31,C1242,P2013,L109,SH13,1,40032.15,,12941.09
O5550,2025-01-26,C1060,P2034,L103,SH25,6,79382.31,0.18,
O11171,2025-09-17,C1357,P2049,L112,SH19,2,25647.6,0.18,1811.2
O5753,2024-06-20,C1387,P2015,L102,SH13,6,₹137415.45,0.13,40571.42
O6869,2025-06-20,C1174,P2058,L104,SH1,5,30967.12,0.12,4308.68
O11627,2024-08-29,C1011,P2048,L107,SH21,3,39383.95,0.4,4300.31
O7854,2024-09-07,C1327,P2068,L116,SH19,4,15047.33,0.11,5329.11
O7479,2024-04-29,C1302,P2004,L103,SH19,4,16823.6,0.0,5344.9
O5887,2025-04-15,C1437,P2049,L115,SH27,3,4210.27,,319.64
O5298,2025-06-27,C1347,P2019,L103,SH4,4,₹125278.88,0.01,40347.8
O10409,2024-06-27,C1363,P2065,L116,SH19,5,96691.96,0.21,14132.35
O8807,2025-10-05,C1303,P2004,L110,SH22,6,₹92062.22,0.0,34897.11
O5057,2024-12-26,C1027,P2037,L110,SH4,6,18652.23,0.06,1970.93
O11240,21/12/2024,C1212,P2020,L113,SH25,2,48158.85,0.21,13451.42
O7064,2024-09-04,C1447,P2097,L106,SH4,4,12621.21,0.0,3881.34
O8407,06/01/2024,C1314,P2061,L110,SH2,2,7187.09,,979.76
O8112,2024-05-05,C1424,P2065,L115,SH19,4,34769.36,0.09,4606.79
O11977,2025-02-04,C1332,P2045,L102,SH10,4,33252.94,0.19,3205.46
O8106,2024-05-20,C1382,P2098,L104,SH10,4,11646.56,0.0,3089.51
O11386,2024-12-23,C1346,P2015,L105,SH4,2,10614.83,0.15,4050.37
O6795,2024-12-23,C1081,P2013,L101,SH1,1,44549.64,0.1,9730.74
O10329,2025-01-02,C1292,P2087,L113,SH19,4,12946.74,0.11,4703.08
O10703,2025-05-20,C1189,P2073,L113,SH13,5,2251.23,0.1,932.72
O5843,2025-08-24,C1374,P2054,L105,SH10,-4,53750.56,0.12,3919.9
O8231,2024-07-28,C1385,P2027,L114,SH25,5,69421.47,0.22,25175.09
O10748,10/05/2024,C1128,P2020,L105,SH10,1,43062.1,0.08,15423.68
O5962,2025-05-02,C1251,P2058,L113,SH4,-4,25686.15,0.12,2929.01
O8362,2025-07-28,C1133,P2006,L106,SH1,4,186956.61,0.08,49437.31
O6777,2024-05-10,C1014,P2069,L102,SH13,3,8220.4,0.05,3624.64
O5958,14/07/2025,C1409,P2008,L103,SH13,3,147843.18,0.06,40845.85
O8729,2024-01-14,C1196,P2077,L107,SH22,1,778.83,0.04,203.78
O8987,2024-02-26,C1137,P2044,L105,SH19,6,54236.28,0.17,6595.09
O10283,2025-03-18,C1063,P2077,L104,SH22,-3,2740.63,0.08,1156.94
O5908,2025-02-19,C1352,P2077,L108,SH4,2,2425.18,0.19,679.03
O11018,2025-12-11,C1443,P2088,L116,SH1,4,13591.02,0.16,5486.52
O11739,2025-07-20,C1393,P2007,L109,SH19,6,₹249939.59,0.19,92123.29
O5745,2024-10-28,C1170,P2054,L112,SH19,6,36030.66,0.23,2276.39
O7070,2024-11-27,C1263,P2030,L111,SH13,3,150108.43,,47014.41
O6606,2025-10-29,C1280,P2064,L111,SH10,5,28621.52,0.12,2905.76
O10280,2025-02-10,C1124,P2043,L112,SH10,2,36353.56,0.24,5171.22
O10588,2024-10-20,C1112,P2069,L115,SH4,1,1734.9,0.0,676.52
O6022,2025-01-18,C1061,P2048,L110,SH1,2,16277.79,0.0,1688.55
O11402,2024-10-02,C1170,P2074,L102,SH21,6,4761.3,0.16,1628.48
O7580,2025-01-30,C1033,P2089,L117,SH4,1,2143.72,0.15,698.6
O10510,2024-05-08,C1365,P2086,L107,SH10,6,22214.56,0.05,8905.56
O7126,2024-12-04,C1035,P2020,L113,SH19,6,₹216636.66,0.02,62385.36
O6114,2025-01-25,C1410,P2078,L113,SH19,4,4768.05,0.11,1564.53
O9071,2024-10-24,C1369,P2089,L108,SH13,5,4376.85,0.1,1399.98
O7902,2025-03-18,C1099,P2057,L110,SH16,6,₹58774.35,0.16,
O11175,2025-01-11,C1417,P2096,L102,SH10,6,19035.56,0.0,6223.76
O10020,2024-06-30,C1303,P2061,L104,SH7,5,32965.88,0.29,4271.45
O10461,2024-11-26,C1472,P2088,L112,SH16,5,12551.19,,3698.86
O7731,2024-05-02,C1164,P2060,L107,SH9,5,₹36614.25,0.34,4187.92
O6143,2024-12-31,C1119,P2028,L104,SH19,3,44556.42,0.21,9044.91
O10270,13/09/2025,C1355,P2006,L114,SH13,6,₹58533.93,0.08,21386.77
O10376,2024-07-01,C1441,P2077,L107,SH4,three,2981.49,0.08,790.74
O9190,2024-06-09,C1444,P2087,L102,SH5,3,8118.34,0.16,2957.27
O8261,2025-10-19,C1323,P2084,L106,SH19,4,5318.2,0.15,2391.4
O6609,2024-06-23,C1454,P2055,L116,SH1,6,88061.61,0.08,9441.35
O7805,2024-02-08,C1239,P2034,L107,SH7,2,14274.96,0.12,1937.58
O6845,2025-12-29,C1102,P2012,L103,SH16,3,₹100474.09,0.0,37716.63
O7569,09/09/2025,C1353,P2009,L116,SH22,1,27369.9,0.21,7939.11
O5508,2025-10-31,C1458,P2070,L116,SH1,5,17648.29,0.11,5703.29
O7928,2025-07-24,C1243,P2065,L106,SH16,5,10426.44,,1371.04
O8267,2024-02-13,C1163,P2018,L110,SH10,3,53056.83,0.13,12970.33
O8636,2025-08-12,C1035,P2017,L101,SH19,6,56170.91,0.07,12206.4
O5212,2024-09-05,C1383,P2097,L116,SH17,2,₹7199.76,0.0,2813.33
O8309,29/04/2025,C1025,P2083,L116,SH22,2,824.77,0.0,253.21
O6250,2024-09-07,C1366,P2055,L112,SH22,6,129770.09,0.13,15508.26
O11562,2024-12-18,C1148,P2010,L107,SH4,4,₹155742.9,0.18,46148.07
O9843,2024-03-05,C1353,P2069,L114,SH10,6,3061.39,0.09,1228.34
O11220,2024-04-29,C1289,P2086,L117,SH1,4,₹7024.56,0.0,
O5089,2024-04-05,C1344,P2090,L117,SH14,1,3371.71,0.0,1128.45
O10562,2024-01-01,C1480,P2057,L105,SH4,6,80524.92,0.21,5042.16
O8929,23/01/2024,C1010,P2093,L103,SH4,-4,₹12926.45,0.18,5429.51
O8093,2025-02-11,C1434,P2059,L109,SH12,6,82262.5,0.19,5083.25
O5101,2024-03-24,C1192,P2031,L113,SH1,6,118999.21,0.08,24470.7
O5015,28/08/2024,C1019,P2080,L103,SH4,6,16252.44,0.18,7056.58
O10979,2024-12-10,C1310,P2017,L105,SH19,2,13215.21,0.07,4709.43
O7672,2025-07-17,C1275,P2048,L111,SH13,5,48729.69,0.31,6126.77
O5940,2025-12-26,C1352,P2028,L113,SH1,1,23180.22,0.04,7404.67
O11991,28/04/2025,C1436,P2047,L113,SH10,1,21444.03,0.1,2933.72
O9205,2025-03-18,C1498,P2082,L102,SH4,6,9734.22,0.09,3316.03
O6423,2025-06-18,C1327,P2058,L104,SH19,4,41788.37,0.23,4680.7
O5249,25/10/2024,C1494,P2051,L111,SH22,2,27132.58,0.27,3173.46
O7838,2025-02-10,C1255,P2033,L106,SH4,5,110801.23,0.09,36740.2
O10861,2024-11-23,C1057,P2084,L101,SH19,6,15319.74,0.1,4163.51
O5708,2025-12-04,C1003,P2040,L102,SH16,4,69944.69,0.18,9685.15
O6023,2024-02-19,C1402,P2076,L114,SH13,2,8759.44,0.07,2724.47
O6992,2025-07-15,C1405,P2051,L105,SH16,2,41425.74,0.0,5521.75
O11467,2025-09-23,C1266,P2093,L105,SH19,5,4821.22,0.08,1572.81
O8194,2024-07-24,C1113,P2032,L112,SH7,3,70955.28,,16711.91
O5202,2024-08-30,C1307,P2099,L111,SH19,5,7957.12,0.11,2217.27
O6083,2024-12-02,C1316,P2039,L114,SH1,4,14181.53,0.25,1430.73
O11028,16/04/2024,C1449,P2005,L104,SH22,2,71918.44,0.04,20884.18
O7782,2024-10-26,C1153,P2043,L109,SH13,1,13185.87,0.3,1155.94
O9801,2025-10-03,C1359,P2046,L114,SH19,1,2317.5,0.06,249.74
O5369,14/12/2025,C1106,P2025,L114,SH21,3,₹85025.89,0.09,32744.72
O8991,2025-03-03,C1208,P2069,L105,SH4,6,21376.36,0.15,9298.95
O5171,2025-10-15,C1343,P2068,L108,SH13,-6,8296.71,0.06,2240.44
O11158,2024-06-10,C1255,P2008,L109,SH16,4,135598.39,0.17,44614.96
O6482,2025-04-24,C1465,P2046,L105,SH3,2,39878.4,0.1,4037.75
O8312,2024-06-13,C1302,P2049,L113,SH1,2,32147.16,0.17,4065.25
O7963,2025-08-21,C1421,P2049,L108,SH10,1,8815.6,0.3,676.46
O9495,2025-05-08,C1479,P2059,L104,SH26,4,63508.64,0.13,9062.47
O10522,2024-09-23,C1083,P2064,L102,SH4,2,23692.2,0.34,2250.32
O11251,2024-02-29,C1426,P2041,L108,SH10,6,34796.98,0.19,2134.03
O11070,2025-08-03,C1176,P2007,L111,SH13,-2,14562.97,0.17,5706.52
O11352,2024-09-01,C1169,P2079,L110,SH19,6,10966.74,0.03,3728.25
O10907,17/08/2024,C1248,P2067,L111,SH19,2,4345.54,0.12,1848.96
O9693,04/09/2024,C1167,P2046,L113,SH1,5,87635.9,0.23,8742.47
O6306,2024-01-22,C1137,P2081,L104,SH13,1,3901.03,0.07,1055.47
O11358,2025-10-15,C1319,P2048,L101,SH22,2,17273.74,0.18,
O8324,2025-09-07,C1010,P2041,L108,SH10,4,78090.09,0.14,9451.31
O6042,2024-03-26,C1291,P2053,L115,SH4,3,49156.62,0.23,5163.36
O6444,2025-05-15,C1497,P2061,L101,SH1,1,18861.42,0.14,1933.88
O9862,2024-09-27,C1421,P2074,L116,SH4,6,4928.65,0.1,1818.31
O9991,2025-12-21,C1057,P2024,L111,SH19,6,224373.89,0.04,72804.8
O9440,2025-09-02,C1302,P2095,L103,SH22,5,5286.26,0.06,
O6733,2024-07-26,C1434,P2068,L108,SH19,1,₹1699.35,0.18,436.0
O6911,30/11/2025,C1231,P2096,L108,SH19,4,10201.29,0.04,3060.47
O8322,2024-09-03,C1176,P2021,L113,SH19,6,61282.82,0.11,13718.83
O7140,2024-02-01,C1079,P2054,L116,SH18,2,12783.77,0.28,1193.16
O9788,2024-01-08,C1262,P2061,L106,SH13,4,81956.44,,
O8432,2025-09-29,C1289,P2040,L114,SH13,2,25625.56,0.09,
O10293,2025-09-08,C1112,P2081,L108,SH1,5,5572.12,0.19,2148.74
O6798,2025-09-20,C1166,P2085,L112,SH10,6,₹15845.03,0.24,4266.74
O7364,2025-06-03,C1367,P2089,L109,SH13,5,₹22588.31,0.07,8576.2
O5328,2024-03-27,C1359,P2048,L115,SH19,4,46940.69,0.21,4951.7
O9726,2024-06-20,C1384,P2001,L101,SH16,2,64400.64,0.02,22996.24
O5277,27/03/2025,C1422,P2047,L102,SH7,6,70669.62,0.16,10535.41
O6977,2024-03-09,C1309,P2094,L109,SH13,6,13621.32,0.08,5523.26
O6612,19/06/2025,C1085,P2019,L110,SH25,3,109868.48,0.04,39614.48
O9513,2025-02-08,C1463,P2063,L102,SH16,3,28049.64,0.14,2488.16
O8798,2025-03-10,C1082,P2002,L102,SH16,2,55125.25,0.14,11949.35
O7036,2025-11-26,C1302,P2062,L102,SH11,3,38070.81,0.0,2392.24
O10348,2025-04-03,C1414,P2019,L111,SH1,6,₹227613.0,0.07,52753.39
O6736,2024-08-21,C1094,P2089,L108,SH1,5,14825.18,0.17,5058.55
O6373,2025-12-19,C1349,P2056,L110,SH4,1,11859.83,0.25,1699.07
O6271,14/02/2025,C1118,P2016,L105,SH4,4,11652.54,0.18,4638.64
O10641,2024-11-15,C1325,P2001,L117,SH13,6,178182.63,0.0,38480.28
O6685,2025-06-20,C1177,P2059,L108,SH10,3,36282.92,0.17,2309.69
O8887,2024-08-23,C1049,P2089,L117,SH22,2,7433.08,0.1,1949.45
O10695,2024-02-02,C1391,P2009,L104,SH10,-5,61649.35,0.21,22921.37
O11670,2025-06-10,C1327,P2059,L111,SH4,4,59452.97,0.15,7286.98
O5613,2024-04-19,C1448,P2005,L107,SH25,6,149971.51,0.09,32956.35
O5823,2025-12-14,C1085,P2036,L104,SH1,5,17302.93,0.21,1272.54
O6326,2025-04-26,C1077,P2098,L106,SH19,3,10200.38,0.11,4076.29
O9105,2024-10-15,C1256,P2019,L102,SH16,5,142706.68,0.07,52674.62
O9546,2024-02-09,C1457,P2071,L103,SH1,3,7104.12,0.18,1800.06
O9766,2025-12-01,C1081,P2064,L116,SH16,4,29564.8,0.07,2194.66
O9236,2025-07-22,C1059,P2050,L108,SH19,4,₹48444.0,0.1,4683.9
O10245,2024-12-12,C1421,P2032,L113,SH25,3,86508.84,0.21,19464.66
O6653,2025-11-05,C1017,P2015,L117,SH13,5,176322.91,0.0,52022.66
O9335,07/10/2024,C1212,P2060,L114,SH4,5,4705.3,0.19,385.57
O6229,2025-09-12,C1161,P2067,L112,SH4,6,17254.58,0.0,5037.78
O7216,2024-01-15,C1144,P2023,L114,SH1,5,134090.09,0.0,47270.33
O7354,2025-02-16,C1012,P2064,L114,SH13,4,58040.76,0.16,8677.22
O8683,2024-04-03,C1282,P2034,L102,SH1,4,₹86695.24,0.1,9947.23
O10330,2024-02-12,C1168,P2053,L101,SH1,6,92722.56,0.22,10908.89
O8418,2024-12-10,C1129,P2087,L101,SH19,1,2841.51,0.08,1067.24
O7816,2024-04-03,C1409,P2099,L101,SH4,6,14338.98,0.04,4052.32
O10091,2024-11-15,C1098,P2041,L108,SH10,1,16120.83,,2011.76
O8654,2025-12-26,C1085,P2036,L110,SH16,4,35293.87,0.09,2499.8
O6784,2025-06-04,C1185,P2062,L109,SH4,4,11653.91,0.17,1178.51
O11275,2025-06-21,C1417,P2029,L117,SH22,5,₹160512.57,0.09,39785.18
O6717,2025-03-25,C1367,P2078,L101,SH10,4,9193.24,,3633.23
O11354,2025-06-19,C1427,P2016,L105,SH7,2,₹18448.71,0.1,6040.75
O8218,2024-02-22,C1142,P2028,L115,SH25,4,₹76257.19,0.16,20973.42
O10491,2024-11-09,C1064,P2096,L110,SH5,1,3402.05,0.18,1175.42
O10708,2024-06-29,C1211,P2068,L106,SH16,6,18556.72,0.18,6507.11
O11981,2024-03-20,C1476,P2038,L110,SH1,2,26325.97,0.12,3353.74
O8610,2025-11-22,C1166,P2002,L110,SH10,2,18847.53,0.17,6573.82
O8535,2025-08-27,C1152,P2073,L116,SH21,6,18631.68,0.07,6953.01
O9351,2025-04-11,C1346,P2028,L113,SH13,2,4011.82,0.06,1372.43
O8274,2024-02-21,C1464,P2023,L105,SH19,4,169761.09,0.19,40267.17
O5003,2025-04-17,C1048,P2029,L104,SH7,4,206584.29,0.01,68078.19
O6840,2024-11-20,C1316,P2069,L108,SH19,1,3790.75,0.1,1024.49
O10531,2024-11-11,C1112,P2097,L105,SH14,3,9781.1,0.17,2785.88
O9139,2025-09-15,C1389,P2027,L101,SH10,5,134653.49,0.06,52693.63
O6277,2024-12-08,C1130,P2063,L112,SH1,6,39684.0,0.19,2727.08
O5932,2025-04-18,C1321,P2030,L103,SH4,1,11138.66,0.08,3789.95
O9317,2024-01-16,C1420,P2076,L115,SH22,6,4267.96,0.18,1319.63
O11258,2024-06-09,C1060,P2025,L111,SH16,5,70639.7,0.06,15266.94
O10151,2025-06-26,C1158,P2049,L114,SH13,6,71361.31,0.18,8222.31
O11609,2025-08-24,C1089,P2080,L111,SH10,1,2570.68,0.13,1112.07
O6628,2025-07-25,C1356,P2033,L104,SH1,1,45666.29,0.08,15088.98
O8587,2025-09-12,C1270,P2025,L112,SH1,3,88434.29,0.11,22942.69
O8140,2024-07-08,C1299,P2026,L107,SH13,3,69413.05,0.02,20252.48
O10480,2024-08-15,C1471,P2026,L103,SH5,6,149045.03,0.07,46303.08
O10965,2025-08-11,C1299,P2088,L105,SH1,1,1385.47,0.2,514.59
O5103,2025-04-04,C1426,P2018,L116,SH7,3,103263.4,0.0,39361.06
O11568,2025-09-10,C1008,P2070,L117,SH1,1,1504.44,0.08,541.24
O6419,2024-08-19,C1166,P2089,L114,SH10,5,5677.83,0.04,
O5402,2025-07-28,C1004,P2066,L112,SH11,6,₹77059.38,0.22,8847.53
O8228,2025-03-06,C1094,P2095,L106,SH19,6,11528.69,0.16,4859.62
O7177,2024-07-02,C1034,P2099,L109,SH1,5,3916.4,0.15,1332.59
O6658,2025-01-17,C1428,P2032,L109,SH13,3,86818.01,0.14,25742.54
O9093,2025-01-21,C1232,P2034,L109,SH1,3,52294.24,0.24,6432.5
O8533,2025-02-24,C1139,P2028,L110,SH13,2,61692.58,0.0,18510.38
O7841,25/05/2024,C1179,P2070,L103,SH22,3,10391.97,0.16,2876.13
O6902,2024-08-03,C1479,P2065,L107,SH7,2,28981.66,0.21,1853.04
O7934,2024-11-13,C1304,P2051,L103,SH1,5,28669.55,0.08,
O8500,2025-03-11,C1254,P2084,L114,SH22,5,3886.89,0.07,1122.78
O5156,2024-06-15,C1168,P2079,L111,SH10,5,9051.12,0.18,3378.79
O7874,2025-09-06,C1179,P2024,L115,SH16,3,117753.95,0.03,25041.57
O10162,2024-01-29,C1429,P2004,L105,SH4,6,122874.01,0.06,36586.97
O5596,2024-09-11,C1425,P2002,L104,SH4,6,123243.72,0.07,48680.58
O8302,2024-05-11,C1014,P2057,L114,SH1,1,15242.84,0.22,1347.0
O8868,2024-04-27,C1179,P2025,L106,SH25,2,41054.88,0.08,14800.08
O9391,2024-02-09,C1496,P2068,L115,SH16,6,24424.58,0.0,6638.75
O6119,2025-07-03,C1081,P2015,L105,SH10,2,42037.79,0.12,14655.57
O11596,2024-02-08,C1225,P2014,L106,SH10,2,108632.23,0.0,26105.33
O10740,2025-11-02,C1476,P2087,L114,SH22,4,4262.53,0.11,1861.59
O10514,2025-03-06,C1023,P2073,L108,SH10,4,16159.13,0.14,4812.14
O6837,2025-04-01,C1181,P2032,L109,SH19,6,260570.85,0.0,69025.86
O7505,2024-04-25,C1133,P2012,L114,SH19,6,122829.82,0.0,25647.39
O10594,2025-12-22,C1037,P2076,L105,SH19,5,18991.83,0.05,7835.25
O7288,2024-01-11,C1369,P2068,L101,SH1,1,4271.44,0.07,
O10122,2024-05-30,C1025,P2093,L116,SH4,5,15262.03,0.14,4205.92
O5777,2024-01-26,C1072,P2005,L107,SH13,4,147222.22,0.08,46903.39
O8746,2025-08-29,C1236,P2052,L106,SH10,4,16724.7,0.1,1643.37
O11879,2025-02-19,C1002,P2059,L105,SH22,3,36085.17,0.25,2168.26
O9458,2025-01-22,C1354,P2083,L113,SH19,3,4821.56,0.11,1660.5
O5204,2025-07-23,C1321,P2087,L114,SH24,6,13024.1,0.19,5788.67
O9017,2025-08-30,C1195,P2089,L105,SH22,6,23480.74,0.13,7596.3
O11704,2025-10-08,C1288,P2056,L112,SH25,5,61392.09,0.25,8419.84
O11044,2025-10-18,C1329,P2087,L110,SH4,6,13148.39,0.07,5613.83
O7553,2025-04-17,C1374,P2050,L102,SH22,2,26997.87,0.05,3985.78
O5111,2024-05-16,C1377,P2097,L111,SH19,2,1207.89,0.0,433.88
O7607,2024-05-09,C1065,P2001,L105,SH7,6,240890.36,0.14,65867.56
O8406,19/09/2024,C1055,P2020,L106,SH19,5,223693.0,0.06,56371.18
O9611,2024-09-30,C1256,P2058,L103,SH25,3,46958.39,0.23,3656.01
O9725,2024-01-02,C1213,P2092,L113,SH13,3,2197.89,0.15,647.69
O6644,2024-11-21,C1374,P2012,L106,SH1,1,31138.86,0.06,12242.34
O7423,2025-08-14,C1335,P2047,L108,SH16,5,88182.45,,9577.91
O8958,2025-01-16,C1454,P2019,L101,SH16,5,₹180147.2,0.09,49319.26
O5005,2025-01-27,C1125,P2059,L105,SH25,2,8010.9,0.26,912.79
O9055,2024-08-15,C1108,P2082,L110,SH10,6,26011.16,0.12,8749.68
O7643,2024-12-28,C1305,P2071,L102,SH10,6,17559.2,0.2,6461.39
O9089,2025-06-02,C1363,P2009,L105,SH10,5,233843.23,0.02,71232.86
O7742,2025-10-22,C1203,P2013,L112,SH25,2,78497.52,0.16,28630.03
O7501,2024-11-02,C1195,P2073,L103,SH22,6,18087.15,0.04,4852.8
O7806,18/02/2024,C1117,P2069,L112,SH19,3,3247.23,0.06,1341.15
O10785,2025-03-08,C1327,P2007,L114,SH10,4,124325.14,0.13,48728.04
O8022,2025-02-24,C1061,P2029,L117,SH1,6,104582.64,0.06,29946.06
O8517,2025-01-07,C1117,P2083,L106,SH1,three,2396.02,0.03,780.54
O10808,2025-11-26,C1393,P2073,L116,SH13,5,11674.46,0.08,3119.17
O11021,2024-04-26,C1245,P2014,L111,SH25,3,16010.84,,4028.51
O5458,2025-07-20,C1003,P2068,L102,SH10,5,22571.61,0.04,9429.59
O11873,2024-01-05,C1116,P2079,L101,SH22,2,2892.81,0.11,1102.75
O9918,2024-02-27,C1053,P2064,L102,SH16,5,35563.56,0.21,5207.73
O7997,2024-03-12,C1458,P2054,L105,SH25,5,57764.95,0.21,4487.96
O7048,2025-12-31,C1433,P2064,L108,SH4,1,8208.26,0.29,1010.19
O9729,2025-09-04,C1029,P2050,L103,SH22,1,6911.22,0.13,768.1
O8662,2024-04-29,C1238,P2018,L112,SH19,1,44384.26,0.07,11462.74
O9446,2024-03-22,C1266,P2089,L101,SH23,5,24313.97,0.01,6892.58
O8538,2025-04-30,C1012,P2064,L107,SH22,three,7137.59,0.1,466.11
O11059,2024-06-30,C1370,P2093,L113,SH22,1,3346.2,0.12,1179.74
O11316,2025-01-16,C1117,P2047,L113,SH7,5,56465.86,0.12,6647.63
O10129,2025-02-23,C1164,P2044,L117,SH4,6,₹106208.35,0.24,14100.63
O9058,2024-12-20,C1124,P2039,L104,SH13,1,4951.23,0.16,561.65
O6363,2024-01-11,C1182,P2089,L113,SH7,1,2860.97,0.04,1226.66
O7204,2024-10-26,C1199,P2025,L117,SH22,4,66925.59,0.16,18799.67
O8911,2024-10-07,C1020,P2098,L111,SH13,2,1993.0,0.03,701.0
O8031,2025-05-06,C1279,P2011,L114,SH4,1,₹51148.75,0.07,14204.09
O11382,2025-08-30,C1312,P2035,L104,SH16,3,39730.97,0.26,3726.95
O7401,2024-12-06,C1496,P2011,L114,SH1,1,2544.22,0.11,983.38
O10118,2024-09-18,C1160,P2086,L116,SH13,2,2677.21,0.03,779.03
O5475,2025-03-14,C1062,P2049,L102,SH1,5,32862.15,0.13,
O9372,2024-10-24,C1016,P2088,L110,SH1,-1,3706.11,0.08,1172.09
O6380,2024-02-03,C1124,P2001,L114,SH10,5,9906.15,0.15,2285.1
O7919,2025-05-29,C1052,P2052,L104,SH1,4,25492.01,0.27,2374.37
O8751,24/01/2025,C1223,P2042,L116,SH1,5,33883.28,0.15,3707.31
O11047,2025-07-24,C1193,P2007,L104,SH1,3,125035.87,0.06,38183.15
O11164,2025-02-02,C1034,P2076,L104,SH19,3,3207.13,,1238.18
O6550,2025-04-04,C1335,P2062,L108,SH7,5,67417.1,0.32,5439.12
O11513,2025-02-03,C1471,P2096,L106,SH22,3,10328.2,0.17,3535.3
O6497,2024-03-09,C1181,P2046,L105,SH1,5,53106.95,0.07,6175.93
O5193,2024-10-20,C1479,P2061,L102,SH19,6,52617.33,0.18,6798.55
O8703,2024-07-22,C1335,P2065,L113,SH7,4,2711.05,0.18,309.68
O10903,2024-12-12,C1187,P2026,L113,SH10,5,169512.75,0.02,
O8562,2025-12-19,C1404,P2062,L104,SH4,2,37274.13,0.16,4889.04
O8852,2025-01-27,C1086,P2062,L102,SH1,1,7552.43,0.14,604.76
O6878,02/09/2024,C1127,P2047,L105,SH16,1,21396.82,0.11,2228.89
O5611,2025-07-18,C1098,P2068,L116,SH16,6,5988.63,0.1,1836.27
O7130,2024-09-28,C1034,P2021,L102,SH4,4,156780.05,0.03,56033.57
O7426,2025-08-14,C1171,P2034,L109,SH22,6,₹99243.51,0.19,12876.23
O5913,2024-08-29,C1483,P2093,L105,SH1,5,₹4574.44,0.0,1815.58
O9274,2025-06-29,C1483,P2010,L104,SH19,4,12755.16,0.0,2940.06
O11433,2024-09-27,C1325,P2060,L114,SH13,5,69765.81,0.15,4817.23
O10634,2024-01-15,C1496,P2020,L117,SH16,3,35545.82,0.16,8584.21
O11377,2025-10-10,C1088,P2094,L115,SH4,6,₹13713.8,0.25,5699.6
O7185,2025-08-07,C1232,P2025,L101,SH13,6,119397.58,,47464.42
O9263,2025-09-12,C1184,P2013,L117,SH10,2,84012.16,0.05,19436.42
O11907,2024-12-12,C1039,P2022,L110,SH7,3,145229.3,0.05,34434.59
O9003,2024-03-26,C1297,P2003,L109,SH25,5,164838.74,0.07,65014.12
O5251,2025-04-17,C1280,P2024,L101,SH16,6,296110.2,0.05,71637.85
O10598,29/09/2024,C1057,P2077,L106,SH4,4,14798.21,0.05,5096.94
O11229,2024-11-02,C1082,P2023,L108,SH4,1,30889.73,0.06,6902.74
O11110,2025-07-06,C1292,P2078,L114,SH22,3,11757.46,0.1,5143.98
O10239,2025-04-25,C1427,P2029,L106,SH10,1,45654.43,0.13,17932.15
O8607,02/11/2024,C1340,P2072,L103,SH1,3,8193.59,0.12,2952.7
O6488,2024-06-11,C1035,P2006,L101,SH17,three,83377.08,0.0,27768.92
O5612,2025-06-19,C1165,P2015,L104,SH5,2,64681.18,0.12,13502.55
O11155,2024-01-28,C1002,P2091,L111,SH7,1,4648.66,0.07,1997.53
O11962,2024-09-28,C1319,P2020,L112,SH13,1,31969.68,0.1,8298.39
O11206,2025-08-08,C1473,P2009,L104,SH22,4,197559.93,0.05,63663.57
O9992,2025-10-04,C1428,P2029,L107,SH1,4,168727.94,0.07,58880.99
O8756,2025-03-14,C1431,P2040,L117,SH13,1,1560.12,0.11,216.19
O8967,2025-05-31,C1470,P2093,L108,SH10,1,₹2402.96,0.08,709.19
O11231,2025-07-01,C1187,P2080,L116,SH13,3,3880.48,0.09,1298.27
O8922,2024-05-18,C1176,P2040,L102,SH13,2,31141.11,0.25,3968.78
O8426,11/06/2024,C1055,P2074,L114,SH1,4,5675.18,0.07,2288.75
O8870,2024-11-13,C1297,P2005,L102,SH1,4,128939.06,0.16,47315.32
O10218,2024-07-21,C1405,P2080,L101,SH26,5,4620.75,0.21,1167.9
O7960,2025-06-05,C1041,P2028,L112,SH7,2,72096.14,0.1,20200.52
O7170,2024-01-17,C1275,P2070,L114,SH25,3,6824.31,0.16,3006.24
O7594,2025-07-25,C1120,P2070,L114,SH19,1,2748.09,0.07,
O6964,2025-11-08,C1188,P2002,L114,SH1,2,93881.34,0.06,21612.21
O5873,2024-03-25,C1361,P2037,L102,SH10,-4,30766.18,0.12,2166.4
O8117,2025-04-06,C1271,P2052,L105,SH13,1,3603.77,0.32,383.65
O9081,2024-08-24,C1399,P2011,L107,SH7,5,175163.67,0.21,
O8976,2025-07-14,C1113,P2040,L103,SH19,1,16109.99,0.28,2076.4
O5522,2025-11-08,C1491,P2052,L101,SH7,4,61199.6,0.26,8889.42
O10002,2025-10-30,C1165,P2055,L105,SH1,5,96724.6,0.18,7390.33
O6466,2024-03-31,C1014,P2099,L114,SH10,2,6900.95,0.11,2574.34
O7776,2024-10-05,C1020,P2076,L113,SH10,4,11157.07,0.07,4164.84
O7808,2024-06-05,C1103,P2018,L117,SH1,1,34863.05,0.0,
O7391,2024-08-31,C1373,P2068,L104,SH12,1,3748.54,0.08,1272.5
O10673,2024-10-26,C1202,P2049,L102,SH10,1,16263.29,0.24,2139.33
O8009,2025-09-23,C1453,P2024,L113,SH13,6,15605.63,0.04,5226.02
O8141,2024-04-25,C1193,P2074,L108,SH22,3,12847.56,0.02,4343.94
O6861,2025-07-05,C1339,P2058,L110,SH1,5,68922.3,0.22,6025.15
O9203,2024-11-04,C1221,P2099,L106,SH10,3,₹6702.64,0.12,2720.43
O6395,2025-05-10,C1500,P2044,L112,SH1,2,38808.07,0.22,4424.1
O10435,2025-01-21,C1059,P2093,L101,SH10,2,7253.69,0.12,2676.51
O6991,19/05/2025,C1212,P2044,L103,SH10,6,56035.55,0.11,3675.57
O8626,2024-01-03,C1044,P2078,L102,SH22,5,3337.1,0.0,848.74
O6927,2025-09-30,C1431,P2009,L112,SH13,4,184532.27,0.08,58439.47
O7554,2024-06-28,C1189,P2034,L117,SH21,6,36835.41,0.26,2619.24
O10097,2024-12-10,C1084,P2048,L111,SH8,6,17884.16,0.08,2388.28
O10602,26/11/2024,C1416,P2067,L105,SH25,5,₹5000.07,0.04,1669.28
O11168,2024-11-11,C1033,P2026,L107,SH1,2,84868.58,0.07,26810.28
O8733,2025-10-01,C1451,P2077,L106,SH4,1,2797.81,0.21,1047.3
O5906,2024-06-03,C1237,P2019,L108,SH13,4,132589.42,0.2,46818.12
O9493,2024-10-15,C1313,P2019,L103,SH25,6,140821.29,0.12,47402.95
O6263,2025-11-12,C1342,P2026,L116,SH13,5,251503.09,0.07,56275.94
O5032,2025-01-12,C1275,P2016,L115,SH22,4,145485.72,0.03,48660.34
O9820,2024-09-15,C1372,P2029,L113,SH4,6,165836.82,0.21,50713.8
O5766,2025-03-27,C1133,P2034,L106,SH4,5,9917.77,0.2,1469.3
O7301,2024-07-27,C1448,P2008,L117,SH22,1,₹19580.89,0.06,5474.15
O9214,2024-02-21,C1175,P2032,L107,SH10,1,9608.08,0.14,2363.59
O10806,2025-04-16,C1045,P2080,L109,SH13,2,2766.63,0.0,961.36
O7713,2024-03-30,C1470,P2040,L117,SH10,5,71810.68,0.3,5506.65
O9306,2025-01-03,C1420,P2028,L108,SH1,3,43194.09,0.01,8649.72
O11854,2025-07-04,C1475,P2044,L112,SH10,5,83750.23,0.13,12128.66
O10100,2024-11-12,C1306,P2053,L116,SH13,2,13819.11,0.24,1665.58
O6453,2025-03-19,C1176,P2079,L104,SH10,3,10105.74,,3671.74
O11336,2024-08-21,C1084,P2068,L106,SH10,3,1735.42,0.08,733.12
O8719,2025-08-07,C1096,P2014,L110,SH10,4,89458.06,,28092.24
O8969,2024-04-02,C1155,P2013,L107,SH1,5,248131.15,,95216.52
O9386,2025-11-07,C1169,P2089,L110,SH7,1,3235.19,0.14,1194.6
O11138,2025-08-16,C1460,P2052,L108,SH22,6,22078.7,0.19,2812.6
O9216,2024-07-14,C1292,P2069,L112,SH4,2,6931.68,0.06,2368.74
O7825,2024-02-18,C1067,P2011,L103,SH22,1,6696.79,0.15,1952.64
O8053,28/09/2025,C1423,P2004,L104,SH13,4,24856.09,,6147.4
O5084,2025-09-16,C1225,P2068,L117,SH10,4,₹3978.42,0.12,1291.28
O11515,2025-10-04,C1075,P2087,L117,SH25,5,20192.61,0.15,9052.77
O10184,09/10/2025,C1438,P2029,L105,SH12,5,177416.98,0.14,52115.69
O8925,2025-07-05,C1029,P2088,L108,SH13,4,7103.17,0.06,2778.37
O6427,01/08/2024,C1250,P2014,L111,SH19,3,₹108117.01,0.2,38091.84
O9786,2025-11-26,C1035,P2060,L117,SH7,3,₹39417.74,0.08,3026.93
O7008,2025-09-26,C1453,P2001,L101,SH13,1,4176.5,0.0,844.67
O10477,2024-02-19,C1247,P2011,L113,SH19,6,314452.74,0.04,75615.35
O5138,2025-09-21,C1065,P2081,L110,SH1,5,11844.1,0.17,4151.53
O6076,2024-12-29,C1327,P2066,L109,SH10,2,17581.39,0.2,2201.47
O8688,2024-03-08,C1102,P2021,L114,SH10,1,26452.39,0.02,5511.01
O10425,2024-03-17,C1259,P2015,L112,SH13,3,27671.2,0.09,6149.89
O6560,2025-01-23,C1346,P2084,L115,SH24,5,7683.44,0.18,2192.43
O9617,26/11/2025,C1337,P2008,L111,SH20,2,66989.21,0.05,13685.57
O11091,2025-11-14,C1283,P2093,L104,SH19,5,₹4130.43,0.15,1454.88
O10438,2024-04-14,C1043,P2045,L101,SH1,2,₹5033.54,0.26,376.62
O10968,2025-10-26,C1170,P2030,L113,SH19,2,41958.41,0.13,12076.8
O5456,2024-12-12,C1111,P2059,L107,SH25,6,16971.5,0.17,1651.37
O5630,2024-06-26,C1371,P2042,L116,SH22,5,51095.97,0.19,7200.04
O6652,2025-06-09,C1407,P2035,L103,SH12,3,58549.49,0.0,4873.62
O9429,19/09/2024,C1181,P2032,L101,SH10,5,100332.51,0.06,26564.88
O9099,2024-09-24,C1085,P2004,L103,SH1,3,95228.72,0.14,23689.67
O9223,2025-08-23,C1395,P2067,L103,SH19,3,2138.14,0.13,641.21
O11484,2024-04-19,C1030,P2017,L107,SH1,4,28591.23,0.17,8516.3
O6500,2024-06-10,C1361,P2046,L103,SH19,2,₹36827.14,0.24,2457.47
O5792,2025-03-04,C1424,P2039,L112,SH5,5,3733.44,0.18,303.18
O8085,12/03/2025,C1485,P2054,L104,SH1,5,6447.18,0.12,787.35
O9496,2024-09-25,C1407,P2024,L103,SH10,3,₹73479.7,0.0,21426.85
O5039,2024-04-11,C1487,P2031,L112,SH22,3,139267.45,0.14,38085.05
O9087,2025-02-03,C1432,P2047,L105,SH10,2,31954.33,0.23,3394.51
O7359,06/08/2025,C1352,P2034,L113,SH25,2,8077.6,0.09,537.63
O10642,2025-11-06,C1397,P2054,L102,SH16,1,16141.06,0.19,1233.81
O5538,2024-06-13,C1315,P2090,L102,SH7,2,4204.56,0.04,1585.86
O11752,2024-01-31,C1128,P2085,L116,SH1,5,3780.94,0.12,1456.68
O6709,2024-01-24,C1307,P2074,L114,SH25,6,10460.92,0.08,3138.15
O7536,2025-01-19,C1025,P2038,L113,SH19,5,77914.28,0.1,6596.02
O9375,2025-09-22,C1163,P2003,L114,SH1,6,185260.58,0.04,63176.79
O7786,2024-08-17,C1288,P2022,L105,SH10,2,7378.86,0.09,1960.1
O5985,2025-03-24,C1099,P2061,L112,SH26,3,14630.52,0.24,1167.12
O11673,2024-04-05,C1160,P2020,L101,SH10,4,94241.47,0.24,23682.84
O8459,2024-04-26,C1102,P2052,L115,SH25,5,32862.57,0.24,4190.13
O11098,2025-08-27,C1357,P2012,L104,SH4,5,92557.58,0.04,32276.0
O10635,2024-10-17,C1312,P2007,L117,SH13,5,201738.33,0.07,67279.34
O7524,2025-02-14,C1280,P2070,L101,SH1,3,6663.19,0.12,2400.28
O6877,2025-04-03,C1481,P2059,L113,SH4,3,59585.57,0.16,7161.2
O8093,2025-02-11,C1434,P2059,L109,SH12,6,82262.5,0.19,5083.25
O9486,2025-07-01,C1266,P2048,L103,SH19,5,34284.52,0.0,4147.35
O6893,2025-02-23,C1105,P2084,L109,SH10,4,11726.96,0.18,3907.16
O12000,2024-05-08,C1039,P2056,L105,SH19,4,51056.19,0.27,7590.38
O10613,2025-11-24,C1412,P2022,L109,SH10,1,38573.59,0.06,14719.66
O5161,2025-11-28,C1397,P2049,L105,SH19,1,5462.15,0.18,609.2
O8496,2025-01-22,C1130,P2047,L109,SH18,6,85448.77,0.23,10477.56
O9075,2025-01-27,C1225,P2096,L102,SH10,5,12580.27,0.0,5134.21
O11362,2025-05-25,C1124,P2057,L117,SH22,6,61296.45,0.2,5491.74
O8711,2024-07-19,C1346,P2049,L112,SH22,2,31100.75,0.21,3613.06
O10393,2024-05-13,C1014,P2016,L108,SH1,1,1853.15,0.11,410.64
O5776,2025-05-13,C1323,P2089,L112,SH19,-2,1533.31,0.03,577.38
O9528,16/12/2024,C1189,P2062,L108,SH22,2,40686.32,0.09,3076.44
O6157,2024-04-03,C1481,P2027,L105,SH1,2,₹18777.48,0.13,5816.69
O5174,2025-10-29,C1331,P2008,L103,SH19,1,25772.91,0.2,7913.07
O7357,2024-12-01,C1115,P2081,L112,SH10,6,₹19739.22,0.06,5275.07
O8634,2024-03-23,C1315,P2090,L104,SH16,4,12397.23,0.11,5514.37
O9627,2025-12-14,C1297,P2085,L110,SH7,3,11336.06,0.02,4160.51
O8191,2024-02-10,C1426,P2089,L115,SH13,3,2840.62,0.07,936.55
O10489,2024-01-24,C1403,P2004,L115,SH16,2,16129.0,0.12,4033.54
O7975,2025-08-06,C1206,P2034,L101,SH13,5,21265.09,0.15,2243.66
O10676,2024-01-05,C1484,P2075,L110,SH13,1,1645.49,0.09,602.53
O7833,2024-07-15,C1451,P2083,L113,SH4,6,25283.53,,10063.04
O8548,2024-08-11,C1211,P2088,L108,SH1,1,1567.62,0.18,580.04
O5635,2025-09-01,C1375,P2051,L115,SH10,3,36214.07,0.18,2466.45
O11956,2024-11-21,C1313,P2055,L105,SH1,4,63406.28,0.18,5118.23
O8802,2025-07-23,C1144,P2030,L117,SH19,3,73521.3,0.18,15270.05
O8148,2024-12-30,C1442,P2022,L110,SH10,5,260841.88,0.03,82849.23
O10987,2025-09-25,C1297,P2003,L107,SH7,1,2035.63,0.0,770.96
O9332,2025-10-15,C1247,P2050,L103,SH3,1,13312.02,0.17,1966.55
O10288,2025-11-26,C1311,P2098,L102,SH19,6,22905.34,0.05,8567.29
O10148,2025-04-26,C1133,P2073,L114,SH1,5,3461.9,0.11,1422.98
O8637,2025-02-20,C1165,P2062,L102,SH19,1,13628.07,0.19,1795.41
O5307,2025-06-02,C1021,P2008,L113,SH13,4,55865.96,0.17,19135.53
O5112,2025-12-13,C1426,P2088,L115,SH1,1,2133.02,0.18,
O8938,2025-11-22,C1454,P2055,L106,SH4,4,33715.12,0.22,2435.29
O11268,2025-09-22,C1245,P2027,L110,SH19,1,5578.62,0.09,1835.57
O11486,2025-07-11,C1439,P2041,L117,SH21,3,34794.33,0.18,4821.1
O11949,2024-04-30,C1494,P2043,L104,SH4,6,11906.59,0.27,
O11787,2025-11-28,C1003,P2076,L104,SH22,3,6234.75,0.16,1897.12
O9730,2024-02-07,C1098,P2052,L112,SH22,1,18060.92,0.18,1629.89
O9261,2024-04-18,C1499,P2092,L109,SH22,4,8881.1,0.08,3229.41
O7051,2025-07-24,C1018,P2036,L114,SH1,3,38425.44,0.28,2537.02
O11930,2025-09-15,C1098,P2016,L102,SH10,5,21642.48,0.13,7253.79
O8110,2025-01-13,C1403,P2038,L114,SH13,4,56867.54,0.27,5576.24
O11415,2025-10-18,C1481,P2078,L104,SH13,1,1323.42,0.12,351.96
O7942,2024-03-14,C1027,P2023,L105,SH22,5,112946.6,0.1,35777.12
O7803,2025-08-05,C1364,P2091,L105,SH19,1,3965.45,0.09,1293.87
O6019,2025-12-22,C1365,P2059,L105,SH19,2,21943.69,0.17,2361.64
O7226,2024-04-08,C1206,P2086,L112,SH4,3,6185.2,0.04,
O7404,2024-08-01,C1445,P2041,L103,SH1,5,₹3458.71,0.26,313.34
O9615,2024-09-30,C1193,P2076,L116,SH22,6,17515.94,0.18,6797.81
O9844,21/12/2024,C1310,P2061,L107,SH13,5,51692.39,0.2,7690.17
O7810,2024-09-16,C1012,P2029,L107,SH19,6,112049.25,0.2,32291.99
O7219,2025-01-28,C1400,P2031,L116,SH22,6,62613.98,0.21,24400.86
O11619,2024-12-15,C1343,P2096,L101,SH13,3,5645.07,0.15,2395.15
O5911,2025-05-12,C1282,P2023,L102,SH7,3,102738.33,0.21,21684.51
O7181,2025-10-08,C1274,P2025,L116,SH10,4,61708.86,0.24,16540.21
O8539,2024-04-07,C1397,P2099,L101,SH10,5,7635.08,0.08,2845.66
O9543,2024-05-11,C1106,P2008,L103,SH1,5,221029.43,0.15,46292.34
O9943,2025-08-20,C1483,P2020,L113,SH22,4,139794.36,0.17,51636.98
O8065,2024-01-18,C1132,P2074,L106,SH10,3,14584.57,0.0,5571.09
O10157,2025-04-19,C1262,P2016,L106,SH10,1,17973.59,0.15,3884.72
O6474,2025-06-16,C1079,P2078,L104,SH10,1,794.84,0.06,231.19
O10891,2024-07-13,C1399,P2090,L116,SH4,1,2158.42,0.15,945.15
O8314,2025-06-30,C1011,P2085,L115,SH16,2,5137.49,0.11,1440.09
O7617,2024-07-23,C1421,P2073,L105,SH13,5,2587.36,0.14,886.1
O5182,2024-12-03,C1229,P2097,L109,SH1,3,₹4669.16,0.13,1842.34
O8039,2025-12-06,C1009,P2018,L103,SH22,-2,50951.19,0.11,19571.89
O7804,2025-10-24,C1079,P2084,L103,SH10,1,3241.36,0.06,1126.24
O5756,2024-04-09,C1493,P2068,L102,SH10,5,21489.86,0.07,8112.1
O6769,2025-08-01,C1325,P2009,L103,SH1,5,₹27647.62,0.14,8616.6
O5590,2024-05-19,C1097,P2009,L106,SH25,4,59136.85,0.13,19360.14
O5121,2025-10-16,C1315,P2056,L109,SH1,6,114737.97,0.22,
O11572,2024-07-08,C1145,P2037,L113,SH10,-1,12966.65,0.09,1690.3
O11146,2024-01-16,C1230,P2056,L116,SH10,3,36442.63,0.11,3351.02
O6705,2024-08-18,C1163,P2065,L113,SH16,3,58290.76,0.1,6093.42
O11681,2024-11-03,C1362,P2066,L104,SH4,3,47603.03,0.08,6400.79
O5880,2024-12-30,C1140,P2097,L113,SH10,4,8905.48,0.14,3300.66
O7909,2025-09-15,C1481,P2024,L104,SH22,6,8078.36,0.3,1996.83
O5845,2025-02-28,C1004,P2053,L109,SH19,2,7649.26,0.24,777.09
O10751,2024-09-09,C1140,P2006,L109,SH16,5,123373.78,0.03,44190.69
O6341,2024-03-21,C1083,P2020,L115,SH22,2,₹94785.31,0.03,20725.58
O6053,2025-11-19,C1276,P2004,L115,SH13,5,31600.66,0.22,12463.55
O10544,2025-02-28,C1488,P2089,L111,SH19,3,7135.17,0.04,1923.85
O5293,2025-10-02,C1085,P2007,L113,SH7,4,62813.5,0.12,21349.57
O11366,2025-09-11,C1085,P2052,L105,SH10,1,936.38,0.24,91.53
O11331,2025-03-17,C1212,P2044,L105,SH1,3,40535.63,0.21,5768.57
O11228,2025-03-14,C1247,P2006,L114,SH19,6,164024.58,0.01,55376.63
O7581,2025-01-30,C1261,P2081,L116,SH13,2,1689.31,0.12,607.39
O8523,2024-08-25,C1091,P2080,L116,SH7,3,5320.67,0.13,2218.55
O11938,2025-05-08,C1058,P2095,L117,SH7,1,1705.16,0.06,626.27
O10759,2024-01-23,C1292,P2039,L114,SH4,2,33496.41,0.25,4906.29
O5498,2025-07-16,C1059,P2024,L102,SH13,6,127223.57,0.19,39430.77
O5560,16/04/2025,C1235,P2016,L117,SH25,2,32729.47,0.11,6601.0
O10371,2025-10-03,C1060,P2015,L115,SH22,4,15756.13,0.15,5406.03
O5875,12/03/2024,C1149,P2055,L107,SH19,3,55234.53,0.18,
O11503,2025-11-07,C1408,P2050,L108,SH10,4,85341.03,0.13,12462.73
O8717,2024-12-10,C1343,P2034,L115,SH1,2,23208.17,0.24,3196.15
O10895,2025-11-08,C1150,P2036,L112,SH22,4,7304.12,0.05,901.21
O8270,2025-08-06,C1076,P2016,L112,SH25,3,65457.65,0.15,19616.52
O9720,2025-04-15,C1133,P2057,L109,SH7,6,61898.88,0.08,8805.77
O5022,2025-04-12,C1328,P2055,L109,SH17,4,68870.59,0.19,5367.05
O10574,2025-06-12,C1352,P2005,L111,SH4,3,11012.89,0.14,2233.7
O9364,2025-12-07,C1220,P2023,L107,SH4,4,14092.67,0.13,3409.87
O9984,2024-04-23,C1402,P2043,L111,SH4,3,31267.54,0.29,2277.58
O8796,2025-03-11,C1370,P2098,L106,SH16,1,1457.01,0.08,393.83
O8299,2025-08-27,C1428,P2075,L103,SH4,4,5090.83,0.03,1765.78
O8353,2024-11-22,C1481,P2060,L102,SH19,1,₹14996.9,0.18,1065.98
O5030,2024-04-27,C1496,P2038,L111,SH1,6,56785.34,0.22,3791.95
O10874,2024-07-28,C1200,P2056,L112,SH19,3,35701.93,0.24,4216.36
O9551,2024-01-27,C1292,P2048,L112,SH19,2,36228.03,0.19,
O8601,2025-01-16,C1166,P2045,L116,SH4,5,63567.11,0.16,5565.01
O8101,2025-05-02,C1189,P2010,L113,SH19,5,₹170015.69,0.15,59969.66
O11496,2024-09-03,C1455,P2045,L108,SH9,4,76948.17,0.2,7126.77
O7136,2024-09-20,C1488,P2076,L110,SH1,2,1655.19,0.07,462.78
O5869,2024-06-24,C1367,P2025,L110,SH25,1,₹43770.17,0.12,13456.06
O11161,20/07/2024,C1464,P2099,L110,SH13,5,14869.59,0.17,3854.74
O9346,2025-02-08,C1092,P2093,L113,SH7,3,10866.79,0.03,3186.93
O7678,2025-09-21,C1028,P2023,L107,SH8,2,33135.72,0.04,7471.84
O8004,2024-04-23,C1209,P2015,L116,SH1,4,121475.17,0.05,37588.25
O11177,2025-05-08,C1286,P2087,L107,SH19,3,₹5578.31,0.09,2356.03
O8390,2025-12-17,C1129,P2003,L101,SH10,6,24706.22,0.24,8326.27
O11341,2024-10-07,C1067,P2034,L113,SH25,5,85901.13,,8871.39
O8476,2025-12-23,C1246,P2050,L102,SH7,6,69749.66,0.23,9315.55
O5061,2024-05-25,C1337,P2052,L103,SH4,6,92158.74,0.18,13590.0
O7644,2024-02-19,C1015,P2030,L103,SH19,5,8787.73,0.13,2447.68
O6502,2025-10-30,C1299,P2061,L109,SH13,2,2044.13,0.33,184.84
O9371,2024-04-11,C1033,P2003,L113,SH13,1,19856.27,,5019.28
O11763,2025-12-19,C1250,P2019,L110,SH18,4,53736.46,0.13,18311.58
O9341,2024-08-14,C1039,P2040,L108,SH19,6,9913.59,0.14,824.57
O8779,2024-02-22,C1085,P2094,L101,SH22,2,4411.04,0.12,1350.1
O10747,2024-06-01,C1193,P2010,L111,SH17,3,142720.15,0.08,51508.62
O10382,2025-09-04,C1275,P2053,L105,SH10,2,1456.25,0.25,129.3
O5562,2025-04-27,C1135,P2031,L109,SH4,4,168899.79,0.2,45369.74
O5530,2024-09-17,C1051,P2055,L105,SH4,-3,27409.94,0.26,2218.18
O11522,2024-05-28,C1493,P2007,L102,SH17,6,160078.46,0.24,60757.25
O10555,08/02/2025,C1235,P2062,L114,SH22,5,12099.12,0.09,1685.73
O7466,2024-02-09,C1409,P2066,L104,SH22,4,19072.25,0.18,2528.0
O9053,2025-03-20,C1140,P2057,L115,SH19,1,8168.35,0.12,1063.62
O9835,2025-04-17,C1233,P2079,L113,SH4,1,3049.21,0.12,998.37
O8122,2025-06-13,C1356,P2004,L109,SH10,5,225352.25,0.11,68656.52
O8467,2025-12-28,C1397,P2096,L107,SH7,3,1652.06,0.04,599.68
O8800,2025-09-22,C1172,P2005,L111,SH5,6,239979.03,0.12,73906.48
O11861,2025-06-10,C1053,P2037,L105,SH10,6,107966.05,0.13,8432.64
O6796,01/03/2025,C1496,P2061,L115,SH8,5,90378.11,0.16,9788.44
O11882,2025-10-23,C1265,P2077,L102,SH10,5,10144.37,0.09,3621.35
O8328,2025-02-21,C1216,P2063,L113,SH1,3,10082.39,0.16,974.66
O10308,2025-03-23,C1128,P2073,L102,SH19,5,4781.03,0.15,
O11687,2025-11-18,C1134,P2007,L112,SH16,6,246992.27,0.2,87378.08
O11348,2025-06-25,C1291,P2012,L112,SH19,3,123812.39,0.0,30423.05
O10428,2025-05-22,C1334,P2080,L117,SH4,3,5988.05,0.06,2269.65
O5791,2025-09-02,C1313,P2089,L102,SH4,6,6778.57,0.08,2372.35
O11123,2025-06-27,C1031,P2011,L107,SH13,6,19951.85,0.08,5867.89
O8415,2025-01-06,C1138,P2015,L107,SH7,3,66973.12,0.0,17015.21
O10831,2025-06-19,C1339,P2064,L106,SH16,4,61471.39,,7297.96
O11953,2025-05-26,C1019,P2064,L107,SH1,4,61199.65,0.32,4701.38
O8446,2025-10-26,C1393,P2018,L101,SH10,4,148302.3,0.19,29869.35
O10722,2024-08-03,C1312,P2004,L110,SH16,6,155936.15,0.1,50806.32
O11685,2024-02-14,C1126,P2095,L109,SH1,5,11767.82,0.07,3584.97
O8540,2025-07-23,C1463,P2092,L101,SH16,5,18316.9,0.19,5995.48
O11190,2025-12-22,C1011,P2034,L103,SH1,5,112393.85,0.0,11398.68
O9144,2025-08-26,C1115,P2064,L115,SH10,1,4879.2,0.07,620.09
O6794,2025-07-06,C1468,P2053,L102,SH22,2,16474.32,0.17,1875.86
O10870,15/09/2024,C1005,P2041,L101,SH7,5,50847.3,0.17,6490.12
O10796,2025-04-18,C1389,P2096,L110,SH25,5,8848.73,,3429.88
O10830,2025-04-30,C1106,P2041,L101,SH22,1,₹20381.73,0.16,2615.68
O7984,2025-02-09,C1096,P2070,L105,SH4,1,992.65,0.02,300.67
O6021,2024-05-03,C1437,P2053,L104,SH25,2,18123.8,0.07,1559.79
O6689,2025-07-06,C1156,P2079,L117,SH4,3,12469.02,0.04,3725.13
O11909,2025-12-15,C1113,P2074,L108,SH13,2,5380.67,,1382.41
O8723,2024-09-27,C1202,P2069,L111,SH1,6,20871.52,0.2,7690.09
O7223,2025-10-04,C1295,P2068,L106,SH4,1,2364.0,0.12,840.79
O10327,2024-07-24,C1152,P2096,L114,SH13,2,3399.13,0.12,1166.27
O6755,2024-08-01,C1010,P2091,L107,SH12,1,3032.0,0.12,913.19
O11555,2024-11-30,C1316,P2011,L102,SH22,1,23385.28,0.0,8254.02
O9431,2024-08-09,C1256,P2063,L110,SH10,2,9496.42,0.26,686.79
O6918,2025-04-19,C1486,P2094,L112,SH10,3,8765.24,0.0,3530.6
O6278,2024-12-05,C1283,P2099,L105,SH22,5,8337.4,0.19,3435.07
O7974,2025-08-12,C1163,P2028,L101,SH13,4,85646.42,0.09,30786.25
O6955,2024-08-11,C1212,P2065,L110,SH22,2,19129.61,0.14,2567.23
O10864,2024-07-17,C1489,P2055,L113,SH13,4,71018.66,0.15,9283.74
O11084,2025-10-27,C1096,P2018,L113,SH19,2,8259.85,0.06,1662.75
O6505,2024-12-20,C1428,P2098,L102,SH19,6,26824.2,0.09,11802.15
O10775,2025-03-19,C1302,P2023,L101,SH25,2,62311.93,0.09,17109.48
O9401,2025-02-09,C1497,P2074,L115,SH22,1,3388.43,0.06,881.77
O11372,2024-06-24,C1411,P2003,L102,SH19,5,131042.11,0.07,37324.74
O5046,2025-05-02,C1059,P2096,L103,SH22,1,1969.65,0.2,635.03
O5095,2024-08-27,C1146,P2097,L115,SH17,2,4513.19,0.21,1407.64
O10037,2025-08-13,C1132,P2026,L107,SH10,1,6322.67,0.08,1942.12
O9592,2024-08-08,C1094,P2028,L110,SH10,3,₹120419.78,0.14,43329.0
O10661,2024-10-15,C1288,P2030,L117,SH22,2,34638.6,0.0,12183.66
O10036,2025-04-06,C1195,P2076,L112,SH7,5,16635.96,0.01,7458.94
O10432,2024-04-03,C1014,P2093,L117,SH13,2,1839.98,0.12,608.85
O11462,2024-01-13,C1481,P2022,L105,SH1,3,75891.2,0.17,28486.1
O7388,2025-08-18,C1102,P2067,L111,SH1,3,3565.64,0.2,1457.24
O5848,07/05/2024,C1490,P2082,L116,SH10,2,₹6678.78,0.02,2862.11
O10143,2025-05-21,C1394,P2097,L110,SH4,2,7011.26,0.1,1848.24
O9406,2025-04-07,C1335,P2030,L110,SH1,6,245231.15,0.11,97774.37
O9934,2025-04-08,C1051,P2097,L114,SH10,2,4776.95,0.0,
O11888,2024-10-03,C1348,P2098,L104,SH19,3,1080.03,0.12,436.65
O5149,2025-08-20,C1235,P2031,L107,SH13,5,₹91709.49,0.1,19268.91
O7718,06/08/2024,C1155,P2041,L110,SH19,4,57465.05,,3736.68
O10964,2025-07-04,C1433,P2038,L113,SH13,3,58230.39,0.2,6848.76
O6590,2024-10-24,C1203,P2092,L108,SH16,4,13892.1,0.15,6003.21
O6067,2024-09-13,C1222,P2004,L111,SH10,1,12219.85,0.17,3601.38
O5715,2025-03-12,C1197,P2007,L103,SH26,6,107844.22,0.2,36767.93
O7888,2025-12-03,C1255,P2033,L112,SH10,3,96401.95,0.07,30289.08
O10906,2025-02-01,C1274,P2014,L111,SH1,2,47419.3,0.23,14726.45
O10205,2024-03-10,C1251,P2057,L106,SH22,3,17084.17,0.19,2399.7
O9676,2025-07-14,C1066,P2047,L116,SH10,2,₹29343.72,0.08,1794.01
O9872,2025-08-06,C1473,P2013,L107,SH13,3,19908.79,0.1,4728.75
O9510,2025-07-03,C1385,P2063,L103,SH13,3,27579.08,0.15,3264.89
O6121,2025-05-29,C1295,P2040,L107,SH1,1,15968.38,0.12,1617.69
O8618,2024-07-07,C1310,P2056,L113,SH22,1,17022.5,,2078.69
O6517,2025-12-15,C1270,P2035,L111,SH10,4,39482.66,0.29,2739.86
O7018,2025-07-26,C1448,P2073,L114,SH1,6,26958.49,0.06,9373.61
O6086,2024-01-31,C1006,P2010,L112,SH12,2,52375.68,0.16,11966.82
O11289,2025-03-08,C1166,P2065,L101,SH16,5,50441.56,0.28,3367.33
O9336,2025-11-05,C1342,P2009,L108,SH22,2,21781.76,0.02,5851.84
O5925,2024-04-12,C1212,P2043,L114,SH19,1,17222.92,,2116.07
O6343,2025-04-03,C1334,P2067,L111,SH10,5,18859.31,0.06,5993.57
O9946,2024-09-29,C1396,P2084,L105,SH1,1,1948.55,0.1,678.35
O10323,2024-12-04,C1331,P2061,L115,SH10,1,5978.86,0.22,557.65
O5211,2024-01-16,C1446,P2043,L110,SH19,1,₹4385.05,0.26,338.1
O6597,2024-10-07,C1381,P2003,L110,SH25,5,130257.26,0.0,28648.24
O10670,2024-12-31,C1016,P2026,L109,SH19,6,130204.38,0.04,43738.28
O10316,2024-08-03,C1137,P2038,L109,SH24,4,70495.04,0.15,8980.18
O6325,2024-05-24,C1016,P2019,L112,SH19,4,20843.15,0.09,4489.89
O8030,2025-02-01,C1373,P2059,L102,SH17,3,2224.02,0.27,292.6
O5409,2025-07-26,C1066,P2095,L109,SH25,3,10790.01,0.08,3092.56
O7131,2024-04-26,C1469,P2022,L116,SH13,5,26580.5,0.08,7759.41
O5544,2025-08-23,C1343,P2051,L113,SH19,1,4687.43,0.17,287.73
O5264,2025-02-18,C1491,P2060,L108,SH22,4,59669.54,0.07,4581.12
O11698,13/09/2025,C1455,P2065,L110,SH16,6,63209.12,0.18,5980.25
O5637,2024-03-28,C1281,P2052,L109,SH22,2,20888.71,0.0,2070.16
O5850,2025-08-02,C1382,P2047,L116,SH25,4,₹31788.0,0.3,
O8224,2025-01-07,C1011,P2038,L108,SH4,-3,25843.0,0.2,3602.7
O7953,2025-11-15,C1493,P2096,L101,SH10,1,1659.6,0.11,456.9
O6946,2024-03-07,C1039,P2023,L112,SH1,1,9739.33,0.0,3509.0
O6487,2025-08-25,C1133,P2017,L111,SH25,4,176745.78,0.16,47654.03
O5062,2025-03-05,C1272,P2028,L113,SH10,6,151527.89,0.02,35075.96
O9607,2024-05-01,C1213,P2069,L113,SH1,2,1738.19,0.0,568.98
O6632,2024-01-14,C1469,P2033,L117,SH16,6,197661.35,0.03,40857.72
O10579,2025-08-11,C1054,P2027,L104,SH10,4,100515.79,0.16,39127.09
O9191,18/10/2025,C1476,P2069,L101,SH19,4,5931.79,0.16,1830.56
O11276,2024-11-28,C1198,P2001,L105,SH19,2,4660.31,0.21,1609.0
O7918,2024-06-23,C1300,P2086,L110,SH22,3,10283.45,0.03,3283.04
O5006,2025-02-28,C1443,P2009,L109,SH13,1,18305.49,0.07,6545.01
O10738,2025-01-07,C1188,P2064,L101,SH13,1,20509.89,0.15,1519.36
O8879,2025-09-04,C1125,P2002,L116,SH13,5,103036.23,0.1,34238.48
O6757,2024-04-19,C1258,P2057,L109,SH22,4,7907.44,0.24,588.61
O11304,2024-02-09,C1082,P2058,L108,SH10,4,31670.79,0.15,4363.03
O10092,2025-05-22,C1418,P2061,L101,SH22,5,43412.47,0.3,2628.7
O7027,2025-07-17,C1295,P2001,L109,SH1,6,193443.16,0.13,45060.72
O9661,2024-06-01,C1158,P2043,L105,SH1,4,8013.09,0.12,796.27
O8625,2024-08-04,C1123,P2083,L108,SH22,4,7628.01,0.1,2251.32
O5662,19/04/2024,C1141,P2020,L107,SH19,5,41834.75,0.02,8586.15
O8006,2024-05-14,C1389,P2039,L110,SH19,4,15944.02,0.24,1163.6
O5349,2024-12-29,C1392,P2029,L113,SH4,2,₹91729.67,0.11,36536.7
O8325,2025-12-29,C1488,P2035,L112,SH20,1,5655.06,0.25,583.73
O10387,2025-05-28,C1002,P2068,L109,SH16,4,6438.26,0.14,2314.87
O8258,2025-02-05,C1410,P2061,L113,SH22,three,₹5927.17,0.26,653.01
O11740,31/12/2025,C1007,P2069,L117,SH7,2,4036.64,0.15,1569.96
O8335,2025-10-16,C1085,P2008,L108,SH7,5,13990.75,0.08,3819.02
O5754,2025-01-23,C1486,P2097,L108,SH16,2,6025.05,0.15,1976.3
O9354,2024-09-12,C1022,P2047,L113,SH25,2,2017.5,0.36,293.14
O7385,2024-01-17,C1135,P2050,L111,SH21,3,35008.18,0.25,4482.41
O5641,08/11/2024,C1165,P2045,L101,SH10,5,19339.11,0.21,1769.04
O9776,2025-06-08,C1442,P2004,L116,SH4,6,72364.51,0.1,24526.75
O11845,2025-08-30,C1027,P2034,L101,SH15,1,10702.7,0.2,1223.59
O7682,2025-10-11,C1007,P2017,L102,SH19,6,64363.96,0.15,13525.54
O10360,2025-11-20,C1283,P2001,L103,SH1,1,44045.08,0.09,10217.96
O5321,2025-02-14,C1412,P2067,L102,SH10,3,1936.07,0.1,664.11
O10029,2024-05-20,C1499,P2022,L105,SH22,4,116917.16,0.1,25317.34
O6458,2025-11-12,C1450,P2037,L117,SH4,6,122381.07,0.15,13519.12
O11551,08/09/2024,C1283,P2083,L110,SH22,3,2638.54,0.06,1024.72
O9449,2024-09-28,C1421,P2003,L114,SH10,3,69855.74,0.07,23677.94
O5632,2024-12-22,C1472,P2099,L111,SH8,2,8449.39,0.05,2846.27
O5246,2025-04-13,C1305,P2079,L107,SH10,3,₹2248.02,0.16,698.98
O11815,2024-07-07,C1445,P2023,L114,SH10,3,87604.86,0.06,31184.89
O11233,2024-10-20,C1177,P2076,L109,SH11,5,16577.9,0.07,6226.82
O8531,2024-10-31,C1253,P2076,L105,SH7,6,4619.92,0.12,1593.71
O10856,2024-11-03,C1412,P2077,L114,SH22,6,13562.3,0.14,3815.48
O10213,01/01/2024,C1077,P2053,L101,SH4,1,12711.14,0.18,1302.72
O8086,26/07/2024,C1241,P2020,L105,SH22,6,210428.87,,79084.02
O10502,2025-09-05,C1302,P2061,L116,SH1,6,82653.0,0.21,
O10320,2025-11-15,C1463,P2058,L111,SH1,2,24449.38,0.02,1591.02
O5063,2024-02-23,C1167,P2073,L103,SH1,6,₹5556.02,0.17,2227.34
O5926,2025-04-09,C1181,P2054,L111,SH19,6,₹91997.72,0.13,11828.86
O7042,2025-06-02,C1304,P2087,L101,SH13,3,6159.83,0.16,2158.49
O5892,2025-10-02,C1179,P2095,L101,SH10,3,5082.03,0.14,1369.46
O5338,2025-12-03,C1102,P2052,L112,SH22,5,74647.38,0.07,8810.01
O11944,2025-06-09,C1046,P2047,L117,SH10,4,33118.87,0.3,2930.52
O10286,2024-07-14,C1495,P2076,L115,SH22,1,2301.02,0.04,835.08
O11136,2025-06-26,C1368,P2035,L110,SH10,1,20072.48,0.12,2243.56
O10928,2024-11-07,C1250,P2018,L106,SH19,1,18192.46,0.13,6444.55
O9803,2025-05-26,C1188,P2074,L105,SH13,2,₹5235.24,0.18,1536.39
O10233,2025-10-30,C1259,P2058,L108,SH10,2,29034.15,0.02,3147.82
O7861,2024-04-08,C1314,P2036,L117,SH7,1,₹12759.55,0.23,1355.47
O7528,2025-01-25,C1226,P2040,L117,SH1,3,38350.64,0.12,4678.09
O5988,2025-11-14,C1145,P2089,L103,SH1,5,10485.17,0.2,2984.69
O8784,2024-11-15,C1337,P2024,L104,SH4,2,₹23913.41,0.06,5868.23
O6629,2025-11-17,C1444,P2047,L115,SH21,5,41278.48,,4052.19
O10875,2025-06-02,C1269,P2058,L110,SH11,6,89537.14,0.21,10876.24
O8268,2025-12-17,C1257,P2097,L103,SH13,3,8552.48,0.0,2890.08
O7328,2025-02-12,C1432,P2025,L109,SH10,5,140155.3,0.08,34775.35
O8273,2024-05-12,C1209,P2037,L103,SH15,6,46558.95,0.21,4094.26
O9140,2024-01-12,C1440,P2045,L114,SH22,6,96658.29,0.24,9096.13
O5881,10/04/2025,C1262,P2036,L105,SH10,2,5394.89,0.21,445.41
O9998,2025-06-15,C1330,P2064,L101,SH19,3,35509.85,0.23,4740.42
O8461,2024-05-25,C1229,P2069,L102,SH19,3,3610.68,0.18,1605.69
O11199,2024-01-06,C1338,P2006,L103,SH10,5,32627.43,0.03,12275.32
O5194,2025-01-26,C1331,P2054,L112,SH13,4,32166.69,,4585.05
O11808,09/01/2025,C1492,P2072,L116,SH7,5,₹6579.51,0.03,2563.64
O8672,2025-03-21,C1347,P2033,L110,SH1,5,205716.5,0.15,65804.35
O7865,2024-11-30,C1165,P2081,L102,SH22,2,₹8248.44,0.0,2507.78
O6179,2025-08-03,C1258,P2015,L115,SH4,6,235259.24,0.13,55786.46
O9471,2024-03-24,C1317,P2023,L102,SH22,4,₹7360.23,0.14,2465.06
O5305,2025-01-31,C1185,P2041,L105,SH10,5,₹107076.91,0.01,11902.05
O10295,2024-08-28,C1047,P2036,L101,SH10,5,9128.18,0.13,953.95
O10794,29/12/2025,C1222,P2005,L108,SH22,4,77421.83,0.11,23710.36
O10855,2025-09-19,C1279,P2057,L117,SH4,3,33533.39,0.13,3142.44
O6663,2024-07-24,C1001,P2085,L105,SH7,2,8566.26,0.04,2657.74
O11071,11/08/2025,C1488,P2083,L101,SH19,6,10458.13,0.16,4055.85
O6239,2025-08-25,C1090,P2068,L110,SH19,3,9400.9,0.25,3270.8
O8869,2024-03-19,C1216,P2016,L108,SH10,3,66373.55,0.17,24704.01
O10128,2024-08-18,C1143,P2065,L116,SH22,3,4175.53,0.2,386.29
O7951,2025-03-09,C1076,P2072,L114,SH16,1,2751.81,0.11,809.59
O9550,2024-12-27,C1357,P2075,L110,SH10,5,20722.93,0.14,6592.49
O6920,2024-02-22,C1154,P2080,L114,SH1,6,6481.04,0.18,2057.97
O7171,2025-05-23,C1394,P2077,L102,SH22,5,23011.89,0.07,6735.19
O6046,2024-10-15,C1109,P2075,L117,SH25,1,542.21,0.11,215.71
O7670,2024-05-07,C1035,P2046,L117,SH22,1,12363.46,0.08,1754.22
O7633,29/01/2024,C1022,P2064,L110,SH1,1,13535.36,0.2,1543.14
O10622,2024-11-21,C1143,P2009,L106,SH4,1,25169.18,0.17,7700.95
O10915,2024-02-10,C1182,P2002,L110,SH22,5,46484.34,0.16,15697.26
O9717,2024-02-02,C1352,P2046,L113,SH1,1,17599.74,0.15,1854.95
O6109,2024-03-28,C1370,P2060,L111,SH25,4,31495.31,0.06,2422.18
O5290,17/01/2024,C1024,P2013,L115,SH16,4,28350.48,0.13,10533.06
O11371,2025-01-23,C1384,P2013,L115,SH4,1,₹19553.39,0.06,4108.51
O8443,2024-03-22,C1351,P2062,L113,SH19,1,3962.9,0.11,449.52
O6058,20/05/2025,C1446,P2036,L117,SH19,5,22164.96,0.1,1716.44
O11830,2024-12-18,C1400,P2073,L116,SH13,5,10878.32,0.13,3186.91
O10899,2024-05-03,C1180,P2055,L116,SH7,5,₹9874.08,0.19,985.3
O5542,2025-06-12,C1100,P2005,L117,SH25,1,34980.35,,11299.98
O8233,2025-08-07,C1166,P2003,L110,SH19,three,32343.92,,11827.76
O10991,2024-06-21,C1088,P2009,L108,SH10,2,44030.74,0.16,13499.38
O10238,2025-03-18,C1202,P2075,L106,SH1,1,4221.92,0.07,1817.76
O9166,21/12/2025,C1076,P2088,L106,SH25,4,₹11347.71,0.17,2845.16
O5088,2024-11-13,C1067,P2077,L103,SH10,2,₹4813.09,0.19,1822.71
O10170,2025-09-18,C1274,P2014,L109,SH16,1,30604.83,0.06,11336.63
O8182,2024-07-15,C1377,P2068,L117,SH13,6,22006.97,,7885.04
O8700,2024-08-17,C1432,P2002,L115,SH1,4,103660.32,0.17,35556.0
O7106,2025-06-09,C1167,P2022,L109,SH1,4,180047.43,0.0,54047.11
O8042,2025-02-25,C1117,P2046,L107,SH1,3,20266.36,0.19,2950.64
O6459,18/03/2025,C1139,P2019,L107,SH4,1,28216.19,0.14,6098.75
O9323,2024-07-16,C1434,P2075,L115,SH19,5,₹13131.81,0.12,5351.95
O7377,2024-07-19,C1202,P2059,L113,SH22,3,₹11078.95,0.12,1488.81
O7037,2025-01-27,C1016,P2033,L116,SH13,6,230631.73,0.08,81633.83
O9815,2024-10-06,C1338,P2051,L102,SH4,2,24817.74,0.11,
O9492,2025-05-10,C1280,P2021,L117,SH1,6,240764.91,0.21,74543.75
O9511,2024-07-11,C1234,P2046,L114,SH1,2,35506.29,0.18,4686.19
O8332,2025-02-09,C1122,P2006,L113,SH10,1,11416.62,0.2,4176.74
O7221,2024-11-13,C1140,P2085,L117,SH20,1,3526.78,0.08,896.01
O9272,2024-09-14,C1356,P2072,L105,SH9,6,15835.66,0.08,6607.88
O11311,2025-09-22,C1368,P2054,L116,SH1,1,5597.9,0.24,554.25
O8574,2025-08-20,C1369,P2009,L115,SH10,5,152699.93,0.0,52064.16
O6054,2025-12-14,C1184,P2050,L106,SH16,2,36911.78,0.25,2629.18
O7864,2024-07-17,C1083,P2070,L111,SH4,1,2757.16,0.05,793.26
O10916,15/07/2025,C1334,P2079,L117,SH13,3,1988.11,0.05,746.81
O9102,09/08/2025,C1465,P2062,L102,SH19,4,₹3378.32,0.2,330.94
O10755,2024-08-09,C1138,P2003,L107,SH16,1,16453.95,0.01,6052.93
O10131,2024-11-15,C1256,P2075,L113,SH19,6,20241.39,0.1,5222.48
O5228,2024-04-05,C1440,P2084,L102,SH13,1,1969.92,0.13,
O9629,2025-09-12,C1143,P2094,L117,SH25,1,2532.0,0.04,679.13
O6745,2024-11-12,C1141,P2087,L117,SH1,4,12592.28,,3428.8
O5882,2024-04-11,C1322,P2018,L101,SH16,6,245833.27,0.0,89990.34
O7703,2025-11-04,C1160,P2092,L103,SH16,2,5694.5,0.1,
O11559,2025-04-27,C1322,P2012,L104,SH13,2,83401.51,0.05,19351.53
O6931,2024-04-09,C1485,P2019,L115,SH16,4,167714.13,0.0,38091.19
O5535,2025-07-26,C1248,P2023,L112,SH13,5,123191.64,0.21,30890.99
O9243,2024-02-20,C1492,P2069,L108,SH19,5,17120.62,0.13,6347.16
O11829,2024-02-16,C1420,P2034,L105,SH1,3,38714.76,0.25,2869.54
O8671,2025-12-15,C1208,P2064,L103,SH10,6,₹30653.89,0.12,1863.31
O10059,2025-07-19,C1169,P2056,L111,SH2,6,₹19119.21,0.12,2260.11
O7844,2024-09-07,C1206,P2030,L114,SH1,6,145093.59,0.08,49918.04
O9189,2025-02-19,C1244,P2015,L111,SH4,5,192135.37,0.08,71144.25
O10578,2025-08-10,C1386,P2074,L108,SH25,3,7584.75,0.24,1945.39
O8040,2024-01-02,C1263,P2058,L110,SH1,1,3309.65,0.25,463.88
O8046,2025-04-20,C1453,P2005,L102,SH10,4,118576.14,0.12,28910.36
O5515,2025-06-13,C1188,P2076,L103,SH4,5,6384.92,0.18,2838.32
O8848,2025-08-30,C1194,P2069,L113,SH1,2,4177.51,0.24,
O5337,2024-01-13,C1412,P2018,L104,SH7,2,8446.77,0.12,3008.67
O8394,2024-07-28,C1270,P2019,L105,SH19,4,93141.92,0.09,30605.69
O7706,2025-12-07,C1134,P2026,L102,SH10,6,₹82871.32,0.04,17878.42
O8381,2025-10-11,C1098,P2066,L112,SH10,3,45360.86,0.29,6026.71
O7831,2024-07-05,C1128,P2029,L115,SH10,2,18859.84,0.08,5132.58
O6381,2024-12-09,C1420,P2095,L111,SH16,2,2178.36,0.08,793.87
O6555,2025-06-11,C1086,P2010,L105,SH10,3,126398.13,,48502.07
O11217,2025-06-26,C1208,P2064,L101,SH7,1,12593.86,0.09,1549.02
O5970,2024-11-17,C1214,P2091,L110,SH19,4,₹9923.71,0.2,3383.98
O5802,2024-07-26,C1324,P2046,L109,SH19,1,7767.86,0.13,488.51
O6351,2025-11-29,C1260,P2058,L109,SH1,6,9017.12,0.18,1334.25
O7020,2025-11-05,C1279,P2021,L112,SH22,2,₹88550.4,,30571.12
O5355,2024-03-15,C1434,P2068,L112,SH10,5,9427.4,0.11,4132.83
O7998,2025-04-21,C1016,P2002,L111,SH4,1,25337.78,0.06,6653.64
O8838,2025-12-05,C1225,P2058,L104,SH13,2,32049.39,0.16,3368.15
O7395,2024-05-12,C1004,P2035,L112,SH22,3,15180.14,0.22,1613.39
O9977,2025-07-17,C1004,P2046,L114,SH1,3,29851.96,0.21,2936.36
O6038,2024-07-26,C1193,P2016,L102,SH4,4,53842.56,0.06,17197.36
O5760,2024-04-16,C1211,P2013,L117,SH19,3,108796.54,,
O5733,2024-04-22,C1361,P2072,L112,SH1,4,16400.14,0.06,6939.49
O11234,2024-04-02,C1377,P2069,L101,SH10,4,₹4845.14,0.0,1961.51
O6055,2024-01-21,C1228,P2002,L108,SH19,3,124964.3,0.01,42001.86
O11267,2025-03-25,C1102,P2053,L102,SH1,2,4414.52,0.2,384.73
O8245,2025-11-05,C1288,P2066,L109,SH25,2,₹34503.61,0.13,4590.88
O8097,2024-09-21,C1187,P2006,L117,SH1,6,254203.07,0.14,58799.24
O5189,2025-08-20,C1227,P2015,L107,SH17,1,₹25993.16,0.06,9871.63
O9173,2025-02-11,C1462,P2031,L107,SH10,1,29816.44,0.01,9805.22
O7439,2025-11-10,C1483,P2076,L112,SH13,3,₹1424.4,0.07,
O8135,2024-07-31,C1428,P2055,L101,SH1,1,13151.81,0.12,1743.7
O11890,2024-06-01,C1148,P2031,L101,SH19,1,12216.23,0.12,2764.54
O7965,2025-04-27,C1069,P2066,L108,SH4,5,45862.43,0.27,4637.8
O8811,03/02/2025,C1480,P2060,L105,SH4,-4,₹79758.45,0.12,11676.24
O7334,2025-10-19,C1268,P2026,L115,SH19,3,57094.6,0.19,13059.23
O9369,2025-09-18,C1064,P2055,L114,SH26,6,44973.95,0.26,4957.64
O5208,2024-07-27,C1199,P2032,L109,SH13,3,45430.7,0.21,9804.58
O7603,2024-05-21,C1144,P2012,L113,SH1,5,98008.27,0.21,23071.66
O10038,2024-11-28,C1413,P2067,L111,SH17,2,952.47,0.0,347.2
O9201,23/09/2025,C1327,P2032,L111,SH22,4,67657.92,0.29,19153.13
O7702,2025-09-29,C1253,P2077,L104,SH7,6,22461.14,0.2,6277.97
O6321,2024-04-22,C1286,P2061,L105,SH2,3,5447.51,0.19,498.13
O9121,2024-07-12,C1467,P2070,L108,SH26,-6,4075.87,0.15,1288.32
O11793,2025-03-05,C1450,P2050,L111,SH4,5,22006.34,0.14,2140.45
O5615,2024-01-14,C1114,P2078,L103,SH13,1,4023.91,0.14,1173.97
O10753,2025-06-17,C1128,P2002,L101,SH22,5,₹204731.6,0.13,54197.8
O11379,2024-11-20,C1203,P2066,L116,SH13,2,8698.41,0.21,581.96
O5248,2025-09-09,C1070,P2039,L111,SH10,2,37484.16,0.21,2926.64
O9409,2025-01-07,C1028,P2060,L114,SH22,2,20883.22,0.2,1843.58
O6722,2024-12-16,C1386,P2032,L109,SH10,6,91334.1,0.12,26389.57
O10185,2025-01-04,C1074,P2051,L105,SH1,6,84540.37,0.17,11865.07
O7653,2024-11-10,C1100,P2073,L110,SH13,2,6145.69,0.0,2720.3
O7495,2024-03-26,C1462,P2019,L104,SH22,5,222923.91,0.17,87498.49
O5333,2024-05-02,C1158,P2060,L109,SH10,6,13984.71,0.22,1855.54
O5090,07/08/2024,C1186,P2040,L106,SH1,2,13060.69,0.28,1684.23
O8782,2025-03-07,C1474,P2004,L103,SH16,1,8512.65,0.04,2654.4
O10530,2024-08-10,C1430,P2091,L102,SH1,1,4073.65,0.06,1148.24
O11274,2024-05-11,C1123,P2087,L102,SH4,2,2389.64,0.09,731.8
O7666,2025-04-13,C1409,P2002,L105,SH1,3,61975.3,0.03,18848.68
O5977,2024-03-29,C1224,P2081,L107,SH13,4,6637.31,0.07,2274.51
O6406,2024-07-03,C1204,P2004,L104,SH1,3,115541.86,0.14,33030.8
O6856,2025-04-21,C1368,P2090,L108,SH10,5,5733.05,0.3,2392.53
O6842,2024-12-25,C1136,P2091,L116,SH13,2,3510.37,0.1,1184.94
O6259,2024-08-19,C1080,P2099,L109,SH10,4,10260.86,0.0,3333.36
O5788,2024-06-10,C1406,P2081,L113,SH2,1,415.27,0.12,144.26
O10711,2025-02-21,C1354,P2025,L114,SH10,4,121302.06,0.14,45537.78
O7167,2025-08-28,C1293,P2030,L111,SH19,1,13425.13,0.0,3395.75
O9630,2024-01-14,C1028,P2012,L115,SH4,-2,46963.69,0.11,18465.71
O11369,2025-08-10,C1500,P2083,L115,SH25,2,₹7847.8,0.17,2319.37
O11581,2024-12-19,C1286,P2010,L112,SH1,3,139722.28,0.06,46364.39
O10066,2024-02-13,C1056,P2058,L110,SH22,6,20437.7,0.24,2365.36
O5524,2025-09-30,C1421,P2099,L106,SH19,6,₹15866.86,0.23,4806.14
O8778,2024-02-02,C1164,P2008,L112,SH10,4,132183.29,0.01,40501.27
O9823,2025-02-23,C1472,P2014,L107,SH10,5,55093.37,0.07,
O10453,2024-05-16,C1175,P2056,L101,SH25,4,45297.69,0.17,5846.79
O5667,2025-09-23,C1034,P2023,L115,SH10,2,52098.46,0.06,13805.0
O5801,2024-07-01,C1111,P2079,L115,SH19,2,4145.27,0.05,1149.4
O9690,2024-10-31,C1214,P2061,L103,SH22,4,69248.17,0.17,7750.99
O8731,2024-11-13,C1059,P2094,L101,SH4,2,7268.68,0.16,2590.11
O10363,2025-11-26,C1417,P2051,L107,SH22,5,9161.59,0.24,1182.96
O7141,2025-08-25,C1250,P2063,L113,SH1,3,16503.4,0.08,1629.04
O8917,2024-01-01,C1222,P2094,L111,SH25,5,14458.71,0.15,3836.11
O8060,2025-11-09,C1243,P2060,L103,SH1,3,10772.4,0.23,704.6
O11758,2025-03-20,C1202,P2017,L101,SH21,1,9696.25,0.15,3364.81
O8154,2024-07-16,C1089,P2021,L112,SH1,2,27100.88,0.08,6359.56
O9181,2024-11-26,C1176,P2069,L112,SH4,5,20229.89,0.02,5370.33
O8265,2025-02-18,C1466,P2035,L115,SH1,2,30243.34,0.27,4337.38
O7366,2025-04-13,C1232,P2081,L117,SH1,6,24039.35,0.17,9621.38
O9731,2025-08-13,C1344,P2095,L108,SH22,4,8993.29,,3036.18
O5917,2025-05-17,C1210,P2033,L102,SH8,3,80208.52,0.11,27264.76
O6141,2024-06-20,C1491,P2013,L106,SH13,3,10407.61,0.1,3148.3
O7280,2025-09-16,C1372,P2018,L115,SH25,3,128336.67,0.07,27246.65
O8758,2024-12-23,C1486,P2058,L116,SH22,2,26365.08,0.19,3936.77
O6595,2025-07-08,C1213,P2003,L101,SH22,5,159145.03,0.06,
O9719,02/11/2024,C1196,P2055,L101,SH10,4,54054.77,0.1,3528.36
O8615,2024-09-01,C1189,P2058,L102,SH23,2,41867.84,0.16,3314.28
O11448,2024-06-23,C1458,P2040,L117,SH13,6,83501.73,0.11,7209.08
O5890,2024-02-27,C1288,P2021,L117,SH16,5,112195.44,0.0,33539.51
O6499,17/08/2024,C1277,P2043,L101,SH16,4,₹78569.3,0.05,6764.09
O8199,2024-08-21,C1006,P2002,L111,SH16,-1,25221.16,0.04,6052.5
O7093,2024-07-31,C1194,P2022,L113,SH10,2,23686.5,0.1,6410.82
O7783,2025-02-09,C1406,P2040,L104,SH4,5,67792.95,0.07,7749.63
O11224,2024-03-26,C1129,P2016,L115,SH16,4,61502.83,0.18,12660.92
O9184,2024-08-31,C1154,P2072,L115,SH1,3,8226.24,0.11,2317.25
O11502,2025-02-28,C1324,P2088,L114,SH1,three,3904.39,0.0,1160.78
O10802,2025-08-06,C1341,P2009,L117,SH19,4,102600.13,0.12,29436.35
O8448,2025-01-31,C1400,P2019,L105,SH1,3,81172.15,0.13,30739.33
O5514,2025-08-15,C1325,P2036,L109,SH19,4,₹46950.19,0.16,3551.62
O11120,2024-09-14,C1212,P2033,L112,SH1,3,85718.58,0.18,23744.8
O11398,2024-06-17,C1165,P2027,L110,SH12,6,161355.32,0.12,32273.32
O7060,2025-08-02,C1245,P2066,L103,SH16,6,₹24124.12,0.16,2808.64
O6581,10/09/2024,C1497,P2058,L111,SH13,3,45442.4,0.1,3200.22
O7911,2025-01-16,C1278,P2037,L111,SH12,2,26237.5,0.14,2992.92
O7615,2025-11-03,C1092,P2060,L104,SH1,6,₹14542.43,,1115.89
O7773,2025-08-30,C1153,P2074,L115,SH1,4,₹8202.52,0.17,2558.38
O5577,03/08/2024,C1339,P2033,L103,SH1,4,38381.33,0.08,8466.99
O10349,2025-07-07,C1485,P2039,L114,SH1,4,66063.72,0.2,7565.38
O6613,2025-04-28,C1266,P2078,L109,SH19,6,12899.17,0.15,5640.04
O6937,2024-09-15,C1214,P2022,L112,SH19,1,11537.77,0.02,2954.24
O11652,2025-09-17,C1047,P2079,L108,SH4,2,1629.55,,489.7
O6449,2025-11-06,C1076,P2053,L108,SH1,2,35296.81,0.29,3252.51
O6584,2024-09-24,C1288,P2099,L111,SH10,4,10795.24,0.23,3586.67
O11616,2025-01-10,C1086,P2087,L116,SH4,1,2763.49,0.11,791.25
O9410,03/12/2024,C1473,P2087,L116,SH19,1,₹2316.54,0.0,1036.06
O11464,2024-05-04,C1352,P2094,L113,SH7,5,5594.92,0.18,1462.38
O7446,2024-07-21,C1390,P2057,L108,SH8,1,16469.65,0.29,2095.1
O6805,2025-10-05,C1248,P2045,L107,SH13,4,58537.97,0.33,8626.75
O6562,2025-03-12,C1460,P2068,L117,SH7,-2,2876.47,0.16,940.07
O11394,2024-11-28,C1002,P2056,L117,SH25,2,25379.32,0.19,3332.42
O7812,18/11/2024,C1073,P2062,L112,SH7,3,17823.14,0.13,2269.87
O11440,2025-02-19,C1332,P2044,L116,SH22,3,37807.48,0.18,4918.03
O5179,29/10/2024,C1096,P2002,L111,SH7,5,132286.63,0.17,46493.0
O11594,2025-11-26,C1283,P2004,L103,SH1,1,29084.57,0.1,8060.59
O7714,2025-08-12,C1074,P2042,L112,SH15,2,17046.14,0.15,1486.22
O5433,2025-10-21,C1371,P2013,L109,SH13,3,39105.15,0.06,15553.42
O6520,2025-10-27,C1121,P2090,L115,SH1,4,14251.63,0.09,6279.4
O7409,2024-10-21,C1361,P2022,L112,SH19,2,22333.64,0.12,8748.94
O6066,14/11/2024,C1101,P2022,L111,SH7,4,17503.78,0.1,5689.76
O5809,2025-05-22,C1421,P2013,L115,SH1,6,70687.44,0.18,22033.09
O11863,2024-02-15,C1269,P2096,L103,SH26,4,18147.79,0.06,4547.39
O11112,2025-04-02,C1369,P2069,L103,SH1,3,3869.48,0.2,1738.21
O11493,2025-12-22,C1316,P2050,L103,SH10,4,25023.5,0.04,2408.98
O10672,2025-02-18,C1151,P2036,L113,SH1,2,14092.5,0.29,851.78
O11208,2025-05-11,C1408,P2097,L116,SH10,3,8426.82,0.12,2809.74
O6210,2024-10-16,C1201,P2010,L117,SH21,5,74729.15,,28741.79
O7745,2024-05-14,C1167,P2057,L109,SH1,6,23029.26,0.11,3412.27
O7212,2025-11-10,C1349,P2036,L115,SH1,4,17486.65,0.23,2048.64
O11288,2024-06-16,C1302,P2007,L110,SH16,4,66354.49,0.22,20494.23
O6588,2025-12-22,C1411,P2049,L103,SH22,1,6471.87,,593.75
O8750,2024-11-27,C1275,P2014,L105,SH10,2,35576.67,0.1,10506.65
O11066,2024-07-25,C1254,P2025,L105,SH22,4,61762.97,0.16,18428.81
O11954,2025-07-12,C1075,P2042,L102,SH22,6,82072.45,0.17,7185.97
O9565,2025-05-04,C1363,P2004,L110,SH7,6,193893.16,,48585.0
O7122,2024-03-02,C1382,P2092,L109,SH22,3,1401.98,0.09,411.81
O8024,2024-01-15,C1352,P2096,L105,SH1,2,3818.0,0.07,1205.61
O7092,2024-05-27,C1311,P2027,L112,SH25,6,216024.74,0.08,69169.11
O8843,2024-11-05,C1342,P2049,L103,SH10,2,12944.27,0.19,1232.14
O9809,15/02/2025,C1211,P2098,L112,SH13,4,1665.66,0.09,640.35
O9434,2024-07-07,C1456,P2073,L101,SH4,5,18786.01,0.21,5386.93
O9217,2024-11-27,C1118,P2045,L102,SH4,2,36741.89,0.2,3526.43
O8238,2024-05-02,C1477,P2021,L116,SH16,-2,60593.47,0.04,17192.54
O5963,2025-03-20,C1416,P2048,L106,SH22,3,41441.53,0.14,2833.16
O7424,2025-03-03,C1482,P2040,L109,SH13,6,21184.9,0.06,2653.0
O5271,2025-03-09,C1306,P2018,L113,SH22,6,67940.67,0.01,22223.41
O5689,23/06/2025,C1441,P2036,L111,SH1,5,42711.12,0.21,3369.31
O7685,2024-02-18,C1048,P2054,L111,SH4,6,48578.7,0.24,4645.51
O7287,2025-02-02,C1255,P2098,L111,SH13,5,3940.55,0.06,1742.31
O7217,2025-10-21,C1233,P2045,L110,SH16,4,22671.52,0.09,1770.26
O7361,28/08/2024,C1286,P2076,L109,SH10,5,11889.1,0.0,4420.28
O6313,2024-09-28,C1470,P2064,L112,SH1,1,₹17764.89,0.13,2203.16
O6123,2025-04-18,C1451,P2063,L115,SH13,6,71648.13,0.19,9053.18
O8707,2024-05-03,C1428,P2092,L114,SH16,1,3518.14,0.0,1289.44
O11878,2025-05-15,C1448,P2045,L112,SH7,5,77472.36,0.14,6102.11
O8951,2025-04-22,C1442,P2005,L109,SH20,1,2772.15,0.09,1108.6
O8760,2024-03-06,C1175,P2082,L101,SH19,1,3294.01,0.02,1081.37
O8361,2025-11-29,C1358,P2062,L107,SH16,3,9901.32,0.18,1098.03
O10262,2024-04-11,C1429,P2030,L103,SH13,3,₹60720.03,0.12,22087.43
O9324,2024-05-22,C1321,P2066,L103,SH4,1,18747.43,0.21,2568.16
O6088,2024-12-13,C1113,P2034,L106,SH4,1,14704.13,0.31,
O6135,2024-06-21,C1064,P2069,L113,SH25,3,1703.01,0.25,685.83
O11101,2024-01-29,C1324,P2084,L107,SH22,2,4149.32,0.1,1710.14
O7133,2025-06-23,C1324,P2086,L111,SH19,5,5244.04,0.06,2026.25
O11384,2025-05-19,C1004,P2074,L105,SH10,4,9132.88,0.07,3497.59
O10168,2024-11-18,C1274,P2036,L111,SH10,5,22907.16,0.22,2947.85
O9282,2025-03-31,C1162,P2082,L104,SH10,3,11668.33,0.12,4477.18
O7585,2024-02-05,C1427,P2087,L104,SH4,4,1567.13,0.06,621.63
O7892,2025-09-11,C1149,P2041,L101,SH10,1,3576.64,0.26,420.62
O10001,2025-02-05,C1004,P2074,L109,SH22,6,7071.34,0.04,1785.3
O9014,2025-02-22,C1302,P2046,L103,SH22,3,30568.28,0.17,3593.74
O5314,2024-04-30,C1065,P2096,L109,SH13,3,9476.59,0.2,2424.79
O7632,2025-07-07,C1374,P2002,L102,SH10,1,41816.31,0.19,15909.55
O7072,2025-12-05,C1338,P2025,L105,SH13,6,₹100588.91,0.03,33940.78
O8399,2024-06-06,C1124,P2001,L115,SH1,5,49084.75,0.2,17709.63
O10685,2024-11-07,C1131,P2080,L116,SH19,4,9977.47,0.0,3150.97
O8528,2025-11-13,C1223,P2093,L111,SH19,6,8839.78,0.0,2578.35
O11769,2025-11-17,C1267,P2013,L105,SH13,4,153422.29,0.1,56501.81
O8017,2025-11-04,C1384,P2030,L115,SH25,1,31325.73,0.0,6820.05
O7158,2025-11-05,C1069,P2042,L114,SH22,6,40910.89,0.19,5825.48
O5805,2025-02-25,C1438,P2030,L103,SH7,5,205964.22,0.13,61344.93
O6913,2024-09-20,C1375,P2023,L113,SH7,4,194734.62,0.0,53282.43
O7400,2024-07-01,C1431,P2079,L110,SH22,1,2628.06,0.03,817.09
O9125,2025-12-16,C1038,P2017,L109,SH10,3,₹65808.89,0.0,17504.63
O7629,2025-02-19,C1196,P2081,L110,SH10,3,12859.17,0.07,4604.08
O11786,2025-01-29,C1358,P2014,L111,SH7,5,153526.35,0.15,61275.37
O5468,2024-10-20,C1103,P2035,L106,SH7,6,76980.92,0.26,5633.35
O7878,2025-09-13,C1319,P2017,L115,SH10,5,103671.84,0.18,29230.31
O9293,2024-01-28,C1351,P2005,L103,SH25,3,164430.35,0.0,52701.92
O10165,2024-07-23,C1485,P2032,L112,SH13,4,108321.44,0.14,36174.48
O5973,2025-04-16,C1088,P2084,L116,SH25,5,17911.54,0.0,7590.13
O5225,2024-04-19,C1346,P2056,L106,SH7,2,41890.54,0.09,4490.44
O10863,2025-08-25,C1256,P2056,L103,SH19,5,27296.03,0.08,2943.2
O9356,2025-04-28,C1410,P2015,L102,SH1,1,36516.41,0.04,11113.42
O6433,2024-08-05,C1044,P2046,L114,SH19,3,11334.76,0.15,1192.38
O8567,2025-05-17,C1244,P2066,L112,SH4,5,44542.98,0.11,6120.95
O5806,2024-01-15,C1243,P2060,L109,SH1,2,29176.96,0.21,3683.77
O11242,2025-09-25,C1097,P2019,L102,SH10,3,23473.74,0.17,6226.3
O7798,2025-07-09,C1044,P2010,L108,SH7,3,78029.43,0.16,16355.87
O10944,2024-04-06,C1389,P2044,L116,SH10,2,36464.45,0.22,2308.71
O6720,26/02/2025,C1370,P2022,L112,SH2,4,133314.02,0.09,30447.59
O6553,2024-01-16,C1461,P2024,L115,SH25,6,59406.8,0.05,16855.2
O7241,2025-01-18,C1194,P2001,L106,SH16,1,2771.13,0.18,651.27
O10135,2025-11-21,C1094,P2058,L103,SH13,2,22522.79,0.22,1861.5
O9576,2024-04-06,C1201,P2072,L107,SH10,6,11247.09,0.23,3152.8
O9279,2024-10-23,C1249,P2053,L107,SH13,-1,2030.62,,130.11
O9464,2025-04-23,C1088,P2006,L116,SH4,4,143408.38,,49462.44
O9774,30/05/2024,C1004,P2078,L103,SH13,6,25324.8,0.09,9262.05
,,,,,,,,,
O8642,2025-02-28,C1332,P2066,L112,SH5,-3,13078.67,0.29,1370.88
O10698,17/05/2025,C1431,P2016,L106,SH19,5,178757.06,0.15,58052.88
O8699,2025-07-02,C1419,P2025,L101,SH1,6,303067.29,0.0,116611.67
O9039,2024-09-07,C1451,P2003,L112,SH4,5,147774.26,0.1,55932.45
O11010,2025-07-21,C1294,P2047,L101,SH4,1,1729.4,0.33,243.22
O5692,2025-06-16,C1315,P2073,L116,SH4,5,16330.99,0.13,
O11992,2024-09-21,C1455,P2041,L108,SH13,3,34787.78,0.31,5158.62
O9703,2025-02-27,C1107,P2096,L105,SH10,5,7660.35,0.16,3330.68
O6078,2025-08-20,C1387,P2046,L110,SH1,4,83556.11,0.06,10845.13
O8803,2025-10-27,C1436,P2012,L110,SH19,2,₹17747.85,0.08,4065.14
O11427,2025-04-25,C1497,P2001,L114,SH10,6,21083.25,0.16,8302.88
O7668,2024-08-19,C1047,P2045,L106,SH4,2,31444.24,0.13,3445.21
O7087,2024-06-26,C1124,P2059,L106,SH1,2,39111.11,0.15,3330.4
O9042,2025-10-01,C1474,P2090,L110,SH19,2,5589.14,,1516.99
O10470,2025-12-12,C1456,P2041,L108,SH4,6,64445.57,0.23,4268.05
O7823,2025-06-03,C1145,P2092,L109,SH1,4,13441.15,0.1,3756.62
O5785,2025-12-01,C1206,P2042,L104,SH4,1,11201.19,0.24,810.51
O6494,2024-03-29,C1223,P2068,L107,SH22,1,2523.71,0.18,948.47
O6117,2024-10-17,C1102,P2009,L113,SH19,1,10637.95,0.15,2746.94
O10885,2024-07-08,C1115,P2036,L110,SH19,6,40866.79,0.13,2914.28
O9107,2025-01-31,C1116,P2086,L106,SH16,3,10031.05,0.22,3820.51
O9628,2025-12-29,C1346,P2016,L114,SH1,4,51551.74,0.0,12660.62
O6136,2024-07-01,C1079,P2057,L112,SH20,5,₹26893.45,0.11,1696.98
O10248,2024-10-11,C1140,P2049,L104,SH13,1,18261.76,0.08,1502.52
O10788,2025-10-19,C1202,P2003,L103,SH13,5,149015.08,0.03,43773.94
O8198,2025-02-04,C1500,P2056,L105,SH19,3,17577.72,0.23,2175.84
O9077,2025-12-21,C1349,P2013,L113,SH16,5,46300.29,0.06,16198.26
O11312,2024-08-21,C1161,P2034,L104,SH4,5,61206.17,,6086.73
O6361,2025-03-14,C1426,P2007,L103,SH7,2,39596.05,0.0,13883.77
O6968,2025-09-14,C1035,P2042,L116,SH10,2,13418.73,0.14,1089.11
O11013,2024-09-27,C1123,P2047,L106,SH7,2,5585.99,0.19,663.03
O8185,2025-01-17,C1474,P2028,L111,SH1,5,27493.91,0.05,8718.88
O7101,2024-10-12,C1151,P2019,L114,SH10,3,142853.93,0.01,33885.53
O6732,2025-05-25,C1333,P2026,L112,SH5,6,136104.77,0.13,52065.59
O6364,2024-11-27,C1371,P2086,L105,SH23,6,₹20728.14,0.0,8595.97
O8537,2025-11-02,C1052,P2051,L117,SH4,2,9787.3,0.12,994.11
O10408,2025-06-20,C1094,P2069,L109,SH4,3,8444.58,0.06,2912.2
O9583,2025-01-01,C1385,P2091,L105,SH4,2,5920.19,0.19,2253.25
O8549,2024-06-22,C1490,P2050,L104,SH4,1,6950.76,,900.83
O5136,2024-06-17,C1266,P2020,L110,SH4,3,29580.83,0.03,11446.23
O5250,2025-02-06,C1167,P2049,L109,SH4,5,39015.17,0.19,5613.74
O7102,2024-08-25,C1086,P2067,L103,SH22,6,25138.86,0.05,9406.68
O6198,2025-10-21,C1447,P2029,L103,SH25,6,₹117983.72,0.01,45073.72
O6624,2025-06-07,C1459,P2007,L105,SH10,3,₹117973.78,0.12,33632.1
O5306,2024-03-15,C1350,P2023,L116,SH10,2,3541.47,0.26,756.13
O6027,2024-04-01,C1230,P2020,L111,SH16,4,₹154128.93,0.13,51309.59
O8296,2025-02-18,C1339,P2080,L111,SH17,4,3146.72,0.07,819.3
O5816,22/02/2024,C1485,P2087,L112,SH19,1,819.4,0.1,264.76
O11674,2025-02-28,C1202,P2049,L103,SH7,5,97121.88,0.11,12097.1
O9126,2024-08-01,C1277,P2030,L111,SH10,1,11860.81,0.17,3285.88
O9782,2024-08-10,C1396,P2079,L114,SH16,4,13957.81,0.01,4498.94
O11690,2024-06-08,C1112,P2082,L115,SH1,1,1699.63,0.11,693.68
O7053,2025-08-07,C1013,P2021,L103,SH19,5,51719.87,0.1,
O8799,2024-03-16,C1011,P2031,L111,SH4,3,60304.64,0.19,18019.89
O5595,2025-07-10,C1137,P2051,L103,SH11,4,40429.47,0.17,3125.09
O5607,2025-07-10,C1098,P2073,L106,SH13,5,8196.96,0.18,3249.93
O8316,2024-07-27,C1364,P2077,L107,SH14,2,6626.81,0.11,2110.7
O8389,2024-12-03,C1039,P2085,L104,SH16,2,₹5237.82,0.19,1898.59
O11033,17/03/2024,C1284,P2020,L110,SH4,3,22782.82,0.06,8521.09
O5799,2024-08-21,C1399,P2015,L111,SH4,4,26715.87,0.01,9285.09
O5771,2025-05-04,C1363,P2099,L116,SH1,5,₹11788.74,0.02,4937.24
O11538,30/12/2024,C1407,P2074,L105,SH22,5,11498.1,0.1,2910.43
O7913,2024-08-11,C1171,P2094,L112,SH22,1,858.81,0.01,335.2
O5563,2025-12-18,C1218,P2027,L114,SH13,3,103938.76,0.17,28376.9
O10114,2025-07-11,C1362,P2033,L101,SH21,3,17207.46,0.07,3598.22
O8247,2025-10-11,C1441,P2001,L113,SH22,2,39429.26,0.09,12939.84
O6113,2024-06-06,C1403,P2005,L105,SH19,6,280744.75,0.13,111975.46
O11969,2024-07-14,C1184,P2011,L108,SH16,4,143439.59,0.13,31473.15
O6552,2025-06-01,C1042,P2053,L114,SH19,2,39843.24,0.19,4456.11
O7788,2024-04-12,C1395,P2067,L109,SH1,5,₹6494.1,0.16,1758.1
O11719,2025-08-05,C1047,P2043,L106,SH13,3,51299.64,0.27,3352.29
O11350,2024-02-27,C1105,P2034,L109,SH1,5,74393.13,0.18,7593.0
O7390,2024-06-26,C1104,P2014,L107,SH13,4,₹80130.19,0.05,30226.69
O11546,2025-10-14,C1054,P2095,L114,SH19,2,4340.92,0.16,1772.61
O6315,12/10/2024,C1058,P2074,L114,SH8,2,2130.94,0.0,670.42
O8727,2025-05-22,C1144,P2027,L105,SH19,2,91070.06,0.06,25511.35
O9110,2025-10-22,C1017,P2073,L116,SH10,6,2628.98,0.07,814.12
O8968,2025-02-27,C1276,P2096,L114,SH10,4,7305.73,0.0,3093.34
O5812,2024-05-21,C1013,P2059,L115,SH13,6,94848.26,0.28,9151.19
O11679,2025-02-25,C1113,P2098,L109,SH10,3,6954.97,0.07,1980.11
O10617,2025-04-25,C1177,P2084,L109,SH25,2,5239.92,0.12,1775.18
O6527,2025-03-10,C1440,P2069,L115,SH25,3,7918.67,0.13,2879.71
O10134,2024-10-12,C1072,P2005,L112,SH4,5,226498.49,0.01,72522.58
O7068,2025-04-25,C1388,P2089,L105,SH10,5,8387.35,0.14,3256.68
O6827,2025-12-19,C1124,P2086,L116,SH19,1,4396.14,0.09,1469.78
O6522,2025-05-22,C1143,P2079,L113,SH10,1,486.7,0.0,158.92
O7335,2024-10-03,C1113,P2082,L109,SH15,5,2172.0,0.09,758.14
O8889,2024-10-24,C1052,P2084,L110,SH19,3,4414.22,0.1,1365.34
O8716,2024-05-17,C1016,P2065,L102,SH22,2,17239.81,0.18,1904.09
O6637,2024-11-17,C1228,P2082,L102,SH7,6,4428.58,0.13,1589.05
O7724,17/07/2024,C1025,P2015,L116,SH22,6,215343.88,,50114.85
O10149,2024-08-24,C1238,P2060,L101,SH1,6,31572.84,0.21,2821.57
O5158,2025-03-02,C1189,P2043,L104,SH25,6,72538.38,0.19,9553.88
O5408,2025-11-04,C1260,P2039,L106,SH7,4,84522.91,0.04,6449.29
O11798,2025-03-10,C1037,P2008,L103,SH4,2,61543.73,0.04,14401.91
O9321,2025-02-02,C1169,P2004,L106,SH19,1,43896.16,0.19,8841.46
O10317,30/05/2024,C1302,P2012,L109,SH21,1,9369.46,0.05,3298.33
O5206,2024-09-03,C1387,P2069,L116,SH22,2,7321.85,0.15,2270.85
O9985,2024-11-26,C1036,P2084,L103,SH4,three,10999.31,,3947.37
O6063,2025-05-22,C1349,P2067,L115,SH19,2,4125.54,0.0,1657.66
O6776,2024-07-12,C1458,P2092,L105,SH7,1,3401.96,0.14,990.75
O11724,2025-05-18,C1233,P2083,L108,SH22,2,7230.52,0.21,2571.7
O7935,2025-01-20,C1310,P2074,L109,SH16,1,2997.43,,1007.14
O6215,2024-02-23,C1183,P2061,L106,SH10,5,13285.25,0.27,1413.41
O9640,2025-05-14,C1038,P2093,L101,SH13,1,3372.77,,924.69
O9606,2025-12-29,C1279,P2015,L110,SH1,1,11532.98,0.11,
O10455,2025-02-06,C1183,P2040,L115,SH2,2,1917.5,0.21,198.95
O8096,2024-03-15,C1422,P2019,L113,SH7,2,3055.42,0.12,1178.01
O9854,2025-02-16,C1374,P2069,L112,SH19,1,₹2762.63,0.1,793.72
O5551,2024-12-27,C1118,P2041,L114,SH10,2,₹23140.96,0.13,1408.71
O11205,13/12/2024,C1403,P2005,L110,SH25,2,₹8541.03,0.01,3235.66
O5537,2024-04-12,C1229,P2090,L106,SH13,5,6377.93,0.08,2105.43
O8502,2024-11-15,C1495,P2032,L103,SH1,1,9646.54,0.23,2091.96
O10900,2024-06-17,C1283,P2099,L115,SH19,1,1577.9,,595.66
O11253,2024-11-24,C1097,P2001,L102,SH1,5,236129.68,0.07,84774.08
O10883,2024-11-23,C1166,P2076,L101,SH10,2,3162.23,0.08,1258.21
O9523,2024-05-19,C1247,P2070,L113,SH22,3,5892.31,0.17,2111.31
O6079,2024-10-25,C1159,P2078,L111,SH22,6,12202.32,0.03,3070.3
O11024,2024-09-27,C1039,P2095,L116,SH4,6,4900.96,0.01,2098.94
O6982,2024-11-01,C1217,P2090,L101,SH4,1,1392.47,0.13,388.24
O11019,2025-04-20,C1063,P2041,L117,SH25,5,102842.05,0.13,11007.96
O5236,2024-11-30,C1310,P2099,L113,SH13,4,2145.11,0.0,653.54
O9238,2025-11-07,C1024,P2045,L102,SH16,5,68738.36,0.09,6191.02
O7880,2024-12-24,C1278,P2089,L110,SH22,1,2820.32,0.18,805.59
O11397,2024-08-13,C1429,P2049,L111,SH1,1,14955.01,0.3,2105.1
O5885,2025-05-17,C1151,P2085,L116,SH19,5,11977.05,0.12,4293.62
O9886,2025-01-25,C1461,P2017,L113,SH19,2,20121.53,0.16,4110.15
O10263,2025-05-18,C1226,P2084,L113,SH13,4,18539.5,0.0,7672.53
O8644,2025-08-06,C1233,P2044,L108,SH22,2,30030.53,0.21,3327.8
O8773,2025-05-21,C1323,P2021,L114,SH10,5,56755.04,0.13,22459.53
O11490,2024-11-27,C1309,P2085,L106,SH25,2,₹1267.45,0.09,417.49
O8071,2024-06-13,C1023,P2024,L103,SH4,6,259845.11,0.04,71253.16
O5033,2024-04-20,C1422,P2082,L112,SH26,5,16645.18,0.05,5730.86
O8090,2024-01-16,C1444,P2065,L102,SH16,2,8243.99,0.16,685.24
O9805,09/07/2024,C1061,P2021,L106,SH13,5,61908.66,0.1,19836.55
O10447,2025-04-12,C1307,P2091,L109,SH22,4,17981.64,0.08,6867.9
O5080,2024-03-19,C1030,P2048,L110,SH7,5,69703.95,0.15,10313.62
O10927,2025-11-02,C1472,P2087,L108,SH13,3,5704.92,0.14,2067.95
O9836,2024-05-01,C1300,P2087,L113,SH1,4,2210.39,0.09,632.71
O5375,2025-04-21,C1023,P2034,L115,SH19,1,6600.36,0.08,893.27
O8892,2025-03-12,C1343,P2095,L117,SH10,-3,9244.54,0.1,4122.83
O9331,2025-06-22,C1110,P2097,L103,SH13,1,3033.68,0.19,999.68
O9547,2025-04-13,C1420,P2028,L107,SH10,4,60026.83,0.09,21707.1
O5474,2025-11-30,C1151,P2058,L106,SH19,5,11319.35,0.13,1659.67
O10922,2024-01-18,C1119,P2083,L110,SH25,3,10159.2,0.07,3434.72
O10865,2024-08-12,C1391,P2043,L108,SH10,3,15508.99,0.2,2071.25
O6464,2025-12-11,C1071,P2068,L115,SH19,3,5246.84,0.05,2292.74
O6062,2024-11-26,C1345,P2084,L102,SH10,1,2222.44,0.07,997.92
O7848,2025-12-22,C1140,P2074,L108,SH25,1,3815.22,0.12,1002.82
O9171,2025-07-01,C1204,P2008,L116,SH22,5,248031.13,0.01,66554.41
O7076,2024-05-29,C1236,P2069,L111,SH4,4,6286.95,0.0,1662.33
O10563,2024-03-09,C1365,P2028,L104,SH19,5,44774.85,0.1,15745.99
O5629,2025-08-07,C1132,P2039,L103,SH19,1,9951.36,0.05,1419.16
O9060,2025-09-21,C1233,P2030,L110,SH4,6,304763.66,0.04,75605.28
O9007,2024-07-29,C1425,P2031,L103,SH10,6,129962.79,0.03,50918.94
O10683,2024-02-12,C1070,P2095,L113,SH13,2,₹5041.49,0.1,1802.13
O9377,2025-12-14,C1082,P2090,L108,SH19,1,₹1021.87,0.11,390.49
O8735,2025-06-08,C1202,P2022,L101,SH7,6,230759.9,0.12,49952.48
O10103,2025-03-05,C1122,P2034,L105,SH25,4,87045.51,0.0,9036.87
O5004,2025-06-05,C1478,P2092,L110,SH10,4,11226.27,0.23,3739.45
O6420,2024-09-22,C1003,P2089,L102,SH1,3,11113.54,0.17,2874.13
O10859,2025-06-22,C1486,P2046,L102,SH13,three,32809.63,0.22,4728.42
O5424,2025-01-19,C1188,P2092,L102,SH22,5,19279.65,0.13,5806.22
O6033,2025-02-15,C1228,P2011,L111,SH1,3,99017.33,0.0,29536.34
O9237,2024-03-31,C1363,P2069,L112,SH10,5,13565.92,0.04,5250.15
O10664,08/04/2024,C1211,P2082,L109,SH7,2,2893.66,0.16,961.54
O11107,2024-01-25,C1326,P2016,L105,SH19,6,224462.56,0.17,
O10841,2025-09-10,C1324,P2086,L108,SH16,6,12067.77,,5263.98
O7184,2024-11-25,C1395,P2059,L113,SH3,1,13896.79,0.15,1082.84
O11599,2025-12-21,C1236,P2053,L101,SH19,6,50208.13,0.23,6438.03
O7518,2024-12-15,C1369,P2053,L101,SH16,3,12597.13,0.21,1037.7
O11317,2025-05-17,C1468,P2040,L107,SH13,5,66296.49,0.2,4450.36
O8728,2024-08-28,C1374,P2008,L107,SH19,2,33169.15,0.11,9425.4
O8576,2024-04-18,C1030,P2004,L112,SH19,3,85424.62,,27825.67
O5694,2025-02-27,C1378,P2027,L114,SH22,2,5900.75,0.25,1592.79
O8283,2025-02-12,C1153,P2007,L115,SH25,1,8605.21,0.08,2782.82
O9318,2024-01-06,C1168,P2047,L116,SH19,2,31944.47,0.25,2580.15
O11210,14/02/2025,C1087,P2023,L110,SH10,5,212589.44,0.11,74709.11
O10430,2024-10-11,C1039,P2068,L108,SH19,2,4643.12,0.11,1689.01
O11877,2025-06-26,C1289,P2057,L110,SH6,1,16137.65,0.19,1810.42
O5164,2025-01-20,C1340,P2062,L117,SH19,3,21149.89,0.16,1598.64
O6668,2025-06-30,C1447,P2055,L113,SH21,5,10136.38,0.2,1053.65
O8919,2024-10-17,C1350,P2024,L107,SH13,5,168104.63,0.13,66221.68
O8944,2025-04-23,C1012,P2062,L114,SH10,3,23928.01,0.15,2099.24
O6619,2024-09-17,C1157,P2048,L113,SH1,1,10352.82,0.28,1218.98
O10102,2024-08-31,C1129,P2009,L116,SH1,2,47156.88,0.16,18123.14
O9283,2025-01-04,C1231,P2005,L117,SH16,1,21760.55,0.08,6843.8
O5213,2025-01-24,C1283,P2042,L110,SH13,3,₹31174.81,0.14,3690.63
O9036,2024-10-08,C1448,P2065,L102,SH13,5,4084.34,0.18,320.04
O11092,2025-06-13,C1416,P2023,L108,SH1,6,304640.85,0.07,64459.5
O8174,2025-08-28,C1265,P2057,L116,SH10,5,₹44237.54,0.26,
O10357,2024-04-13,C1117,P2090,L108,SH4,4,11385.76,0.02,4086.25
O6280,2025-10-06,C1455,P2014,L105,SH19,6,225107.22,0.09,50439.97
O10503,2024-02-14,C1155,P2049,L115,SH4,4,61289.03,0.19,7075.57
O8470,2025-02-02,C1276,P2032,L114,SH1,3,7011.09,0.16,
O10177,2024-02-04,C1200,P2034,L108,SH1,1,6156.06,0.25,525.78
O10182,2024-01-25,C1063,P2003,L109,SH13,3,74805.25,0.06,27823.19
O9852,2024-12-06,C1450,P2030,L109,SH11,3,129355.67,0.11,32003.2
O6656,15/06/2024,C1096,P2046,L110,SH4,4,34357.06,0.29,2637.06
O8781,2025-11-13,C1162,P2035,L112,SH1,5,65678.05,0.18,7993.43
O9378,2025-04-11,C1167,P2065,L107,SH6,3,43012.03,0.13,5042.58
O8444,2025-10-09,C1093,P2015,L101,SH19,5,199581.13,0.15,69383.49
O5877,2025-02-08,C1044,P2016,L105,SH4,6,118336.34,0.14,37644.14
O6226,2024-02-05,C1083,P2012,L109,SH13,3,17718.36,0.02,3985.63
O8239,2024-04-02,C1396,P2030,L115,SH4,5,118201.95,0.09,45257.64
O9539,17/10/2024,C1320,P2010,L106,SH19,4,102894.7,0.16,27376.05
O7599,2025-08-08,C1155,P2011,L101,SH4,4,78078.9,,17789.5
O6566,2024-07-30,C1143,P2019,L104,SH1,1,31040.74,0.0,9366.22
O11857,2025-08-18,C1354,P2031,L112,SH22,2,94214.71,,20898.95
O8748,2024-11-28,C1204,P2011,L113,SH22,5,₹52709.66,0.0,16343.13
O8816,2025-11-29,C1071,P2073,L117,SH19,-3,6387.09,0.14,1598.02
O10542,2024-12-19,C1252,P2047,L107,SH22,1,14021.96,0.13,1091.11
O9705,10/05/2025,C1481,P2036,L103,SH19,6,122014.11,0.18,16050.51
O10276,2025-05-25,C1166,P2044,L117,SH16,3,23054.59,0.1,1660.13
O5621,2024-07-03,C1219,P2014,L106,SH19,2,51332.43,0.17,15447.91
O8582,31/03/2025,C1134,P2006,L117,SH4,1,34068.41,0.21,7512.82
O6199,2024-08-26,C1372,P2049,L114,SH1,1,4657.45,,327.94
O8865,2025-06-22,C1037,P2012,L107,SH22,5,228593.06,0.03,78202.94
O8566,2025-12-14,C1163,P2018,L116,SH5,4,17654.2,0.2,6812.53
O11332,2025-05-26,C1499,P2025,L110,SH13,1,44634.5,0.09,14924.98
O6513,03/07/2024,C1030,P2017,L115,SH19,6,89741.98,0.1,23586.45
O8237,05/06/2025,C1099,P2075,L106,SH22,5,18321.46,0.14,4873.85
O8012,2025-08-21,C1486,P2045,L112,SH7,2,24964.57,0.1,1749.4
O5487,2025-07-04,C1428,P2014,L107,SH19,4,168684.04,0.08,63379.22
O10878,2024-07-04,C1433,P2073,L111,SH13,4,6974.6,0.11,
O6712,2024-11-26,C1242,P2092,L107,SH2,2,2020.38,0.0,531.28
O7291,2025-09-02,C1136,P2094,L110,SH16,1,760.5,0.2,300.36
O11038,2025-06-14,C1205,P2008,L108,SH16,1,41978.64,0.06,16299.53
O8168,2024-09-14,C1342,P2066,L113,SH4,6,49548.84,0.18,
O6956,2024-10-15,C1272,P2001,L109,SH4,4,157374.4,0.06,33509.84
O6073,2025-01-28,C1320,P2002,L115,SH19,5,₹131675.93,0.0,37609.43
O9797,2024-04-09,C1408,P2079,L116,SH17,2,7350.62,0.11,2842.52
O8768,2024-09-18,C1462,P2053,L116,SH13,2,2923.99,0.27,
O9512,2025-07-10,C1321,P2010,L107,SH4,5,182694.99,,54499.48
O8671,2025-12-15,C1208,P2064,L103,SH10,6,₹30653.89,0.12,1863.31
O8338,2024-02-14,C1022,P2007,L114,SH13,4,32403.92,0.06,12747.76
O10665,2025-06-11,C1303,P2084,L102,SH4,3,5158.13,0.08,1310.53
O6889,16/02/2024,C1106,P2074,L101,SH22,1,₹4316.69,0.07,1257.04
O10715,2024-05-03,C1413,P2064,L115,SH10,1,12735.49,0.11,987.68
O11290,2024-04-13,C1069,P2021,L110,SH13,5,174472.04,0.06,56167.57
O5894,2024-11-08,C1044,P2089,L103,SH22,3,2557.33,0.08,726.17
O6749,2025-09-16,C1053,P2088,L110,SH10,2,2625.3,0.04,1009.11
O8952,2024-11-11,C1036,P2008,L108,SH16,4,110184.2,0.16,38640.81
O7738,2024-12-28,C1437,P2061,L108,SH13,1,5756.57,0.08,462.81
O7063,2025-09-21,C1465,P2017,L116,SH10,6,282378.17,,85252.64
O11491,2024-03-17,C1080,P2025,L101,SH1,2,24738.2,0.05,7168.06
O10452,2024-10-14,C1053,P2041,L101,SH3,2,36218.78,0.12,2922.48
O6919,2025-02-06,C1330,P2040,L107,SH25,4,₹13504.71,0.2,942.34
O11309,2024-09-26,C1438,P2039,L105,SH10,4,30565.19,0.14,4002.28
O5504,2025-04-01,C1450,P2062,L115,SH19,1,7964.5,0.16,696.83
O8696,2025-08-29,C1387,P2050,L114,SH13,3,32301.56,0.25,
O11764,2024-10-24,C1074,P2013,L116,SH13,4,51896.17,0.1,16785.65
O8882,2025-05-10,C1360,P2014,L115,SH13,6,176933.11,0.17,66952.74
O8602,12/08/2025,C1389,P2036,L106,SH10,5,89815.94,0.2,5394.31
O10782,2025-01-08,C1137,P2059,L108,SH22,3,44721.85,0.12,
O10104,2025-11-25,C1445,P2006,L107,SH22,1,9333.51,0.13,3048.89
O8913,2025-04-12,C1221,P2058,L109,SH16,6,6463.3,0.1,795.45
O9682,2025-10-25,C1422,P2058,L107,SH10,5,99495.82,0.18,14640.43
O9575,2025-06-09,C1445,P2076,L102,SH1,3,2860.62,0.14,1098.88
O10741,2024-09-09,C1306,P2020,L113,SH18,6,82259.2,0.25,16862.41
O5844,2024-03-08,C1445,P2068,L111,SH13,three,4129.4,0.12,1520.18
O6836,2025-04-12,C1150,P2053,L101,SH19,3,58943.13,0.08,4881.45
O7800,2024-11-13,C1440,P2032,L107,SH10,2,46239.56,0.11,10941.31
O10901,2025-11-17,C1367,P2076,L115,SH24,3,1656.59,0.01,581.8
O9031,2025-05-31,C1290,P2027,L112,SH7,4,181089.77,0.0,38428.17
O7052,2025-05-01,C1450,P2086,L112,SH7,1,₹2133.8,0.05,925.76
O11272,2024-04-21,C1017,P2097,L111,SH4,6,22425.38,0.19,7317.29
O10141,2025-10-21,C1498,P2076,L106,SH1,1,₹3397.3,0.08,1345.27
O6422,2024-05-02,C1088,P2018,L115,SH19,4,28071.92,0.15,
O7638,2024-07-05,C1458,P2011,L105,SH21,3,71019.01,0.05,18660.2
O10667,2024-08-04,C1061,P2072,L105,SH1,5,12223.07,0.04,3472.32
O6477,2024-07-08,C1222,P2019,L101,SH1,2,15799.57,0.13,
O6614,2025-06-20,C1437,P2018,L106,SH16,4,₹149485.78,0.06,44064.53
O11843,2025-04-18,C1148,P2010,L115,SH4,1,30366.43,0.24,6565.1
O10943,2024-05-02,C1332,P2065,L115,SH1,1,10149.88,0.16,820.5
O5045,2024-06-27,C1302,P2042,L101,SH10,5,29609.76,0.18,2114.38
O9652,2025-04-02,C1426,P2097,L101,SH19,1,559.25,0.09,167.32
O5584,2025-03-28,C1277,P2030,L103,SH1,3,48521.56,0.1,13704.47
O8954,2025-11-30,C1045,P2071,L104,SH19,4,15049.32,0.16,5274.43
O10407,2025-09-24,C1374,P2020,L102,SH22,6,276173.51,0.09,90370.1
O8847,2024-09-25,C1216,P2027,L114,SH16,3,66757.22,0.18,24589.61
O10446,2025-08-15,C1035,P2092,L112,SH10,6,11055.18,0.12,3910.92
O6519,2024-05-05,C1157,P2095,L107,SH2,1,2112.99,0.0,873.25
O10893,2025-02-25,C1445,P2056,L113,SH22,4,4785.03,0.18,502.22
O11012,2024-08-19,C1184,P2021,L114,SH10,4,67254.03,0.2,18415.23
O9004,2025-12-05,C1170,P2056,L113,SH13,3,19546.22,0.08,1234.83
O10877,2025-09-07,C1130,P2034,L109,SH10,2,₹35992.08,0.23,2368.52
O9304,2024-11-06,C1341,P2085,L117,SH22,3,8286.05,,3281.96
O10536,2024-07-23,C1035,P2072,L111,SH1,6,20812.51,0.25,9231.48
O6015,2024-04-10,C1099,P2047,L115,SH10,1,4129.26,0.05,405.96
O6850,2024-01-22,C1007,P2038,L108,SH16,4,₹73277.68,0.15,7583.84
O6007,2025-10-26,C1334,P2057,L112,SH13,1,8471.23,0.2,658.69
O9861,2024-08-11,C1382,P2005,L108,SH10,2,79927.04,0.15,31197.81
O11590,2025-08-30,C1293,P2045,L108,SH13,5,30471.06,0.28,4097.69
O5587,2024-07-12,C1119,P2001,L112,SH11,2,40467.93,0.14,12630.48
O5386,16/02/2025,C1020,P2023,L109,SH26,4,36784.47,0.0,11834.71
O8797,2024-05-01,C1264,P2033,L117,SH10,4,106157.97,0.08,37867.31
O8225,2025-12-23,C1461,P2005,L108,SH11,5,63497.49,0.14,16090.38
O9685,2024-08-10,C1468,P2087,L117,SH10,1,2778.83,0.21,739.34
O9501,2025-03-01,C1480,P2075,L107,SH25,3,10747.55,0.28,4657.86
O6223,2024-03-06,C1402,P2068,L116,SH19,6,14213.42,0.15,5215.53
O7105,02/07/2024,C1064,P2060,L112,SH5,three,4181.08,0.07,601.63
O8439,2025-04-08,C1320,P2088,L102,SH1,3,10727.99,0.07,3674.91
O7487,2024-02-20,C1111,P2063,L110,SH4,2,20060.03,0.2,2234.52
O9701,2024-04-08,C1342,P2051,L101,SH1,3,37402.59,0.16,2356.54
O5058,2024-12-24,C1247,P2029,L104,SH10,5,200928.15,0.14,54956.3
O5991,2025-03-16,C1414,P2009,L111,SH19,2,13067.45,0.14,3205.94
O11680,2025-09-08,C1346,P2007,L103,SH26,2,90435.46,0.13,31718.86
O9779,2025-05-18,C1117,P2012,L107,SH19,6,190089.47,0.09,59530.3
O5653,2024-08-29,C1182,P2081,L110,SH16,1,4134.71,0.17,1842.91
O9167,2024-10-05,C1185,P2039,L112,SH10,5,9547.63,0.21,809.53
O5779,2024-12-11,C1019,P2044,L102,SH1,2,36550.2,0.08,2333.85
O9319,2025-05-01,C1129,P2085,L105,SH25,5,16199.13,0.1,7231.9
O10178,2025-08-04,C1223,P2002,L113,SH4,4,100685.4,0.16,30427.81
O6401,2025-02-06,C1102,P2088,L109,SH22,3,2619.95,0.0,1070.59
O11325,2025-04-13,C1341,P2087,L117,SH7,4,12524.11,0.12,5196.33
O11904,2024-07-20,C1101,P2067,L103,SH1,6,15716.75,0.03,6845.59
O6611,2025-06-19,C1473,P2087,L109,SH24,6,9716.16,0.14,4157.63
O11821,2024-06-05,C1066,P2028,L113,SH25,6,73489.51,0.24,17449.83
O11547,2025-08-18,C1357,P2089,L103,SH7,3,13137.91,,3607.72
O5975,2024-11-05,C1494,P2089,L113,SH4,1,754.93,0.06,209.13
O8713,2025-05-04,C1011,P2047,L110,SH1,3,45541.22,0.11,4459.4
O5367,12/12/2024,C1375,P2010,L103,SH13,6,193693.29,0.03,62510.43
O8405,2024-12-31,C1150,P2088,L102,SH10,3,1768.89,0.19,577.58
O8993,2024-05-29,C1428,P2080,L113,SH16,4,1858.27,0.14,536.5
O6346,2025-05-25,C1393,P2040,L103,SH16,2,5231.85,,461.63
O5283,2024-03-01,C1493,P2097,L114,SH4,6,25025.8,0.16,10596.16
O11216,2024-05-20,C1047,P2039,L109,SH1,6,67750.93,0.29,9701.42
O8877,2025-01-01,C1120,P2074,L109,SH22,5,₹6747.97,0.15,2800.16
O10537,2025-05-29,C1053,P2013,L106,SH22,1,36777.34,0.13,10787.77
O6260,2024-04-21,C1457,P2024,L109,SH16,2,102330.76,0.06,33897.67
O6574,2024-09-28,C1447,P2029,L107,SH4,6,147114.48,0.08,43678.5
O8279,2025-04-06,C1264,P2060,L116,SH13,1,₹13402.36,0.14,1253.06
O8344,2025-09-23,C1077,P2016,L116,SH16,4,111938.89,0.0,29437.63
O7794,2025-04-17,C1399,P2015,L107,SH10,5,96662.69,0.0,26939.55
O8049,2024-03-11,C1474,P2081,L114,SH22,3,6041.7,0.0,1661.58
O11525,2025-08-02,C1489,P2079,L101,SH10,1,2683.45,0.04,756.46
O5157,2025-06-29,C1173,P2065,L117,SH10,1,9996.89,0.21,1106.29
O7751,2024-10-09,C1140,P2051,L116,SH10,6,16982.5,0.15,1380.14
O10669,2025-04-27,C1055,P2089,L103,SH19,1,925.7,0.05,405.39
O11618,2025-07-22,C1194,P2028,L105,SH19,4,21033.29,,
O11797,2024-02-22,C1434,P2081,L105,SH1,4,17581.1,0.04,7906.45
O8445,2025-10-21,C1052,P2020,L117,SH4,5,88810.84,0.2,29408.17
O11459,2025-11-05,C1361,P2020,L108,SH13,4,184263.33,0.04,51237.96
O5941,2024-12-06,C1286,P2008,L102,SH13,5,200116.63,0.22,58871.61
O8404,2024-12-11,C1198,P2068,L115,SH19,2,5034.04,0.1,2073.32
O5634,2024-11-30,C1022,P2041,L105,SH1,6,64531.43,0.17,5154.24
O5763,2024-04-23,C1193,P2085,L106,SH13,6,18360.03,0.15,5520.26
O11678,2024-10-15,C1190,P2090,L112,SH22,1,2328.13,0.02,611.62
O5041,2024-02-21,C1340,P2028,L101,SH1,5,217967.55,0.0,54211.53
O8710,04/06/2024,C1009,P2079,L112,SH10,2,2217.02,0.03,919.67
O7443,2025-02-23,C1061,P2088,L115,SH4,1,2240.61,0.12,855.99
O6907,2025-07-01,C1034,P2053,L117,SH25,3,2787.47,0.24,348.0
O7476,2024-09-17,C1207,P2021,L115,SH13,2,79723.19,0.14,30129.57
O8503,2025-05-07,C1129,P2030,L114,SH1,1,28006.99,0.07,6558.29
O9476,2024-08-04,C1146,P2015,L112,SH21,3,56437.32,,11731.62
O7044,2024-06-27,C1358,P2067,L116,SH8,1,4413.89,0.03,1362.47
O6727,20/08/2025,C1117,P2004,L107,SH13,3,43030.87,0.19,13634.2
O8048,2024-06-28,C1045,P2004,L103,SH19,6,64558.32,0.12,24584.84
O10946,2024-04-17,C1435,P2034,L109,SH16,3,25749.22,0.12,2541.77
O5347,2024-02-29,C1113,P2004,L109,SH13,5,183528.23,0.18,54019.13
O9079,2025-11-20,C1250,P2031,L112,SH19,4,169204.7,0.04,57638.94
O8682,2024-11-21,C1473,P2052,L117,SH10,4,28888.37,0.28,2896.47
O11598,2025-12-20,C1279,P2083,L114,SH7,4,2400.46,0.17,1045.0
O11167,2024-08-01,C1320,P2066,L105,SH1,5,8271.27,0.21,994.95
O6392,2025-02-27,C1052,P2063,L101,SH4,2,₹4077.25,0.21,596.62
O10619,2024-04-02,C1080,P2023,L109,SH1,6,215693.28,0.16,73884.64
O8621,2025-08-27,C1184,P2088,L108,SH19,2,₹2129.65,0.12,705.39
O8519,2024-07-09,C1065,P2028,L110,SH16,5,131511.09,0.07,34150.83
O5316,26/05/2025,C1262,P2047,L102,SH1,3,54423.2,0.16,4082.79
O9850,2025-01-08,C1067,P2033,L101,SH19,6,₹72634.25,0.16,21719.89
O11270,25/11/2025,C1107,P2055,L112,SH10,6,92816.44,0.12,6271.0
O6030,2025-10-21,C1288,P2083,L104,SH22,5,13527.25,0.09,3902.41
O11182,2025-03-30,C1102,P2021,L114,SH20,6,184391.92,0.11,42251.19
O11391,2024-12-16,C1095,P2051,L112,SH10,3,27558.57,0.22,3375.78
O11557,2024-06-02,C1266,P2084,L108,SH13,4,18114.2,0.05,7354.99
O5810,2024-05-15,C1375,P2053,L107,SH7,1,6157.72,0.35,501.95
O11214,2024-12-28,C1291,P2064,L111,SH7,4,68501.44,0.25,
O6270,2024-07-12,C1374,P2065,L106,SH26,2,33258.47,0.33,3765.11
O11947,29/09/2024,C1291,P2045,L104,SH10,1,15841.76,0.13,2278.36
O7004,2025-01-04,C1110,P2076,L110,SH1,5,₹9120.19,0.28,3461.72
O9200,2025-04-04,C1313,P2068,L109,SH19,5,20425.93,0.0,5774.75
O6460,2025-11-25,C1243,P2046,L108,SH4,3,34541.1,0.29,3386.09
O11334,2024-12-17,C1368,P2071,L116,SH22,4,₹7059.19,0.14,2667.41
O7692,2025-03-05,C1411,P2026,L104,SH10,4,88148.36,0.2,26463.67
O7399,2025-08-25,C1144,P2070,L111,SH10,-6,13203.45,0.06,4261.31
O9008,31/03/2024,C1066,P2018,L101,SH1,5,272937.62,0.0,98222.85
O11003,2024-04-28,C1216,P2034,L101,SH4,1,1722.61,0.13,151.79
O10070,2025-03-02,C1487,P2078,L104,SH22,5,8812.74,,2684.56
O11283,2025-10-08,C1238,P2064,L102,SH19,6,79506.42,0.24,7360.25
O5018,2025-02-25,C1075,P2032,L117,SH1,2,50843.44,0.2,18227.57
O7022,2025-11-19,C1393,P2038,L105,SH19,4,60008.88,0.21,6271.29
O9294,2024-06-18,C1152,P2053,L104,SH10,3,20112.96,0.22,1923.9
O7228,2025-12-07,C1221,P2072,L101,SH4,2,1426.58,0.05,517.9
O7222,2024-09-07,C1124,P2037,L109,SH19,5,88988.14,0.07,10692.83
O10678,2025-03-04,C1192,P2017,L114,SH1,2,61728.57,0.02,24038.94
O6567,2024-01-07,C1307,P2006,L107,SH13,2,44204.12,0.2,16111.5
O11222,2025-03-12,C1462,P2034,L108,SH25,2,15787.8,,1618.51
O5229,2024-03-25,C1327,P2002,L106,SH13,5,125678.79,0.11,36042.41
O5184,2025-12-07,C1352,P2065,L110,SH11,3,9394.97,0.14,1338.33
O5499,2024-07-21,C1035,P2033,L104,SH13,3,120957.08,0.0,35977.24
O9656,2024-11-07,C1355,P2056,L116,SH22,2,₹24165.06,0.13,3331.66
O8257,2025-09-06,C1217,P2076,L104,SH1,2,8222.9,0.08,2688.69
O5927,2025-10-18,C1095,P2081,L115,SH19,3,₹2862.61,0.07,945.04
O6209,2024-12-11,C1012,P2071,L113,SH10,4,8435.56,0.1,2907.61
O8126,2024-11-17,C1488,P2033,L101,SH13,4,45174.09,0.04,14963.8
O11135,2025-08-15,C1419,P2091,L106,SH19,1,1928.67,0.23,758.75
O6706,2024-06-30,C1423,P2058,L106,SH10,-4,41925.26,0.0,2528.11
O6139,2024-09-12,C1396,P2049,L107,SH4,1,7991.79,0.19,651.08
O10914,2025-10-16,C1052,P2001,L111,SH22,2,62657.71,0.16,18069.46
O5361,2025-12-26,C1164,P2022,L103,SH13,4,134446.73,0.1,46499.37
O9420,2024-05-23,C1354,P2007,L107,SH10,4,204744.85,0.04,51008.78
O9778,2024-04-08,C1024,P2097,L105,SH26,2,8777.09,0.06,2943.98
O11767,2025-07-23,C1287,P2091,L102,SH2,4,7197.04,0.02,2180.43
O6373,2025-12-19,C1349,P2056,L110,SH4,1,11859.83,0.25,1699.07
O6887,2024-07-01,C1379,P2066,L117,SH1,2,23338.72,0.11,2831.03
O5529,2025-01-25,C1220,P2030,L116,SH19,5,91137.16,0.1,32893.61
O9669,2024-05-12,C1119,P2028,L109,SH19,4,36082.89,0.05,14026.69
O7215,2024-07-27,C1235,P2068,L110,SH7,3,₹5938.28,0.14,2531.26
O7855,2025-02-12,C1327,P2052,L110,SH1,three,₹80427.9,0.15,10436.03
O5457,13/04/2025,C1302,P2016,L115,SH1,4,123404.18,0.16,48280.41
O8050,2024-01-12,C1485,P2069,L112,SH10,2,4464.88,0.17,1499.65
O6307,2024-01-02,C1262,P2054,L105,SH15,4,73198.21,0.2,4550.01
O7900,2024-04-14,C1390,P2087,L113,SH21,3,₹7497.6,0.2,
O10200,2024-06-22,C1174,P2076,L112,SH19,2,₹6639.46,0.18,2897.54
O5648,01/02/2025,C1336,P2002,L103,SH25,3,101650.65,0.08,33808.63
O6366,2025-11-21,C1443,P2041,L104,SH1,4,₹32754.43,0.23,3500.21
O11519,2024-03-31,C1250,P2049,L110,SH19,6,35246.19,0.15,4605.53
O8827,2025-12-02,C1017,P2099,L107,SH19,4,13699.28,0.09,5839.96
O5129,2025-11-14,C1228,P2012,L111,SH25,3,54235.58,0.1,11551.52
O10354,2024-01-20,C1140,P2033,L109,SH19,6,230925.16,0.08,77599.21
O5396,2024-06-16,C1283,P2045,L112,SH22,1,18753.39,0.11,1561.77
O6586,2024-08-14,C1158,P2058,L114,SH1,6,69462.98,0.21,5208.9
O6274,2024-04-22,C1330,P2007,L110,SH16,6,80159.52,0.16,20529.75
O7725,2025-02-24,C1013,P2089,L117,SH1,2,7641.28,,3248.02
O9913,2025-11-25,C1219,P2017,L107,SH22,4,111424.66,0.12,39847.51
O9765,2025-05-09,C1305,P2081,L114,SH16,4,11668.99,0.14,3208.82
O6626,2025-06-18,C1243,P2046,L110,SH22,2,15416.71,0.09,1033.51
O11215,2024-11-29,C1252,P2095,L113,SH22,-3,11296.89,0.16,3417.66
O9015,2025-11-04,C1374,P2029,L105,SH27,3,114388.29,0.06,34166.05
O7797,2024-07-12,C1362,P2047,L110,SH16,2,12596.83,0.11,1126.83
O7236,2025-04-08,C1357,P2045,L112,SH19,1,11552.34,0.19,863.96
O11602,2025-02-18,C1330,P2029,L114,SH7,4,205338.73,0.0,51075.27
O9911,2025-01-07,C1364,P2037,L111,SH13,5,69688.98,0.09,5963.9
O9475,16/11/2025,C1316,P2098,L109,SH7,4,12584.21,0.07,3287.39
O10517,2024-03-17,C1068,P2034,L112,SH25,4,39481.16,0.25,3694.94
O6884,2024-02-12,C1358,P2008,L117,SH22,6,66598.39,0.04,14507.63
O9441,2024-12-11,C1076,P2015,L101,SH7,2,₹24303.11,0.1,7195.59
O6130,2024-02-15,C1130,P2027,L117,SH22,6,154208.65,0.02,33099.21
O5383,2025-03-05,C1403,P2090,L117,SH19,5,4129.14,0.1,1155.86
O10707,2025-03-31,C1217,P2040,L102,SH7,5,77613.17,0.2,8898.66
O5140,2024-01-30,C1432,P2073,L102,SH19,3,₹2297.67,0.01,1010.31
O7345,2025-04-03,C1063,P2025,L107,SH10,3,14459.22,0.12,4823.24
O9919,2024-12-30,C1124,P2038,L112,SH17,4,52034.53,0.18,4696.59
O5243,2025-08-08,C1462,P2072,L108,SH7,2,4307.5,0.23,
O9273,2024-08-28,C1037,P2032,L115,SH9,2,45095.41,0.14,11726.64
O5163,2024-03-04,C1257,P2079,L116,SH19,3,10173.92,0.07,3598.89
O6089,2024-01-22,C1091,P2034,L104,SH19,1,19456.52,0.07,1407.72
O10466,2025-10-01,C1450,P2021,L107,SH19,5,111530.64,0.02,27989.62
O7257,2024-06-02,C1191,P2008,L101,SH19,1,50572.99,0.07,13278.89
O6531,2024-09-27,C1292,P2085,L111,SH7,4,16335.92,0.05,5533.98
O5096,17/04/2025,C1189,P2087,L115,SH22,5,18515.26,0.06,7510.25
O9857,2024-08-11,C1181,P2001,L113,SH10,1,10842.75,0.01,4314.19
O9840,2024-01-08,C1394,P2063,L115,SH10,6,20912.1,0.05,2536.97
O6680,2025-05-16,C1145,P2006,L104,SH20,6,134796.81,,28309.31
O7697,2025-08-04,C1395,P2025,L108,SH22,5,102342.26,0.14,20643.17
O10221,2025-05-20,C1228,P2066,L114,SH13,3,34693.99,0.3,3691.81
O7389,2024-03-31,C1108,P2051,L110,SH13,3,21070.42,0.19,2124.55
O10251,2025-03-23,C1258,P2090,L115,SH10,4,4074.98,0.19,1083.4
O10340,2024-01-27,C1460,P2018,L109,SH19,6,147521.49,,42265.44
O11753,2025-11-26,C1181,P2092,L102,SH1,3,5525.62,0.24,2095.42
O7096,2025-01-25,C1293,P2045,L112,SH10,4,4354.42,0.16,432.25
O7896,2025-11-12,C1450,P2070,L107,SH13,6,22635.81,0.08,7152.37
O8902,2025-02-23,C1382,P2025,L109,SH19,5,56916.58,0.03,20557.74
O7153,2024-04-20,C1301,P2016,L105,SH25,1,46120.26,0.16,10387.3
O10689,2024-01-22,C1103,P2099,L109,SH16,5,8210.22,0.17,2390.15
O8586,2024-10-17,C1093,P2023,L105,SH10,2,4321.11,0.02,1104.23
O7294,2024-08-19,C1056,P2070,L110,SH13,1,1303.14,0.11,463.89
O9638,2025-06-14,C1050,P2011,L111,SH22,1,28961.29,0.08,10909.9
O8292,2025-10-05,C1338,P2047,L108,SH10,4,75922.51,0.19,7620.44
O10000,2025-01-12,C1379,P2043,L107,SH10,three,₹29411.38,0.19,3522.17
O6052,2025-07-05,C1251,P2098,L113,SH25,1,₹665.02,0.14,282.86
O11521,2024-10-30,C1173,P2028,L103,SH1,5,84799.08,0.19,
O7601,2025-11-18,C1149,P2091,L103,SH10,5,₹18242.78,0.05,6342.2
O7895,2025-01-02,C1139,P2069,L109,SH1,5,12007.25,0.14,4851.34
O7940,2025-08-19,C1153,P2080,L115,SH13,4,7326.36,0.13,2081.71
O7843,2025-08-28,C1112,P2006,L105,SH22,5,87872.23,0.05,30886.23
O7286,2024-03-19,C1452,P2053,L102,SH22,5,₹94564.17,0.21,13487.85
O5362,2024-09-12,C1006,P2034,L107,SH1,6,₹80141.37,0.24,7336.41
O9280,2024-03-12,C1144,P2012,L107,SH19,6,137878.42,0.21,
O5946,26/09/2024,C1185,P2056,L110,SH13,5,71911.54,0.08,9243.56
O11049,2024-08-31,C1157,P2064,L108,SH22,6,40145.0,0.08,3214.04
O8888,2025-03-20,C1095,P2094,L108,SH1,5,8272.29,0.1,3560.04
O6922,2024-10-06,C1291,P2086,L106,SH7,6,28366.33,0.04,10952.98
O10772,2025-12-05,C1259,P2096,L101,SH25,2,2677.26,0.29,939.18
O5811,2024-06-14,C1246,P2086,L110,SH22,5,16721.92,0.08,7049.7
O8849,2024-01-04,C1194,P2071,L108,SH16,6,2831.33,0.11,1014.34
O7493,2024-04-07,C1323,P2085,L109,SH19,1,3532.76,0.18,1520.46
O7436,2024-07-25,C1409,P2097,L102,SH1,three,1823.05,0.05,812.35
O11130,2025-01-05,C1242,P2008,L106,SH16,5,69965.89,0.22,19251.15
O10364,2025-05-11,C1091,P2011,L106,SH22,5,16917.63,0.14,4210.48
O6813,2025-06-21,C1400,P2020,L117,SH19,2,6824.22,0.15,2092.52
O5871,2024-12-29,C1345,P2014,L106,SH22,2,96119.31,0.11,27376.54
O10616,2024-08-08,C1214,P2093,L106,SH22,5,15060.22,,3839.11
O10481,2024-02-02,C1082,P2088,L103,SH13,6,16207.59,0.12,7065.86
O8217,2024-04-06,C1251,P2083,L114,SH22,3,4568.96,0.13,1558.57
O6939,2024-10-06,C1222,P2044,L102,SH18,6,72767.78,0.36,9341.84
O7425,2024-06-14,C1381,P2064,L108,SH7,5,89581.59,0.12,7711.71
O11291,2024-05-06,C1227,P2002,L107,SH4,3,11126.67,0.0,2363.95
O6269,2024-07-22,C1359,P2032,L114,SH1,6,143396.44,0.11,51127.05
O11639,2025-08-16,C1250,P2078,L112,SH19,2,6839.14,0.0,2590.34
O11828,2024-11-10,C1137,P2083,L115,SH20,1,3155.28,0.04,1214.68
O11060,2025-02-07,C1262,P2069,L102,SH1,2,4933.28,0.09,1432.02
O8319,2024-02-12,C1248,P2006,L106,SH19,6,294179.69,0.09,100941.22
O5009,2025-08-08,C1446,P2025,L108,SH14,1,19790.05,0.1,7346.12
O8613,2024-11-18,C1056,P2042,L111,SH25,1,9993.12,0.16,1360.32
O10844,2025-12-11,C1243,P2012,L106,SH22,5,146619.15,0.11,47069.31
O9734,2025-05-17,C1489,P2047,L101,SH22,4,70918.54,0.23,8735.71
O10505,2025-11-13,C1030,P2089,L110,SH22,1,639.97,0.15,221.88
O6639,2025-06-12,C1087,P2076,L112,SH10,6,₹2735.3,0.02,
O9320,2025-01-05,C1203,P2051,L105,SH19,1,6103.25,0.29,698.15
O11574,2024-07-25,C1112,P2098,L114,SH22,1,645.73,0.15,234.27
O9287,2024-02-25,C1242,P2077,L109,SH5,2,₹4537.21,0.09,1377.25
O5052,2025-04-07,C1444,P2028,L114,SH10,4,188209.42,0.04,53218.61
O9830,2024-11-11,C1158,P2068,L101,SH10,3,4442.4,0.13,1776.41
O6640,2024-07-16,C1343,P2008,L103,SH25,3,₹125966.52,0.08,37828.39
O9975,2025-04-12,C1174,P2020,L114,SH25,2,92203.01,0.11,34931.06
O9616,2024-07-31,C1495,P2099,L115,SH19,3,5206.09,0.21,1853.76
O6569,2025-03-31,C1367,P2091,L104,SH1,2,7900.37,0.12,2754.47
O5576,2024-06-20,C1267,P2058,L114,SH19,2,7770.07,0.26,482.36
O5838,2024-07-19,C1401,P2099,L109,SH13,6,2841.0,0.06,1016.18
O7089,22/02/2025,C1119,P2013,L103,SH19,4,142613.06,0.1,41144.65
O6037,2024-04-11,C1030,P2039,L113,SH10,-3,21277.06,0.17,2067.15
O5195,2025-10-31,C1042,P2088,L105,SH22,4,15686.35,,4293.77
O10795,2025-07-09,C1365,P2099,L116,SH1,1,3636.12,0.14,1544.03
O11443,2024-11-23,C1125,P2016,L115,SH1,6,297010.25,0.0,107862.89
O11662,2025-04-08,C1188,P2036,L116,SH16,3,3542.68,0.23,312.29
O9724,2025-09-08,C1063,P2041,L117,SH1,5,26192.68,0.15,2082.34
O6437,2025-08-12,C1059,P2007,L102,SH7,3,38249.5,0.19,8153.63
O11396,2025-12-20,C1096,P2016,L110,SH16,1,24164.63,0.12,4946.14
O8469,2025-01-16,C1154,P2012,L113,SH19,3,14635.89,0.06,3942.79
O9262,2025-01-31,C1161,P2035,L114,SH22,2,6919.24,0.23,800.75
O11542,2024-12-11,C1278,P2098,L114,SH1,5,17348.13,0.18,4745.83
O6997,2025-08-26,C1035,P2006,L107,SH13,1,3392.04,0.01,834.11
O10734,2025-07-21,C1341,P2002,L112,SH23,1,42705.25,0.13,10588.86
O7375,2025-12-03,C1373,P2080,L111,SH19,1,2300.48,,592.75
O10310,2024-05-14,C1097,P2028,L103,SH1,2,63471.87,0.06,20357.62
O11792,2024-05-12,C1164,P2072,L115,SH6,5,12801.53,0.09,5578.39
O11213,2025-01-26,C1154,P2072,L104,SH4,1,655.38,0.0,290.27
O5087,2024-12-24,C1171,P2011,L105,SH22,4,60807.26,0.16,20140.03
O5532,2024-01-08,C1268,P2016,L117,SH13,4,₹74180.5,0.14,17883.71
O10450,2025-03-30,C1274,P2027,L113,SH25,6,144035.36,0.03,42318.93
O5412,2025-04-28,C1298,P2080,L103,SH25,4,15809.59,0.12,5534.86
O6314,2024-11-23,C1442,P2020,L105,SH13,1,₹8935.93,0.05,2585.51
O9314,2025-07-26,C1004,P2047,L112,SH4,3,42580.14,0.13,4385.42
O10089,2024-03-21,C1396,P2084,L108,SH22,2,4754.72,0.15,1761.23
O5573,2025-10-08,C1328,P2044,L114,SH1,1,12962.86,0.17,1250.0
O7057,2024-01-10,C1137,P2075,L117,SH16,2,3554.86,0.01,1465.64
O6308,2024-08-19,C1076,P2046,L110,SH22,6,113676.21,0.18,13822.75
O6407,2025-11-03,C1126,P2010,L107,SH10,1,19886.96,0.07,4554.27
O6779,2024-01-28,C1480,P2028,L112,SH10,1,6988.5,0.21,2654.06
O7597,2024-01-23,C1305,P2031,L105,SH22,3,129392.45,0.17,29312.59
O9997,2025-05-14,C1127,P2092,L103,SH13,3,8580.14,0.08,3852.53
O7011,2024-11-05,C1395,P2005,L104,SH7,1,8179.5,0.1,2383.39
O8898,2025-08-20,C1365,P2049,L114,SH22,2,28338.16,0.16,4248.12
O8207,2024-06-25,C1318,P2079,L107,SH4,3,₹4216.2,0.21,1208.15
O11011,26/02/2025,C1431,P2097,L111,SH1,6,18003.91,0.24,7374.13
O8074,2025-01-29,C1052,P2092,L117,SH1,1,533.86,0.17,139.71
O9230,2024-02-12,C1224,P2010,L111,SH19,5,65335.1,0.23,13782.24
O7606,2025-05-12,C1349,P2038,L112,SH10,5,76537.66,0.27,4904.8
O11894,2025-10-13,C1499,P2049,L104,SH4,5,102537.08,0.13,15356.77
O9350,2025-04-07,C1418,P2019,L109,SH4,4,57929.26,0.09,12574.57
O9570,2024-04-28,C1123,P2038,L105,SH4,5,₹78512.0,0.19,5775.84
O8356,2025-12-31,C1121,P2025,L111,SH25,5,137655.92,0.19,34795.1
O6655,2024-06-11,C1323,P2046,L101,SH22,-1,8578.49,0.22,773.13
O10424,2024-07-02,C1284,P2069,L110,SH16,2,₹7376.21,0.15,2977.45
O8488,2025-01-04,C1235,P2039,L113,SH13,1,9047.68,0.2,792.99
O7285,2024-08-09,C1348,P2026,L116,SH7,1,8184.41,0.06,2691.08
O6747,2024-12-16,C1156,P2013,L115,SH7,2,67690.8,0.05,20829.68
O8762,04/07/2024,C1308,P2045,L105,SH10,5,16761.8,0.29,2289.47
O10494,2024-06-21,C1291,P2042,L116,SH4,2,15548.22,0.15,1865.83
O5789,2025-03-02,C1092,P2012,L110,SH10,6,199188.58,0.14,71398.78
O8449,2025-11-09,C1464,P2091,L117,SH13,5,19174.08,0.18,6468.03
O5525,23/08/2024,C1176,P2059,L103,SH1,2,15128.13,0.24,1087.7
O6666,2025-04-19,C1109,P2061,L113,SH4,4,63690.62,0.11,8195.39
O7240,2025-12-04,C1105,P2047,L110,SH1,4,36900.34,0.18,4498.61
O8034,2025-12-11,C1048,P2085,L112,SH19,3,4202.97,0.12,1472.09
O8037,2024-10-17,C1193,P2074,L109,SH12,4,11078.0,0.1,4329.4
O7306,04/09/2024,C1384,P2006,L104,SH19,4,₹69636.18,0.02,21650.32
O10228,2025-09-11,C1340,P2025,L110,SH13,1,₹42751.45,0.11,15889.12
O10009,2024-05-17,C1143,P2086,L115,SH7,1,3537.05,0.02,1242.58
O6950,2024-08-03,C1406,P2088,L108,SH16,6,3212.97,0.15,854.27
O5076,2024-06-30,C1079,P2098,L103,SH10,5,18626.18,0.22,6995.8
O10724,2024-11-15,C1074,P2095,L112,SH24,2,2485.47,0.19,657.09
O6724,2025-07-31,C1014,P2029,L112,SH21,2,40975.26,0.02,10581.6
O5145,29/07/2025,C1390,P2048,L117,SH1,3,8895.88,0.12,727.3
O5025,2024-10-20,C1467,P2078,L116,SH10,2,7857.45,0.01,2325.99
O8565,2024-05-15,C1149,P2012,L104,SH19,3,119868.03,0.14,34986.52
O10237,2024-12-18,C1302,P2026,L113,SH13,3,14530.23,0.06,4385.11
O8383,2024-04-16,C1331,P2076,L107,SH25,6,13966.44,0.17,4099.4
O8900,2025-09-15,C1048,P2009,L107,SH4,3,₹105208.64,0.07,38627.87
O9096,2024-05-27,C1495,P2003,L111,SH22,6,24562.5,0.11,7627.23
O9981,2024-03-24,C1376,P2075,L111,SH16,1,3921.35,0.11,1308.64
O10535,2025-06-01,C1369,P2075,L111,SH3,6,₹20787.02,0.0,6914.09
O7323,2024-12-15,C1290,P2079,L114,SH7,4,1957.31,0.09,804.29
O5265,2025-04-05,C1203,P2004,L107,SH22,2,62383.79,0.06,17328.17
O7045,2025-03-12,C1149,P2077,L111,SH4,2,1519.57,0.16,426.94
O9221,2024-11-08,C1154,P2044,L113,SH7,3,5828.58,0.23,661.17
O11388,2025-01-17,C1054,P2036,L109,SH4,5,43299.48,0.2,6305.0
O6912,2025-07-03,C1246,P2020,L115,SH16,6,259258.45,0.11,63458.16
O6292,2025-10-26,C1274,P2015,L101,SH10,3,54843.55,,17606.53
O10252,2024-01-07,C1363,P2063,L110,SH10,5,76608.87,0.18,6354.48
O9767,2024-03-29,C1488,P2017,L107,SH4,3,109982.47,0.08,25241.36
O5465,2025-12-28,C1356,P2082,L111,SH10,5,4654.32,,1491.47
O11287,2025-11-28,C1194,P2052,L117,SH9,4,71059.14,0.22,4668.34
O5147,2025-08-14,C1128,P2021,L111,SH1,4,115431.47,0.28,27468.86
O6721,2024-12-03,C1108,P2034,L104,SH25,4,53586.22,,3572.39
O10589,2024-07-20,C1271,P2013,L117,SH22,6,116031.44,0.17,26944.36
O7857,2024-07-02,C1367,P2056,L105,SH16,6,9894.19,0.37,756.63
O7244,2025-04-08,C1487,P2076,L111,SH19,6,5732.54,,2576.45
O5786,2024-03-05,C1304,P2023,L111,SH10,-2,₹15601.37,0.02,
O6001,2024-01-31,C1407,P2088,L112,SH19,5,9865.24,0.19,3985.86
O9115,2024-06-27,C1408,P2001,L105,SH1,5,35106.88,0.07,11033.3
O5379,2025-08-08,C1258,P2074,L117,SH1,4,14066.64,0.0,5261.69
O9259,2024-01-29,C1270,P2029,L102,SH8,3,8928.33,0.04,1927.57
O10216,2024-02-08,C1166,P2073,L114,SH16,5,₹4972.09,0.01,1451.56
O6928,23/10/2024,C1174,P2091,L106,SH4,2,3589.81,0.0,1473.5
O10746,2024-10-02,C1082,P2015,L107,SH10,6,138532.95,0.03,30177.45
O10958,2025-10-15,C1463,P2070,L117,SH22,5,3420.45,0.0,1474.04
O5707,2024-02-07,C1347,P2017,L107,SH19,1,23990.11,0.08,8222.26
O11077,2024-07-01,C1485,P2098,L102,SH25,3,12525.46,,4145.94
O9586,2025-12-07,C1394,P2008,L111,SH1,2,77924.34,0.07,30804.33
O6814,2025-01-18,C1356,P2068,L106,SH25,6,6103.34,0.1,
O10464,2024-06-22,C1338,P2063,L111,SH22,6,101534.7,0.21,13877.01
O5315,2025-12-30,C1269,P2009,L109,SH10,4,208221.0,0.03,67777.3
O9658,2024-11-20,C1416,P2044,L113,SH13,3,28604.45,0.17,2815.72
O6767,02/03/2024,C1409,P2007,L117,SH7,5,226550.47,0.1,68520.72
O7529,2024-11-17,C1175,P2076,L109,SH1,5,18229.27,0.11,4737.06
O11148,2025-05-11,C1408,P2094,L114,SH13,4,2110.36,0.14,655.48
O6551,2025-09-12,C1126,P2053,L105,SH10,1,6175.91,0.13,530.01
O9460,16/05/2024,C1390,P2098,L109,SH10,6,16875.22,0.05,5437.07
O7920,2024-02-23,C1035,P2008,L111,SH17,3,81371.68,0.09,26636.73
O6160,03/01/2025,C1140,P2062,L103,SH10,4,37157.56,0.11,2790.49
O5473,2025-08-25,C1467,P2082,L112,SH25,2,5245.97,0.1,1944.56
O8483,2024-05-11,C1090,P2005,L105,SH1,3,23354.23,0.1,7935.53
O5059,2025-09-15,C1116,P2055,L101,SH10,1,21653.97,,2915.74
O11643,01/11/2024,C1361,P2080,L109,SH19,2,₹2671.07,0.0,1162.33
O9339,2024-09-20,C1161,P2024,L114,SH13,2,25415.25,0.17,8558.81
O8572,2024-12-18,C1035,P2053,L109,SH1,6,41389.06,0.23,6202.18
O6604,2025-05-20,C1390,P2030,L102,SH10,2,24872.24,0.17,6523.76
O11932,2024-06-16,C1496,P2010,L106,SH16,3,163619.19,0.0,38072.0
O8188,2025-08-26,C1283,P2053,L107,SH25,1,15938.98,0.17,2219.87
O11668,2024-02-09,C1317,P2054,L102,SH4,2,38118.13,0.18,4349.27
O9594,2024-09-06,C1283,P2025,L106,SH1,5,126086.07,0.05,40341.96
O10801,2025-02-25,C1331,P2061,L110,SH13,5,73539.79,0.22,7358.35
O9313,2025-05-08,C1296,P2026,L104,SH1,4,188163.14,0.07,52328.8
O9664,10/02/2024,C1237,P2097,L109,SH1,4,13719.99,0.09,4053.16
O11725,2025-07-10,C1038,P2033,L104,SH4,5,34738.88,0.11,7364.38
O10468,2024-03-01,C1020,P2057,L101,SH11,5,50972.85,0.29,6543.12
O6748,2024-08-06,C1399,P2014,L108,SH20,4,56675.29,0.21,14796.6
O7801,2024-11-04,C1336,P2014,L101,SH19,4,44516.81,0.2,12916.66
O8907,2025-07-26,C1296,P2045,L106,SH19,3,₹33395.64,,4816.83
O10193,2024-04-19,C1411,P2019,L115,SH1,6,171682.41,0.04,38893.72
O11577,2024-10-10,C1269,P2095,L108,SH13,3,8492.02,0.06,
O9080,2025-04-10,C1024,P2063,L102,SH1,3,9593.28,0.18,1036.63
O7342,2024-01-11,C1279,P2011,L115,SH1,6,67300.53,0.1,26867.87
O7279,2025-07-23,C1056,P2048,L108,SH10,3,42425.35,0.2,4526.24
O6926,2024-12-31,C1437,P2012,L111,SH7,3,₹34857.68,0.06,8021.47
O6264,2024-11-28,C1254,P2088,L105,SH10,5,17540.31,0.09,7122.55
O6024,2024-01-03,C1094,P2095,L116,SH7,4,3157.68,0.18,1009.61
O6549,2025-01-05,C1124,P2057,L114,SH1,3,8103.64,0.01,894.98
O6473,2025-05-11,C1322,P2040,L101,SH1,1,12714.13,0.2,992.5
O7515,2025-03-11,C1228,P2078,L103,SH1,3,1158.35,0.23,482.58
O8899,2024-08-27,C1397,P2022,L112,SH22,3,40439.21,,11191.34
O6497,09/03/2024,C1181,P2046,L105,SH1,5,53106.95,0.07,6175.93
O5437,16/01/2025,C1450,P2094,L103,SH13,4,15101.76,0.09,4327.77
O11601,2024-10-25,C1219,P2047,L116,SH25,3,7102.81,0.09,690.11
O11286,2025-03-09,C1259,P2084,L103,SH4,1,₹2730.17,0.06,995.96
O6478,2025-05-02,C1262,P2095,L107,SH4,5,11484.64,0.12,3536.0
O9601,2025-06-15,C1131,P2057,L112,SH13,5,31658.04,0.24,3099.27
O6253,2024-04-25,C1195,P2022,L112,SH25,1,₹17622.71,0.1,5917.93
O7715,2025-04-09,C1058,P2031,L101,SH4,3,134062.83,0.07,34217.76
O10383,2024-06-22,C1260,P2051,L109,SH1,2,15991.91,0.29,1296.11
O10255,2025-09-10,C1033,P2033,L104,SH10,2,46603.15,0.18,13702.5
O11122,2024-10-15,C1298,P2078,L105,SH10,4,₹7558.37,0.15,2092.99
O11695,05/10/2024,C1014,P2005,L108,SH7,2,69423.21,0.02,24486.54
O8573,2024-03-17,C1255,P2095,L110,SH13,4,1309.68,0.2,493.23
O8402,2025-02-12,C1170,P2064,L117,SH16,4,28220.67,0.18,3602.22
O7374,2024-01-31,C1189,P2007,L109,SH10,4,148004.0,0.0,55288.01
O5732,2024-03-04,C1434,P2017,L110,SH4,1,17427.81,0.18,5398.73
O7445,2025-04-02,C1022,P2016,L102,SH25,5,43437.7,0.01,
O7300,2025-03-12,C1050,P2015,L105,SH4,2,77843.54,0.1,15848.46
O6143,2024-12-31,C1119,P2028,L104,SH19,3,44556.42,0.21,9044.91
O10550,2025-02-13,C1295,P2012,L108,SH10,4,₹133911.24,0.17,37715.02
O11114,2024-10-14,C1167,P2054,L116,SH7,1,846.89,0.18,110.8
O10211,2024-12-14,C1380,P2040,L117,SH5,-6,9965.16,0.19,1475.68
O6829,2024-03-26,C1342,P2033,L112,SH16,2,4163.94,0.05,1426.65
O9928,2025-09-03,C1191,P2098,L107,SH4,2,1413.75,0.07,383.98
O8766,2024-01-26,C1484,P2095,L110,SH20,1,3391.07,0.06,1069.29
O10937,2025-10-03,C1458,P2003,L108,SH7,6,174922.67,0.05,48269.14
O8794,01/03/2025,C1243,P2024,L104,SH13,4,101434.2,0.02,25306.83
O7972,2024-05-17,C1215,P2027,L114,SH1,3,145086.29,0.06,43790.24
O11553,2024-07-03,C1084,P2073,L113,SH22,4,13187.69,0.13,3894.54
O11575,2025-04-07,C1265,P2011,L107,SH19,6,301398.53,0.0,106280.0
O6452,2024-10-09,C1201,P2076,L114,SH19,6,10937.32,0.0,2824.24
O7904,2025-03-13,C1016,P2015,L107,SH4,2,41128.95,0.04,13884.57
O8884,2024-07-15,C1494,P2080,L116,SH10,6,25086.28,0.11,8543.49
O7437,2024-04-22,C1331,P2011,L111,SH1,2,45451.39,0.13,12243.58
O9818,2024-07-04,C1051,P2020,L109,SH19,2,14410.54,0.08,5397.95
O10504,2024-02-15,C1251,P2019,L111,SH25,1,40420.44,0.02,15421.1
O11395,2025-09-18,C1124,P2032,L102,SH13,6,239639.95,0.08,90641.43
O10291,2024-06-24,C1461,P2046,L113,SH22,3,45542.12,0.27,6075.13
O5218,20/09/2024,C1336,P2088,L111,SH22,6,23468.75,0.0,8160.65
O7561,2024-03-15,C1195,P2088,L106,SH1,6,23644.51,0.13,7583.41
O7835,04/06/2025,C1258,P2067,L116,SH1,3,8806.39,0.07,3826.29
O11380,2025-07-05,C1343,P2034,L107,SH1,4,₹45742.99,0.1,6281.98
O10538,10/03/2025,C1415,P2027,L113,SH19,6,117982.87,0.11,28989.22
O7658,2024-08-14,C1360,P2020,L108,SH1,1,14190.59,0.21,5267.58
O7737,2025-06-18,C1117,P2090,L107,SH10,3,8574.1,0.1,2442.43
O9596,2025-07-17,C1073,P2088,L112,SH13,3,12681.25,0.11,5053.97
O9881,2024-09-19,C1406,P2085,L113,SH10,4,5937.33,0.03,2610.32
O7701,2025-06-09,C1052,P2087,L117,SH26,6,14570.81,0.27,6425.61
O10720,2024-04-15,C1377,P2089,L115,SH10,1,2129.39,0.12,623.06
O8577,10/11/2025,C1222,P2058,L112,SH10,5,83919.89,0.27,6607.74
O11715,2025-03-01,C1043,P2082,L113,SH6,1,3032.94,0.12,924.8
O8368,2025-09-14,C1303,P2068,L105,SH10,3,1139.91,0.14,438.33
O9086,2025-11-20,C1341,P2007,L115,SH19,4,123412.64,0.23,44541.91
O5572,2025-09-20,C1229,P2011,L113,SH7,2,31975.12,0.05,10434.84
O10287,2025-11-01,C1047,P2001,L105,SH13,1,50011.78,0.08,18171.73
O10350,2025-04-23,C1493,P2008,L109,SH20,2,19071.64,,6793.15
O8513,19/05/2024,C1073,P2017,L105,SH10,2,27495.44,0.16,5672.35
O11694,2024-01-16,C1287,P2064,L108,SH1,5,102804.45,0.07,9335.08
O8853,2025-01-21,C1465,P2034,L102,SH22,1,15208.89,0.19,1850.97
O11629,2025-06-10,C1401,P2093,L104,SH19,1,2264.84,0.11,711.26
O5567,2025-05-13,C1274,P2093,L111,SH19,1,1673.35,0.06,606.47
O11471,2025-09-20,C1321,P2005,L113,SH10,three,31597.95,0.1,7205.41
O7871,2024-06-30,C1468,P2097,L113,SH13,5,10254.26,0.08,2778.4
O10322,2025-10-11,C1341,P2055,L107,SH20,4,82981.64,0.15,7533.87
O6974,2025-10-09,C1462,P2017,L111,SH25,5,147736.87,0.08,56476.28
O11650,2025-05-06,C1176,P2093,L105,SH22,3,8669.8,0.03,2277.98
O10395,2025-01-07,C1016,P2010,L102,SH10,3,8491.57,0.08,2212.65
O10717,2025-01-21,C1032,P2021,L112,SH16,1,50967.56,0.03,10793.63
O10857,2024-09-29,C1159,P2095,L116,SH10,1,2044.2,0.11,787.38
O9361,2024-06-09,C1203,P2042,L103,SH13,3,₹41545.66,0.13,5224.77
O6475,2025-02-04,C1427,P2065,L115,SH13,4,7299.14,0.15,517.97
O8859,2025-07-13,C1064,P2015,L109,SH10,3,125947.11,0.11,45102.35
O7434,2024-12-23,C1258,P2065,L115,SH22,6,74922.0,0.28,9170.36
O10566,2025-04-16,C1216,P2062,L101,SH22,1,14346.2,0.12,1608.75
O7419,2025-08-01,C1404,P2092,L107,SH4,3,8195.57,0.2,3633.29
O5978,2024-06-05,C1012,P2015,L106,SH13,4,132920.33,0.19,38421.05
O7630,2024-10-10,C1028,P2058,L115,SH16,5,₹69628.45,0.22,6643.43
O8905,2024-10-18,C1416,P2037,L106,SH10,5,29018.84,0.15,3208.96
O10235,2024-12-30,C1221,P2095,L109,SH1,3,8947.0,0.15,3306.16
O8340,2025-07-24,C1023,P2041,L110,SH16,3,68673.58,0.05,5860.36
O6285,2025-12-14,C1086,P2077,L109,SH25,1,4656.42,0.04,
O10804,2025-12-22,C1403,P2075,L105,SH19,3,₹14618.59,0.0,3990.19
O11378,2025-11-22,C1446,P2064,L110,SH1,2,34750.89,0.18,3288.55
O5680,2024-04-30,C1148,P2081,L106,SH7,5,20399.82,0.1,9018.49
O11269,2025-02-02,C1291,P2029,L114,SH16,3,94444.73,0.03,35315.42
O10336,2024-02-17,C1095,P2080,L116,SH10,2,5175.47,0.11,1522.29
O10998,2024-10-13,C1188,P2083,L101,SH4,5,21126.32,0.0,6702.04
O6603,2025-02-16,C1128,P2011,L105,SH19,5,168962.45,0.02,49793.73
O11844,2025-03-28,C1366,P2089,L113,SH4,4,14138.76,0.02,4837.67
O11984,2025-09-17,C1057,P2095,L110,SH13,5,17078.16,0.23,4988.51
O10456,2025-05-27,C1045,P2008,L103,SH19,2,28330.49,0.17,7872.59
O9303,29/08/2025,C1484,P2046,L111,SH2,2,₹18757.04,0.15,1596.95
O9456,2024-07-19,C1014,P2001,L111,SH19,4,175956.4,0.08,37814.15
O9067,2025-06-27,C1207,P2006,L105,SH22,1,41162.46,0.04,10393.45
O8649,2025-11-14,C1049,P2013,L109,SH13,2,85596.11,,31063.26
O8372,2024-07-07,C1110,P2087,L105,SH25,6,23747.41,0.0,7990.98
O10341,2025-09-09,C1303,P2043,L107,SH22,2,₹3430.08,0.19,374.29
O6711,2024-06-14,C1283,P2066,L107,SH4,2,18767.25,0.21,2347.32
O9885,2024-05-07,C1217,P2080,L102,SH19,1,3131.42,0.18,882.4
O6568,2025-03-31,C1145,P2074,L114,SH10,1,2740.19,0.02,1140.49
O11976,2024-08-22,C1397,P2068,L114,SH19,5,21302.49,0.05,6206.62
O5688,2025-07-17,C1420,P2009,L114,SH4,6,27453.91,0.08,8075.93
O6450,2025-01-03,C1296,P2095,L114,SH10,6,₹8094.09,0.0,2168.04
O9355,14/10/2025,C1296,P2022,L109,SH4,2,54611.89,0.13,16506.73
O10718,2025-11-29,C1103,P2013,L114,SH10,2,40461.62,0.11,12091.57
O8181,2024-02-28,C1492,P2056,L109,SH19,3,65205.6,0.02,5869.74
O8421,2025-04-24,C1267,P2036,L101,SH9,2,9986.19,0.08,879.74
O9838,2024-06-11,C1291,P2073,L115,SH19,4,17721.16,0.02,7659.69
O7936,2025-12-07,C1313,P2076,L101,SH22,5,2279.53,0.2,591.87
O8732,2024-12-09,C1270,P2083,L108,SH13,5,16269.72,0.1,4974.24
O5012,16/01/2024,C1052,P2068,L115,SH19,2,6776.3,0.09,2249.7
O10985,2024-04-26,C1391,P2051,L106,SH4,4,26342.53,0.16,
O9250,2024-02-03,C1302,P2019,L101,SH13,4,29950.69,0.14,9160.45
O9285,2024-07-21,C1109,P2009,L101,SH10,4,26107.05,0.08,9447.22
O11261,2024-05-10,C1048,P2038,L104,SH6,4,4162.05,0.22,516.87
O7756,2024-03-29,C1338,P2009,L112,SH7,1,21719.89,0.11,7473.29
O5935,31/12/2025,C1254,P2016,L108,SH10,3,33394.35,0.1,12997.43
O6417,2025-12-14,C1025,P2051,L110,SH19,1,17474.52,0.29,1824.34
O10773,2024-08-12,C1160,P2005,L117,SH10,2,₹36534.74,0.14,11935.82
O11481,2024-03-08,C1063,P2072,L102,SH13,3,10406.04,0.16,4366.85
O9996,26/08/2025,C1178,P2093,L112,SH22,2,1430.93,0.09,466.03
O11449,2025-01-23,C1278,P2021,L117,SH25,4,42832.95,,14860.22
O6049,2024-10-06,C1326,P2034,L115,SH13,2,₹11207.43,0.17,1663.99
O5334,2024-08-08,C1357,P2078,L102,SH1,6,20122.5,0.21,6349.83
O7832,2024-06-29,C1074,P2015,L113,SH10,5,108316.52,0.0,
O8087,2025-05-17,C1197,P2033,L116,SH10,3,115983.43,0.1,35617.9
O11330,2024-09-08,C1235,P2054,L109,SH13,6,41855.68,0.16,4678.53
O5758,2025-11-22,C1300,P2051,L115,SH23,2,31799.04,0.16,4009.48
O5024,2024-10-08,C1012,P2085,L113,SH22,1,393.53,0.1,166.47
O7132,21/09/2024,C1373,P2048,L116,SH19,3,38092.29,0.14,4163.99
O11936,2024-05-18,C1376,P2005,L104,SH13,5,70710.31,0.18,26011.63
O11911,2025-07-20,C1473,P2026,L111,SH4,2,77944.32,0.14,26928.32
O8089,2025-11-20,C1094,P2037,L101,SH10,4,60728.23,0.17,6644.5
O5919,2024-11-11,C1244,P2092,L112,SH19,1,₹427.37,0.14,189.48
O8264,2024-08-16,C1300,P2012,L105,SH7,5,119744.07,0.08,29903.54
O8594,2025-09-19,C1125,P2039,L103,SH19,1,6996.69,0.21,897.78
O6981,2024-07-18,C1152,P2094,L102,SH5,4,8536.65,0.24,2994.88
O11487,2025-02-28,C1313,P2022,L101,SH4,4,48566.85,0.08,18038.07
O10469,2024-10-16,C1366,P2011,L105,SH10,4,₹34873.99,,10910.2
O5592,2024-10-02,C1096,P2014,L110,SH4,2,16051.61,0.02,4617.78
O7541,2024-05-13,C1410,P2052,L113,SH10,3,56046.55,0.13,4292.57
O10498,2025-12-24,C1171,P2080,L103,SH10,6,19992.33,0.08,6102.85
O10386,2024-03-03,C1268,P2036,L103,SH10,3,36475.47,0.28,2278.7
O8452,2024-01-14,C1182,P2089,L115,SH22,1,3551.06,,1201.86
,,,,,,,,,
O6342,2024-06-13,C1453,P2028,L105,SH19,5,254112.22,0.07,76315.99
O5605,2024-01-22,C1413,P2057,L107,SH7,3,40902.85,0.22,3772.68
O7669,2024-04-11,C1221,P2090,L106,SH19,2,6752.72,0.0,2509.3
O10106,2024-12-27,C1335,P2093,L108,SH13,6,23344.69,0.18,7270.51
O10270,2025-09-13,C1355,P2006,L114,SH13,6,₹58533.93,0.08,21386.77
O10242,2024-05-25,C1059,P2048,L108,SH10,4,60064.94,0.16,4585.75
O10220,2024-10-13,C1173,P2002,L106,SH6,1,6972.51,0.13,1702.74
O8137,2025-05-22,C1348,P2051,L109,SH22,1,₹15643.18,0.25,1023.84
O9537,2024-12-17,C1120,P2068,L113,SH13,5,10312.91,0.04,2599.18
O11466,2024-03-17,C1307,P2034,L111,SH22,2,2778.02,0.18,262.77
O9006,2025-01-25,C1475,P2066,L115,SH19,5,36847.17,0.2,4523.11
O9920,2025-03-10,C1411,P2024,L104,SH22,2,85140.89,0.22,33312.42
O7292,2025-02-05,C1452,P2080,L107,SH7,1,1778.51,0.15,726.37
O5990,2025-11-24,C1184,P2034,L112,SH25,1,3942.51,0.15,530.33
O9668,2025-09-06,C1474,P2099,L114,SH10,4,15728.95,0.16,
O10034,2024-03-11,C1474,P2090,L103,SH4,5,₹16975.06,0.05,5924.14
O10890,10/10/2025,C1251,P2098,L111,SH19,2,4514.7,0.12,1717.07
O8001,2024-04-05,C1232,P2022,L106,SH14,5,30093.61,0.18,9272.06
O5790,17/10/2025,C1065,P2027,L105,SH4,2,28152.63,0.12,8166.62
O10810,2024-09-18,C1012,P2004,L104,SH19,4,37461.06,0.15,13613.33
O7253,2025-10-11,C1227,P2010,L114,SH10,4,109469.49,0.11,38045.93
O9057,2025-09-19,C1002,P2075,L109,SH12,6,23487.52,0.1,6124.46
O11456,2024-08-04,C1261,P2090,L114,SH18,5,14197.9,0.25,3804.33
O10417,2025-02-24,C1081,P2008,L104,SH4,1,23223.15,0.04,5786.48
O11497,2024-05-15,C1364,P2024,L114,SH13,5,82267.35,0.13,17576.17
O8678,03/03/2024,C1131,P2082,L103,SH5,3,4987.68,0.02,1518.19
O5244,2025-05-19,C1138,P2039,L109,SH10,4,13514.66,0.22,1014.26
O10990,2025-09-30,C1458,P2084,L115,SH19,5,11652.39,0.17,4158.18
O8769,2024-09-16,C1186,P2083,L110,SH16,6,26069.99,0.08,7658.68
O9226,2025-03-18,C1255,P2016,L113,SH19,6,243810.06,0.08,57230.88
O11875,2024-08-12,C1215,P2072,L108,SH10,2,₹3373.09,0.13,1484.17
O7117,2025-12-30,C1250,P2052,L115,SH13,2,19775.04,0.18,2756.93
O8876,2025-02-19,C1094,P2091,L107,SH19,4,14210.82,0.14,3898.07
O5037,2025-08-24,C1485,P2070,L114,SH13,6,22886.62,,6428.96
O10190,2024-09-25,C1303,P2034,L114,SH25,6,44492.23,0.17,5866.72
O5954,07/02/2025,C1349,P2088,L104,SH1,-3,6228.0,0.02,2714.35
O11192,2025-06-25,C1217,P2047,L115,SH16,2,33322.38,0.28,2872.37
O5581,2024-11-29,C1018,P2085,L112,SH25,3,12995.26,0.01,4463.08
O11260,2025-10-12,C1355,P2016,L117,SH10,6,78668.95,0.17,23803.37
O9231,2025-01-02,C1338,P2050,L117,SH10,4,59688.64,0.12,5837.69
O7210,2025-12-13,C1108,P2092,L104,SH5,4,1538.14,0.17,417.44
O9662,2024-08-09,C1314,P2029,L102,SH25,3,24563.68,0.0,8563.84
O10554,2025-11-18,C1399,P2038,L107,SH22,3,45001.87,0.3,5998.56
O9800,2025-09-06,C1116,P2038,L110,SH26,5,51293.65,0.33,4759.37
O10147,2024-11-03,C1065,P2099,L110,SH4,6,22370.0,0.11,9892.86
O8973,2025-08-14,C1449,P2080,L102,SH25,1,2607.32,0.07,1019.92
O6175,2024-04-21,C1211,P2097,L103,SH10,2,5588.4,0.16,2265.19
O7591,2024-02-12,C1396,P2080,L116,SH22,2,5609.69,0.0,1419.3
O7414,2024-06-30,C1362,P2012,L115,SH10,4,169169.47,0.03,64279.38
O9392,2024-04-29,C1476,P2022,L106,SH22,5,170037.38,,40857.18
O6333,2024-02-25,C1424,P2049,L106,SH1,3,₹51614.07,0.15,6100.69
O8330,2024-01-17,C1197,P2010,L110,SH22,4,29712.61,0.12,
O5196,2024-01-04,C1271,P2017,L108,SH16,6,206421.55,0.18,81680.62
O9714,2025-06-07,C1077,P2031,L102,SH22,4,180654.65,0.05,59432.65
O6660,2025-06-08,C1304,P2004,L106,SH19,6,₹60537.21,0.03,15746.73
O9442,26/02/2024,C1471,P2054,L102,SH4,5,90098.86,,6427.03
O8524,2025-02-17,C1353,P2023,L113,SH7,3,₹57630.31,0.1,15358.66
O5642,2024-08-27,C1075,P2057,L102,SH19,1,4843.85,0.14,453.6
O5839,2025-02-07,C1344,P2012,L117,SH22,5,59515.39,0.0,15685.37
O9435,2025-11-23,C1228,P2048,L111,SH19,three,1105.98,0.19,76.73
O6572,09/02/2024,C1345,P2010,L111,SH25,3,74057.11,0.0,28621.12
O10448,2025-12-20,C1110,P2097,L116,SH22,2,7680.22,0.02,2693.98
O5631,2024-02-08,C1420,P2013,L110,SH1,1,40597.23,0.0,12798.55
O7687,2025-09-17,C1183,P2051,L104,SH1,6,67077.29,,4821.63
O11103,2025-02-04,C1245,P2019,L104,SH22,3,30751.77,0.09,7812.8
O5579,2025-11-01,C1317,P2020,L103,SH1,2,96519.28,0.06,26829.39
O11431,2025-06-16,C1043,P2047,L103,SH13,5,86917.16,0.2,5937.55
O5302,2025-12-08,C1308,P2077,L110,SH10,2,1004.91,0.04,421.47
O7946,2025-06-19,C1255,P2098,L106,SH4,1,3732.45,0.25,
O7339,2024-09-26,C1290,P2090,L103,SH19,5,2194.93,0.13,959.88
O11305,2025-06-24,C1223,P2018,L102,SH13,5,66698.31,0.26,13526.87
O6424,2025-05-09,C1500,P2036,L111,SH16,6,23306.17,0.38,1951.73
O10926,2025-12-13,C1224,P2084,L112,SH25,1,3802.11,0.12,1444.4
O8555,2025-08-15,C1206,P2002,L110,SH19,1,35052.7,0.04,11148.96
O7995,2024-06-01,C1026,P2061,L101,SH22,2,24109.17,0.14,2420.04
O10897,2025-02-18,C1364,P2024,L105,SH7,3,54197.99,0.12,15702.67
O9289,2024-09-09,C1002,P2078,L108,SH10,6,19193.46,0.0,7516.23
O7146,2024-02-10,C1052,P2005,L103,SH7,2,₹56364.24,0.18,20532.7
O11862,2024-04-12,C1029,P2020,L107,SH4,2,52719.9,0.0,
O5060,2024-12-13,C1093,P2035,L110,SH1,5,38108.54,0.18,2908.69
O8819,2025-07-22,C1125,P2072,L116,SH19,3,8306.11,,3550.12
O10629,2024-11-01,C1492,P2081,L107,SH26,5,11355.05,0.06,2953.54
O7626,2025-06-26,C1447,P2020,L114,SH25,4,17047.58,0.1,6348.67
O9624,2025-12-13,C1385,P2090,L116,SH10,2,6284.1,0.13,2015.6
O10021,2024-09-17,C1103,P2008,L113,SH4,4,93233.43,0.04,29423.16
O11775,2024-01-08,C1015,P2092,L111,SH10,3,9341.83,0.05,2997.69
O5872,2024-05-06,C1209,P2015,L111,SH13,3,65800.09,0.17,19999.64
O10713,2024-03-09,C1125,P2086,L116,SH10,2,7064.27,0.23,2952.17
O10365,2024-07-10,C1469,P2055,L116,SH19,3,4197.65,0.15,294.32
O10367,08/01/2024,C1205,P2074,L101,SH19,5,15549.31,,6033.95
O6093,2025-07-02,C1472,P2006,L107,SH4,three,16721.61,0.03,3841.18
O8489,2024-09-09,C1057,P2071,L113,SH1,1,₹2466.58,0.07,679.91
O6293,2024-05-16,C1043,P2091,L109,SH16,1,2141.67,0.06,797.34
O9277,2024-04-14,C1291,P2096,L104,SH25,2,7796.51,0.06,3203.18
O8599,2024-08-15,C1342,P2019,L104,SH22,4,156791.92,0.14,50818.3
O11451,2025-04-19,C1328,P2047,L117,SH25,1,16121.21,,1519.39
O5490,2025-03-19,C1199,P2058,L113,SH7,5,37633.57,0.11,3577.27
O11957,2025-08-19,C1020,P2013,L101,SH1,1,40843.0,0.0,13176.78
O6218,2024-10-08,C1046,P2060,L113,SH7,1,11432.75,0.29,1143.97
O7417,2024-04-14,C1233,P2049,L108,SH4,6,44489.06,0.28,4869.05
O8989,2024-01-18,C1329,P2049,L103,SH25,three,9877.83,0.26,1262.76
O8125,2024-03-26,C1103,P2074,L114,SH10,4,16135.29,0.16,5090.27
O9879,2024-10-25,C1146,P2089,L101,SH10,2,8341.84,0.06,3120.17
O5934,2024-01-15,C1485,P2073,L104,SH16,6,20898.93,0.06,7043.6
O11438,2025-01-14,C1089,P2031,L112,SH10,5,71850.55,0.08,24344.76
O7762,2025-09-27,C1385,P2092,L114,SH22,4,8122.52,0.1,2894.83
O10508,2025-12-02,C1301,P2080,L105,SH13,3,10112.46,0.12,3307.46
O11528,2025-01-06,C1007,P2022,L106,SH1,6,49534.45,0.22,13106.82
O9002,2025-12-10,C1135,P2058,L113,SH1,6,₹120586.6,0.18,17719.42
O6923,2024-06-03,C1206,P2074,L107,SH19,2,4217.16,0.08,1449.5
O5219,2024-06-21,C1379,P2063,L115,SH4,6,88958.82,0.2,8157.16
O6127,2025-10-05,C1454,P2021,L109,SH9,6,₹145291.0,0.2,48430.05
O6846,29/06/2025,C1075,P2092,L111,SH16,1,1824.73,0.1,504.73
O6696,2025-04-18,C1178,P2057,L105,SH22,6,109524.62,0.15,11489.98
O7084,2024-01-24,C1431,P2031,L105,SH1,2,49797.6,0.2,13113.88
O11081,31/07/2024,C1482,P2099,L110,SH1,4,10011.36,0.19,4172.26
O6598,2025-03-15,C1242,P2049,L110,SH19,3,8240.7,0.1,1211.55
O8230,2025-11-23,C1112,P2065,L111,SH13,4,52517.21,0.14,7057.3
O5462,2024-11-02,C1454,P2096,L117,SH10,-6,22075.21,0.14,7937.39
O6256,2024-12-30,C1435,P2063,L102,SH13,3,2375.26,,240.93
O9643,2025-05-16,C1375,P2099,L110,SH25,5,6344.66,0.08,2514.6
O8484,2024-03-15,C1315,P2076,L102,SH17,4,16156.58,0.11,
O9385,2024-07-01,C1035,P2040,L105,SH13,6,69004.19,0.26,9685.33
O8214,2025-10-02,C1117,P2065,L111,SH13,2,31125.36,0.3,3216.92
O7085,2025-07-08,C1413,P2050,L107,SH4,5,64428.95,0.18,9400.35
O8761,2025-08-08,C1253,P2036,L106,SH22,6,94881.42,0.17,5888.93
O10862,2025-05-13,C1285,P2088,L114,SH10,3,7899.92,0.16,3244.84
O10765,2025-03-05,C1254,P2092,L104,SH19,6,₹11338.68,0.14,3948.06
O11209,2025-01-20,C1468,P2065,L111,SH7,3,10612.78,0.2,1087.78
O8854,2024-06-23,C1042,P2070,L115,SH10,1,891.09,0.1,
O10077,2025-09-25,C1016,P2040,L105,SH22,6,106412.03,0.23,8280.06
O8701,2025-04-11,C1407,P2061,L116,SH1,1,17756.56,0.23,2583.78
O5118,2024-03-21,C1411,P2011,L114,SH1,5,₹106738.05,0.13,42590.58
O7863,2025-12-24,C1378,P2089,L106,SH7,6,₹2065.4,0.16,518.57
O8375,2025-03-29,C1374,P2062,L101,SH4,2,1360.54,0.23,150.02
O9945,2024-05-22,C1491,P2016,L106,SH7,6,168839.91,0.13,60467.34
O5436,2024-12-02,C1340,P2083,L106,SH22,3,5275.14,0.14,1780.58
O6077,2024-03-02,C1125,P2018,L102,SH22,6,48985.81,0.02,15523.82
O9146,2024-06-25,C1284,P2077,L114,SH10,5,5616.72,0.11,2294.96
O5553,2024-08-11,C1244,P2041,L112,SH26,6,125228.89,0.07,10546.38
O11664,2024-06-23,C1335,P2060,L113,SH7,1,1379.84,0.3,149.96
O9735,2024-07-31,C1043,P2020,L108,SH4,3,125504.67,0.07,26964.07
O9426,2025-03-04,C1347,P2094,L101,SH10,1,1705.2,0.1,
O10506,2024-09-04,C1425,P2082,L116,SH1,6,9650.9,0.02,4054.56
O11115,2024-11-19,C1374,P2051,L116,SH4,1,12129.91,0.21,1379.27
O11349,2024-04-29,C1457,P2049,L112,SH7,3,38220.98,,5712.17
O10733,2025-05-27,C1172,P2029,L106,SH12,5,200691.32,0.03,76804.07
O8334,2024-01-12,C1320,P2070,L104,SH25,1,3918.67,0.1,1439.44
O6408,2024-12-02,C1005,P2041,L101,SH13,2,9318.34,0.22,1035.01
O9465,2024-10-18,C1424,P2037,L102,SH22,5,24458.27,0.22,2402.25
O8121,2025-05-31,C1112,P2068,L114,SH10,6,22923.65,0.1,8515.59
O11271,2025-01-16,C1496,P2041,L109,SH4,3,57946.46,0.19,6355.17
O7961,2025-12-22,C1181,P2031,L102,SH10,4,7146.36,0.05,1906.45
O7562,2025-09-13,C1278,P2008,L103,SH7,3,119911.08,0.08,47060.69
O8414,18/05/2024,C1306,P2063,L116,SH4,5,84579.72,0.2,7637.31
O8996,2024-06-10,C1026,P2091,L107,SH19,6,6102.02,0.05,1582.41
O6801,2024-12-02,C1129,P2024,L110,SH22,5,160014.02,0.19,46792.87
O11756,2024-03-18,C1173,P2092,L114,SH19,5,18146.42,0.0,5848.22
O6661,2025-08-04,C1483,P2068,L107,SH10,1,3627.0,0.06,1000.97
O5223,2025-11-06,C1342,P2079,L116,SH25,4,9518.87,0.1,2392.31
O8358,2025-04-30,C1382,P2089,L116,SH13,2,₹8171.86,0.0,2187.94
O6623,2024-05-26,C1476,P2079,L105,SH10,1,₹1111.84,,472.45
O6641,2024-02-15,C1043,P2023,L115,SH19,4,55218.08,0.15,13237.8
O5696,2024-01-07,C1260,P2071,L111,SH16,6,4987.71,0.1,1579.39
O11527,07/01/2024,C1078,P2026,L114,SH1,4,96089.97,0.04,21377.05
O7259,2024-10-21,C1343,P2074,L116,SH1,2,₹4201.6,0.21,1815.3
O10873,2025-03-25,C1298,P2015,L103,SH22,2,72555.58,0.13,21544.5
O10627,2024-07-18,C1335,P2018,L103,SH10,1,₹8934.86,0.05,3107.8
O10631,2025-09-04,C1225,P2023,L117,SH10,4,164842.91,0.06,54064.2
O7002,2025-02-19,C1496,P2084,L117,SH13,1,1220.41,0.09,332.61
O5198,2024-04-25,C1080,P2036,L107,SH22,1,1089.96,0.31,130.16
O11816,20/05/2025,C1377,P2070,L101,SH5,5,15908.65,0.07,7118.46
O8772,2025-11-08,C1102,P2038,L108,SH19,4,80044.99,0.15,7346.98
O5608,2024-03-11,C1469,P2071,L106,SH10,5,12794.54,0.1,4348.57
O8180,2024-06-18,C1049,P2046,L102,SH19,3,19786.86,0.27,2463.01
O9796,2024-11-15,C1181,P2091,L115,SH1,5,7579.04,0.08,2205.11
O6788,2025-08-01,C1434,P2032,L106,SH1,three,10300.17,0.14,3128.41
O10705,2024-03-01,C1157,P2001,L101,SH10,3,116831.24,,29715.53
O7555,2024-11-28,C1385,P2030,L117,SH13,1,₹45112.23,0.07,12288.83
O11064,2024-05-06,C1436,P2045,L114,SH22,1,9082.13,0.18,1108.16
O5784,05/03/2024,C1059,P2064,L108,SH22,6,102149.59,0.16,10047.33
O8156,2025-09-25,C1437,P2008,L104,SH16,3,125990.14,0.14,30898.88
O9938,2025-02-20,C1390,P2064,L114,SH22,3,15837.01,0.2,1796.7
O7465,20/03/2025,C1429,P2033,L115,SH1,1,1530.93,0.07,319.7
O5506,2024-03-18,C1135,P2094,L103,SH22,1,4053.32,0.1,1702.06
O10940,2024-05-10,C1113,P2054,L104,SH13,4,29851.32,0.35,3385.6
O9527,2024-09-29,C1275,P2030,L108,SH22,6,200887.68,0.06,54117.48
O7094,2025-01-23,C1367,P2038,L108,SH3,6,71746.94,0.22,7337.86
O5832,2025-01-16,C1163,P2045,L105,SH19,3,30761.24,,4546.26
O6818,01/03/2024,C1160,P2027,L103,SH10,2,73746.77,0.12,16818.74
O10546,2025-12-18,C1234,P2009,L105,SH4,3,122316.79,0.14,34200.19
O6983,2024-03-21,C1334,P2083,L114,SH1,4,₹7460.71,0.11,3022.78
O8471,2025-12-27,C1150,P2050,L116,SH4,3,15036.88,0.28,1141.32
O7012,2025-05-02,C1471,P2082,L101,SH25,2,2406.15,0.0,655.72
O7506,2024-10-17,C1128,P2023,L116,SH22,5,187846.48,0.0,67943.32
O11127,13/03/2024,C1398,P2064,L109,SH10,4,56004.6,0.13,6806.72
O6903,2024-12-24,C1175,P2033,L106,SH1,4,82851.71,,31509.55
O7317,17/02/2025,C1400,P2019,L114,SH1,4,102609.05,0.19,40235.64
O6438,2025-02-05,C1116,P2080,L113,SH22,3,6092.07,0.08,1790.93
O6204,2025-05-26,C1418,P2038,L108,SH10,2,26573.53,0.23,1947.0
O5471,2025-01-25,C1355,P2086,L102,SH22,3,5696.98,0.13,2514.31
O10116,07/07/2024,C1406,P2081,L107,SH19,5,18689.5,0.04,5724.78
O5407,2025-12-03,C1176,P2093,L108,SH19,3,8320.63,0.03,3386.32
O8894,2024-07-16,C1318,P2091,L103,SH19,2,4845.58,0.05,1521.43
O5766,2025-03-27,C1133,P2034,L106,SH4,5,9917.77,0.2,1469.3
O9452,2025-05-05,C1140,P2054,L111,SH7,4,43661.11,0.1,5666.74
O5912,2025-02-20,C1309,P2039,L103,SH7,4,68405.81,0.24,8239.51
O7623,2024-02-06,C1043,P2028,L103,SH10,5,₹73407.39,0.04,15348.07
O7691,2025-09-26,C1278,P2036,L103,SH25,three,₹7625.85,0.25,568.88
O10155,2024-03-01,C1063,P2014,L107,SH13,2,10381.73,0.2,
O8806,2025-09-12,C1194,P2060,L106,SH13,3,46659.42,0.0,3262.33
O7309,14/04/2024,C1371,P2016,L102,SH22,1,35698.44,0.04,10363.5
O6577,2025-12-05,C1092,P2005,L114,SH22,2,29902.94,0.04,8254.95
O7741,2025-01-25,C1414,P2021,L107,SH4,2,₹6343.44,0.11,
O11634,2024-03-27,C1484,P2009,L106,SH25,3,₹111748.12,0.15,28488.57
O7435,2024-12-31,C1450,P2048,L117,SH12,1,4478.38,0.15,525.62
O8297,2024-03-16,C1101,P2083,L106,SH1,2,4722.28,0.12,2097.34
O7108,2024-09-08,C1294,P2036,L115,SH26,2,19840.21,0.16,2458.58
O7206,2024-01-02,C1216,P2033,L116,SH1,6,300277.36,0.07,84410.67
O5266,2025-08-14,C1106,P2036,L103,SH1,-3,7731.89,0.21,1070.7
O11993,2025-05-23,C1104,P2077,L105,SH4,4,1311.49,,355.32
O10981,2024-02-03,C1031,P2068,L110,SH19,5,₹3779.89,0.0,1599.99
O10402,2025-04-20,C1408,P2089,L113,SH22,3,6749.85,0.07,2905.29
O7246,2024-01-21,C1162,P2034,L107,SH22,4,17759.12,0.2,1537.91
O8906,2024-12-17,C1484,P2018,L111,SH13,1,2535.64,,643.54
O6115,2024-12-02,C1097,P2061,L104,SH13,1,10790.87,0.26,1085.97
O11307,2025-01-30,C1230,P2038,L114,SH19,4,13317.54,0.2,1518.08
O5640,2024-04-25,C1351,P2074,L103,SH13,2,6770.68,0.03,2266.2
O11576,2024-11-08,C1104,P2067,L101,SH4,6,11413.42,0.03,4336.95
O9917,2025-01-11,C1102,P2009,L110,SH4,3,₹142618.76,0.09,48303.0
O6106,2024-11-02,C1279,P2034,L101,SH10,4,21033.01,0.31,1918.15
O6707,2025-01-27,C1336,P2023,L104,SH10,4,92409.18,0.29,26209.09
O9176,2024-01-08,C1052,P2080,L115,SH4,5,3444.03,0.18,891.51
O5835,2024-12-12,C1342,P2019,L115,SH1,2,72901.79,0.05,25247.94
O10662,2024-12-29,C1247,P2083,L113,SH19,3,4270.58,0.1,1576.81
O10197,2024-06-16,C1188,P2013,L103,SH1,1,₹22980.76,0.26,5659.73
O8419,2024-01-02,C1072,P2085,L114,SH10,2,1951.32,,728.62
O7047,2024-11-05,C1396,P2049,L102,SH22,5,22449.45,0.14,2034.06
O8099,2024-03-08,C1278,P2038,L117,SH1,6,24656.48,0.33,1502.07
O5933,06/09/2025,C1206,P2080,L114,SH10,2,2746.37,0.14,735.51
O6789,2024-03-03,C1241,P2098,L102,SH19,6,16026.96,0.15,4679.31
O7507,2024-12-28,C1115,P2043,L113,SH19,6,17897.17,0.12,2573.45
O6041,2024-09-09,C1284,P2076,L104,SH4,3,10321.61,0.12,3925.41
O9128,2024-08-17,C1005,P2050,L109,SH19,6,44353.87,0.11,6420.53
O11563,2025-02-27,C1384,P2072,L105,SH16,4,3810.01,0.02,1035.3
O11915,2024-08-18,C1177,P2062,L105,SH1,-1,3953.58,0.24,485.63
O9091,26/11/2024,C1136,P2081,L106,SH4,1,4167.64,0.05,1712.99
O8680,2024-10-08,C1268,P2082,L104,SH10,4,10190.79,,2990.47
O10749,2024-04-07,C1380,P2087,L117,SH15,5,20127.04,0.18,5041.47
O10996,2024-10-03,C1030,P2061,L106,SH10,5,73285.57,0.23,5826.32
O7173,2024-03-22,C1103,P2002,L114,SH13,1,15271.56,0.2,3804.44
O11864,2024-10-07,C1199,P2030,L110,SH13,1,11231.25,0.11,2874.83
O9312,2024-09-24,C1233,P2085,L103,SH3,3,9790.09,0.1,
O6678,2025-11-21,C1273,P2098,L113,SH22,5,3494.59,0.09,878.51
O5463,2024-07-24,C1378,P2071,L107,SH19,3,₹3438.99,0.16,1351.1
O6068,2024-08-30,C1421,P2043,L117,SH19,4,84136.51,0.11,10922.39
O10850,2024-03-05,C1137,P2023,L112,SH13,1,40150.17,,10866.19
O9772,2025-02-27,C1264,P2035,L112,SH27,2,2237.82,,257.65
O7368,2024-07-19,C1230,P2050,L116,SH1,1,10387.75,0.25,1532.09
O7712,2025-07-02,C1147,P2048,L101,SH13,5,68088.56,0.23,4133.84
O11297,2025-10-12,C1029,P2041,L116,SH1,5,73723.87,0.15,5900.22
O8450,2024-09-05,C1462,P2059,L102,SH10,3,43922.55,0.19,2810.23
O11314,2025-02-03,C1342,P2097,L117,SH10,4,3639.69,0.12,1170.63
O6563,16/03/2025,C1022,P2095,L107,SH19,3,7945.86,,
O5391,2025-01-17,C1249,P2098,L117,SH1,1,3759.01,0.1,1327.13
O8681,2024-02-21,C1164,P2046,L117,SH6,1,4678.34,0.16,543.63
O8909,2024-11-30,C1448,P2055,L110,SH14,4,21369.02,0.09,2437.88
O7162,09/05/2025,C1173,P2001,L104,SH1,2,85557.78,0.0,33697.34
O10750,2025-08-19,C1354,P2014,L106,SH19,5,170208.06,0.15,36502.88
O11111,2024-11-30,C1143,P2042,L114,SH19,6,102925.64,0.28,10313.44
O11457,2024-01-09,C1301,P2069,L116,SH19,3,₹7769.57,0.08,3281.44
O5857,2025-01-16,C1071,P2067,L110,SH3,1,3265.66,0.18,1085.5
O6530,2025-10-30,C1138,P2085,L109,SH1,3,11391.05,0.08,4232.91
O6669,2024-08-28,C1014,P2029,L106,SH4,5,84994.37,0.2,22775.96
O8978,2024-06-09,C1311,P2023,L110,SH10,5,34298.06,0.02,11032.08
O9648,2025-09-21,C1293,P2075,L102,SH19,1,2213.4,0.03,733.02
O9822,2024-06-19,C1364,P2048,L109,SH21,2,4836.65,0.06,397.61
O6276,2025-04-28,C1165,P2028,L110,SH10,2,30009.12,0.09,9642.06
O9700,2025-04-07,C1105,P2037,L117,SH4,4,22723.65,0.22,1800.72
O10264,2025-03-19,C1478,P2048,L116,SH13,4,30745.89,0.24,4228.16
O10406,2024-06-15,C1157,P2058,L117,SH13,2,19250.04,0.16,2293.46
O6883,2025-09-16,C1054,P2042,L116,SH13,-6,50841.66,0.17,5327.46
O6201,2024-11-14,C1296,P2095,L101,SH10,4,2519.59,0.08,899.8
O5294,2024-01-02,C1336,P2012,L104,SH25,2,24544.26,0.05,5291.44
O11185,24/06/2024,C1292,P2035,L103,SH10,2,36106.11,0.16,5310.38
O11357,2025-05-14,C1498,P2059,L102,SH13,1,2032.65,0.08,278.51
O6683,2024-12-31,C1019,P2077,L104,SH13,2,6403.49,0.15,2281.27
O6166,2024-11-11,C1192,P2050,L116,SH10,1,13540.1,0.17,1529.33
O5917,2025-05-17,C1210,P2033,L102,SH8,3,80208.52,0.11,27264.76
O7521,2024-07-16,C1163,P2084,L102,SH25,4,12838.31,0.11,3912.09
O8891,2025-03-25,C1358,P2077,L110,SH4,1,2017.16,0.12,
O5554,2024-07-23,C1477,P2025,L116,SH16,2,23629.34,0.16,5869.8
O9267,2025-06-03,C1473,P2067,L106,SH1,4,₹15520.05,0.13,3917.17
O10786,2024-02-22,C1247,P2083,L105,SH25,1,3677.18,0.0,991.07
O6746,2025-04-26,C1004,P2041,L117,SH10,6,60662.84,0.21,4615.93
O10949,2025-07-25,C1428,P2029,L115,SH17,4,15220.22,0.02,4855.06
O9785,2024-07-09,C1162,P2040,L110,SH10,-1,3240.26,0.17,288.3
O7165,2025-07-05,C1494,P2093,L110,SH16,3,13460.13,0.1,4593.77
O9964,2024-05-09,C1020,P2047,L105,SH13,4,49882.91,0.19,5366.75
O9485,2024-04-09,C1075,P2057,L104,SH1,6,115326.12,0.15,7859.2
O11776,2024-02-14,C1350,P2043,L117,SH22,4,₹34581.82,0.31,
O8835,2025-08-21,C1042,P2098,L104,SH19,3,10902.08,0.06,4082.21
O11293,2025-07-18,C1132,P2068,L115,SH10,5,14127.49,0.07,6199.49
O5651,2025-07-28,C1102,P2065,L115,SH4,5,92870.68,0.2,5751.85
O7996,2024-02-02,C1029,P2020,L102,SH4,4,113249.89,0.15,40304.11
O6230,2024-02-07,C1420,P2006,L108,SH5,2,20811.49,,5409.78
O7696,2025-03-17,C1336,P2005,L115,SH10,three,90906.78,0.19,21751.21
O10250,2024-03-25,C1199,P2072,L115,SH13,2,5362.44,0.22,2023.71
O11039,20/09/2025,C1322,P2090,L111,SH22,4,3687.36,0.15,1127.65
O9756,2025-05-13,C1280,P2045,L102,SH10,1,₹5069.5,0.28,581.75
O6817,2024-11-03,C1240,P2042,L105,SH19,6,3978.1,0.18,328.67
O10559,2025-08-28,C1402,P2098,L112,SH1,1,3259.56,0.16,1064.98
O8464,2024-05-17,C1034,P2056,L107,SH16,5,70372.69,0.1,7260.98
O9974,2025-03-04,C1174,P2066,L101,SH13,3,47381.09,0.18,3911.27
O6915,2024-08-01,C1206,P2017,L112,SH15,4,170201.29,,48376.0
O5949,2025-12-23,C1241,P2034,L106,SH16,1,10167.88,0.16,716.25
O9187,31/10/2024,C1246,P2022,L109,SH19,3,29566.93,0.16,7721.21
O11785,2025-04-14,C1346,P2013,L105,SH16,4,88242.44,0.18,20039.2
O6442,2024-01-14,C1461,P2059,L105,SH1,2,24361.86,0.28,2399.96
O6105,2024-07-14,C1129,P2039,L109,SH22,6,95460.79,0.11,14301.9
O8073,2025-03-10,C1027,P2040,L117,SH10,2,1604.54,0.11,232.88
O10812,2025-08-19,C1175,P2014,L109,SH19,6,245066.22,0.04,86319.83
O10139,2024-10-16,C1345,P2041,L109,SH10,5,115025.89,0.02,15695.02
O8885,2025-11-03,C1070,P2016,L116,SH4,6,66146.62,0.19,17115.23
O6162,2025-09-01,C1219,P2011,L110,SH1,3,74390.59,0.18,23103.52
O6282,2024-07-25,C1176,P2039,L116,SH4,2,20568.14,0.25,1518.56
O8260,2024-10-14,C1100,P2087,L109,SH19,4,6424.44,0.02,2025.07
O11636,2024-02-28,C1249,P2017,L108,SH10,3,65745.2,0.0,15906.92
O9635,2024-06-22,C1328,P2028,L116,SH21,3,108247.41,0.04,39178.59
O7908,2025-05-04,C1313,P2077,L114,SH4,2,1730.17,0.16,755.2
O9587,2024-07-29,C1389,P2074,L113,SH10,1,610.17,0.1,201.23
O7707,2024-01-29,C1271,P2064,L113,SH13,4,34663.06,0.12,4322.11
O8345,2024-04-15,C1007,P2031,L114,SH10,5,₹197476.46,0.12,72685.42
O9402,2024-08-30,C1331,P2001,L116,SH19,5,120656.36,0.14,30998.24
O6327,2025-03-30,C1241,P2053,L111,SH13,1,₹17935.92,0.09,2198.45
O5413,25/02/2024,C1272,P2039,L114,SH1,3,50530.21,0.23,3717.51
O7656,2024-09-18,C1109,P2049,L111,SH16,three,3354.26,0.15,319.34
O6631,18/07/2024,C1227,P2047,L117,SH7,3,2274.17,0.19,199.98
O7746,2025-12-30,C1079,P2019,L106,SH22,3,71455.95,0.17,23362.39
O9389,2024-12-05,C1115,P2003,L110,SH10,3,₹74797.31,0.06,29493.57
O11198,2025-04-09,C1436,P2057,L107,SH14,6,31092.43,0.13,4198.83
O5764,2024-10-10,C1480,P2010,L115,SH19,3,119023.39,0.07,40282.79
O10710,2025-01-18,C1365,P2063,L105,SH19,4,₹13033.96,0.09,1782.3
O6032,2024-01-20,C1062,P2085,L106,SH25,5,8324.14,0.0,2423.66
O8235,2025-02-20,C1371,P2057,L101,SH7,1,7589.63,0.26,582.99
O10166,2024-04-21,C1062,P2016,L114,SH25,5,217454.39,0.18,57089.17
O11055,03/02/2024,C1011,P2042,L112,SH22,2,28754.42,0.06,2975.46
O7024,2024-02-13,C1239,P2058,L106,SH19,2,12938.45,0.29,1845.63
O7111,2024-12-28,C1493,P2083,L117,SH22,4,16069.48,0.0,5873.3
O11157,2025-05-01,C1362,P2090,L105,SH19,5,9525.36,0.13,3004.27
O10026,2024-02-24,C1217,P2089,L106,SH23,4,₹3810.98,0.07,1467.64
O6909,2024-08-17,C1030,P2050,L104,SH22,1,16742.86,0.13,1057.61
O11163,11/10/2024,C1270,P2033,L105,SH16,5,119398.23,0.14,33910.89
O8472,2025-07-11,C1381,P2081,L112,SH22,4,6201.84,0.09,1652.58
O10377,10/07/2024,C1350,P2095,L112,SH16,2,6977.63,0.05,2280.82
O10174,2024-03-31,C1447,P2064,L117,SH22,4,39544.57,0.34,
O11835,2024-02-22,C1058,P2029,L102,SH16,4,16102.45,0.08,4326.42
O6897,18/10/2024,C1490,P2088,L113,SH22,3,7998.36,0.07,2455.02
O5312,2024-05-02,C1380,P2085,L106,SH1,2,843.2,0.08,233.94
O9054,2024-11-29,C1247,P2003,L112,SH19,6,90321.47,0.15,29133.32
O10478,2025-01-17,C1119,P2008,L117,SH25,3,47238.33,0.08,10268.08
O8570,2024-02-19,C1061,P2045,L110,SH10,2,4545.05,0.14,369.84
O6499,2024-08-17,C1277,P2043,L101,SH16,4,₹78569.3,0.05,6764.09
O6152,2025-09-04,C1329,P2005,L108,SH10,2,98985.25,0.09,28581.52
O6217,2025-10-30,C1353,P2077,L106,SH19,6,22278.5,0.03,9026.58
O8501,2024-02-22,C1412,P2048,L117,SH19,4,7009.22,0.22,876.7
O9642,2024-03-02,C1299,P2065,L108,SH10,2,₹32554.34,0.15,3293.62
O7128,2024-01-13,C1022,P2006,L110,SH19,2,101879.96,0.03,24338.99
O11774,2025-10-06,C1353,P2085,L105,SH22,4,10250.41,0.13,3234.42
O11295,2025-01-31,C1235,P2095,L105,SH4,6,3242.14,0.2,875.35
O8516,2025-07-01,C1389,P2027,L109,SH4,2,32597.98,0.09,7977.56
O11057,2025-09-12,C1026,P2051,L107,SH10,1,13446.38,0.13,1885.94
O5564,2025-08-12,C1231,P2024,L105,SH25,3,100852.32,0.12,36593.07
O7124,2025-06-13,C1146,P2048,L102,SH10,4,50904.91,0.15,7102.15
O11964,2025-03-23,C1222,P2081,L113,SH5,1,4152.4,0.08,1493.79
O11927,2024-11-23,C1080,P2004,L114,SH7,2,26846.41,0.16,9269.9
O10465,2025-07-30,C1465,P2023,L109,SH13,3,109965.33,0.04,40632.31
O9902,26/12/2025,C1346,P2044,L101,SH10,5,87566.62,0.09,9293.0
O5007,2025-08-24,C1145,P2093,L110,SH1,4,11166.24,0.09,4265.37
O8057,2025-12-21,C1261,P2051,L114,SH19,4,67673.56,0.17,9754.82
O6881,2024-10-16,C1388,P2070,L107,SH4,3,4945.92,0.12,1679.54
O5851,2025-01-17,C1499,P2089,L104,SH13,2,4522.5,0.18,1650.95
O5795,2024-02-25,C1091,P2021,L102,SH10,3,97200.15,0.1,24981.69
O5930,2024-10-15,C1089,P2088,L111,SH1,4,4572.21,,1522.09
O8945,2024-03-18,C1103,P2039,L103,SH1,6,45757.33,0.1,4685.85
O7565,2024-02-06,C1452,P2040,L101,SH19,6,115128.75,0.11,15852.08
O5224,2024-10-08,C1007,P2003,L117,SH19,6,159255.3,0.12,40982.39
O6999,2025-10-04,C1109,P2020,L101,SH19,3,105359.84,0.15,27001.98
O7213,2025-05-16,C1181,P2025,L108,SH1,3,79651.79,0.04,20293.64
O5313,2025-06-13,C1255,P2045,L117,SH1,3,47988.34,0.19,5992.25
O5644,08/11/2024,C1176,P2089,L104,SH1,6,13191.31,0.11,3357.84
O11327,2025-04-03,C1454,P2014,L102,SH19,4,16599.6,0.11,5086.83
O9399,2025-06-09,C1347,P2046,L105,SH22,5,34721.93,0.28,4091.76
O10173,2024-12-10,C1261,P2067,L101,SH13,1,491.86,0.07,202.24
O8485,2025-05-14,C1284,P2029,L114,SH4,4,76019.46,0.08,26460.39
O10167,2024-10-03,C1367,P2079,L110,SH19,1,3703.39,0.02,
O10963,2025-06-02,C1223,P2079,L111,SH19,6,20898.34,0.14,8818.76
O11083,18/08/2024,C1317,P2022,L104,SH25,5,227581.61,0.13,50596.23
O5728,2024-04-02,C1168,P2064,L102,SH19,6,28753.81,0.21,2084.72
O7945,2024-04-11,C1154,P2034,L111,SH1,4,65323.7,0.18,
O11541,2024-01-12,C1350,P2043,L105,SH25,6,26348.33,0.35,3807.2
O10570,2025-07-16,C1175,P2035,L114,SH6,6,98734.79,0.01,10324.09
O10593,2024-12-15,C1261,P2054,L102,SH10,three,₹35545.13,0.22,3569.33
O6409,2024-10-17,C1288,P2009,L113,SH1,5,163427.55,0.03,49919.35
O11684,2025-06-02,C1428,P2098,L108,SH10,1,1671.03,,655.58
O7382,2025-02-17,C1496,P2074,L106,SH19,2,8268.3,0.13,2433.61
O8386,2024-05-26,C1008,P2037,L107,SH14,3,44776.4,0.28,5810.05
O9737,2025-05-04,C1341,P2007,L107,SH16,4,₹192775.37,0.0,41371.2
O10533,2024-03-23,C1118,P2044,L114,SH4,1,2632.12,0.27,279.89
O5669,18/10/2025,C1314,P2096,L117,SH22,1,4074.31,0.08,1659.81
O9847,2024-12-08,C1305,P2051,L109,SH13,4,48562.95,0.09,5780.16
O6188,2024-10-13,C1309,P2016,L117,SH1,3,147716.71,0.06,51743.38
O6888,2024-08-14,C1051,P2059,L106,SH1,4,62058.76,0.14,4131.05
O11899,2025-04-26,C1370,P2043,L114,SH4,4,64193.38,0.24,4798.32
O6036,2024-03-01,C1158,P2053,L106,SH1,6,76157.68,0.19,6799.07
O9965,2025-08-17,C1461,P2084,L110,SH22,5,20287.99,0.04,6721.12
O6734,2024-03-09,C1488,P2043,L117,SH19,5,24319.88,0.34,3564.06
O8606,2024-05-27,C1043,P2052,L111,SH4,4,42961.0,0.07,2938.15
O9247,2025-05-18,C1036,P2072,L111,SH10,3,13526.37,0.0,3608.84
O8215,2024-08-28,C1047,P2051,L109,SH7,-1,₹6517.11,0.24,737.07
O8062,2024-08-28,C1155,P2019,L105,SH4,3,53126.63,0.03,13514.09
O8611,2024-01-05,C1109,P2039,L117,SH10,6,95233.37,0.18,8061.66
O10762,2025-07-27,C1235,P2035,L117,SH25,6,82986.94,0.3,6946.95
O6844,2025-07-27,C1329,P2072,L110,SH25,-1,2415.81,0.16,796.24
O5242,2024-01-13,C1307,P2042,L113,SH1,6,41043.32,0.13,3895.09
O10247,2025-05-25,C1411,P2057,L101,SH4,4,₹80762.76,0.0,7943.59
O6425,2025-11-06,C1043,P2046,L108,SH22,1,14320.76,0.13,1962.34
O8330,2024-01-17,C1197,P2010,L110,SH22,4,29712.61,0.12,
O7429,2025-06-23,C1462,P2077,L115,SH4,4,15052.09,0.18,5926.8
O9487,2025-09-02,C1284,P2086,L111,SH1,3,₹3414.99,0.2,967.09
O10569,2025-02-05,C1308,P2032,L103,SH19,6,76205.63,0.15,
O6665,2024-12-18,C1003,P2062,L106,SH10,6,₹15252.87,0.21,1669.96
O6017,2025-02-08,C1270,P2052,L117,SH19,4,68336.6,0.22,7693.84
O10608,2024-11-23,C1091,P2098,L116,SH9,6,15958.84,0.03,5356.83
O7588,2025-03-08,C1224,P2056,L113,SH19,4,23366.0,0.2,1557.21
O9568,2025-04-29,C1411,P2065,L112,SH22,5,9476.81,,751.42
O10881,25/04/2025,C1476,P2071,L117,SH22,5,9252.99,0.04,3225.18
O9390,2024-03-30,C1167,P2099,L104,SH22,3,14813.39,,3705.01
O8308,2025-11-16,C1410,P2080,L113,SH1,4,7330.15,,2715.49
O7254,2024-12-11,C1085,P2088,L109,SH1,6,2710.6,0.16,1092.63
O11597,2024-11-10,C1146,P2071,L115,SH4,4,10543.66,0.03,3485.09
O8129,2024-05-30,C1426,P2068,L109,SH16,6,22894.5,0.11,7907.11
O7490,2025-12-29,C1414,P2002,L103,SH13,6,256655.02,0.06,64888.23
O9244,2024-04-15,C1300,P2081,L112,SH16,5,14074.62,0.16,4494.53
O5858,2024-08-14,C1112,P2020,L117,SH22,5,213849.71,0.07,76776.61
O5421,2025-06-16,C1486,P2038,L115,SH25,2,₹25285.37,0.17,2285.93
O6493,2025-03-24,C1101,P2033,L116,SH22,2,₹68073.16,0.1,16684.68
O7567,2024-06-25,C1432,P2055,L112,SH25,3,16530.71,0.27,1370.32
O9950,2025-12-03,C1168,P2075,L113,SH19,4,14199.73,0.13,6075.99
O8581,2025-01-22,C1430,P2029,L101,SH13,2,48290.85,0.16,18888.69
O5231,2024-03-17,C1244,P2035,L102,SH19,5,75529.81,0.13,6437.68
O7252,2024-08-13,C1252,P2027,L105,SH2,5,186645.55,0.04,40665.7
O6537,2025-11-25,C1500,P2033,L101,SH22,6,212969.34,0.24,78773.41
O7321,2025-06-16,C1465,P2047,L108,SH4,3,₹10961.96,0.12,1542.74
O8008,2025-08-20,C1489,P2094,L101,SH10,4,6531.41,0.01,2602.0
O6622,2024-08-02,C1495,P2095,L116,SH4,1,1020.73,0.13,415.1
O9215,2024-10-27,C1433,P2023,L105,SH1,6,237225.08,,91730.41
O6197,2025-07-01,C1064,P2086,L105,SH25,3,₹9445.82,0.05,3290.84
O6921,2024-07-03,C1197,P2067,L114,SH4,4,17817.57,,4539.33
O6237,2025-01-06,C1169,P2082,L103,SH1,2,9073.41,0.01,3680.3
O7663,2025-07-30,C1491,P2059,L111,SH16,3,36808.61,0.14,
O10947,2025-10-10,C1350,P2085,L117,SH13,6,6168.02,0.03,2655.86
O10646,2024-03-18,C1241,P2029,L105,SH1,6,133964.82,,28292.79
O6435,2025-02-16,C1100,P2038,L107,SH19,4,17254.36,0.15,1463.74
O10282,2024-11-30,C1035,P2060,L105,SH1,6,₹97944.65,0.31,9288.75
O6543,2025-06-04,C1414,P2041,L117,SH7,4,63231.7,,7850.57
O11040,2024-03-07,C1201,P2041,L105,SH10,3,47199.71,0.26,4935.78
O8770,2025-11-02,C1034,P2036,L113,SH19,6,₹54359.71,0.19,5947.36
O6638,2024-12-06,C1315,P2095,L101,SH13,6,20662.09,0.19,8670.76
O7099,2024-08-22,C1196,P2047,L102,SH1,5,11909.34,0.2,1696.21
O6509,2024-02-23,C1378,P2003,L116,SH4,4,87067.81,0.02,23982.44
O10702,2025-04-11,C1407,P2036,L107,SH19,3,50761.51,0.25,
O7761,2024-06-02,C1050,P2018,L103,SH19,2,₹33746.44,0.06,13099.02
O6352,2024-06-07,C1405,P2032,L101,SH7,5,216838.01,0.08,55972.86
O6916,2025-02-01,C1376,P2058,L115,SH22,4,38935.45,0.19,3519.85
O6700,2025-08-01,C1086,P2080,L112,SH4,3,6224.96,,2796.03
O7365,2025-07-20,C1173,P2095,L117,SH10,3,9096.34,0.08,3451.64
O11612,2024-04-02,C1110,P2063,L109,SH19,1,12583.35,0.21,1249.95
O7811,2025-04-12,C1063,P2086,L114,SH13,4,7986.89,0.04,3299.84
O7650,2025-10-21,C1209,P2063,L101,SH20,1,948.87,0.25,105.71
O7586,2024-07-05,C1428,P2097,L113,SH10,3,1123.57,0.1,464.57
O7652,2025-12-12,C1246,P2065,L109,SH1,6,₹95282.25,,11862.55
O7143,2024-01-09,C1052,P2011,L103,SH1,6,52591.66,0.08,15025.88
O6220,07/10/2024,C1301,P2074,L116,SH19,2,7038.63,0.02,1892.76
O11822,2025-11-25,C1350,P2037,L116,SH13,1,1376.62,0.19,99.38
O7316,2024-06-28,C1455,P2040,L107,SH4,-3,₹61688.93,0.08,4302.92
O8771,2025-06-10,C1422,P2054,L112,SH10,5,17941.65,0.36,2283.59
O5984,2025-04-04,C1254,P2080,L112,SH13,6,19053.23,0.12,4842.6
O11885,2024-04-13,C1424,P2055,L116,SH4,3,49324.48,0.12,4052.62
O7990,2024-01-29,C1385,P2036,L115,SH10,2,22822.25,,2879.8
O11893,2024-08-26,C1429,P2063,L104,SH19,3,₹23556.05,0.12,3022.33
O6608,2024-06-19,C1083,P2067,L104,SH4,1,1072.47,0.18,454.67
O9491,2025-11-09,C1178,P2079,L116,SH10,3,12520.07,0.11,3151.68
O7539,2024-11-11,C1276,P2004,L115,SH1,5,208682.61,0.02,82002.16
O9373,2025-05-16,C1169,P2094,L104,SH13,6,13639.18,0.0,3799.06
O10373,2025-11-03,C1028,P2006,L108,SH4,5,201770.65,0.26,69368.47
O7274,2024-10-25,C1237,P2006,L113,SH1,3,154682.73,0.01,50477.07
O8988,2025-03-05,C1412,P2014,L101,SH22,4,181852.04,0.15,69748.19
O5284,2024-05-29,C1444,P2017,L108,SH22,4,139249.88,0.12,50923.17
O8963,2025-01-20,C1449,P2012,L113,SH10,2,5287.99,0.18,
O7356,2025-01-20,C1187,P2098,L101,SH1,2,4965.39,0.14,1325.12
O9024,2024-12-18,C1042,P2062,L111,SH24,6,87418.97,,10824.28
O10227,2025-02-14,C1350,P2089,L109,SH13,3,3089.34,0.04,1073.23
O8221,2025-06-15,C1338,P2039,L103,SH22,5,₹44194.33,0.1,4710.13
O11820,2024-01-02,C1138,P2055,L101,SH19,1,2718.62,0.18,333.06
O11501,12/11/2024,C1500,P2001,L116,SH10,5,30201.49,0.07,11129.11
O7547,30/06/2025,C1191,P2065,L109,SH4,1,16469.33,0.18,1935.93
O6345,2025-08-03,C1311,P2010,L105,SH1,2,57542.26,0.18,
O8950,2024-02-02,C1067,P2053,L114,SH19,1,₹13665.8,0.15,1945.84
O11913,2024-12-14,C1375,P2079,L101,SH19,6,8724.23,0.04,2237.36
O5292,2025-11-01,C1448,P2036,L103,SH19,6,42280.06,0.26,2850.43
O11142,2024-05-05,C1289,P2013,L115,SH19,4,92754.49,0.04,34257.58
O7461,2025-12-19,C1329,P2001,L108,SH4,1,33972.36,,8733.99
O10980,2024-09-07,C1445,P2055,L104,SH1,1,7440.03,0.17,1086.19
O11308,13/03/2025,C1262,P2085,L111,SH16,6,8898.95,0.25,2447.6
O8027,2024-05-04,C1267,P2074,L103,SH1,1,₹1216.62,0.22,402.99
O11170,2024-10-12,C1441,P2092,L106,SH4,three,2647.23,0.19,713.52
O7193,2024-04-26,C1307,P2013,L112,SH16,3,14829.56,0.25,3749.5
O5428,2025-03-04,C1319,P2078,L105,SH19,5,19627.66,0.07,5318.76
O6103,2025-07-13,C1151,P2065,L117,SH1,1,12609.86,0.23,1648.47
O7251,2024-12-06,C1048,P2034,L109,SH1,4,46757.42,0.17,6290.27
O7394,2025-04-29,C1271,P2016,L117,SH1,4,₹111018.97,0.12,35638.68
O11404,29/03/2025,C1295,P2037,L114,SH13,-6,8443.41,0.11,1213.38
O11675,2024-02-24,C1431,P2092,L112,SH4,2,7001.5,0.07,2144.34
O6485,2025-11-05,C1440,P2018,L109,SH19,4,67993.92,0.04,18955.73
O6536,2024-02-12,C1441,P2057,L111,SH22,3,33210.37,0.22,2673.96
O11173,2025-09-05,C1080,P2071,L115,SH16,5,21689.11,0.05,6563.85
O9159,2025-07-27,C1462,P2012,L111,SH1,5,110249.67,0.04,31194.17
O6971,2025-01-13,C1414,P2089,L105,SH1,4,11161.89,0.07,3847.55
O9622,2025-12-27,C1339,P2074,L111,SH25,3,2534.11,,1044.71
O6556,2025-12-30,C1066,P2052,L108,SH12,5,33970.36,0.14,3067.96
O7482,2024-11-18,C1139,P2074,L101,SH1,3,3990.58,0.14,1793.75
O9414,2025-10-19,C1162,P2085,L101,SH25,2,5512.96,0.16,1920.64
O8462,2024-10-25,C1183,P2055,L117,SH19,3,17864.23,0.17,2641.57
O7717,2024-09-10,C1342,P2034,L107,SH13,1,15585.85,0.22,1155.96
O5053,2024-11-16,C1213,P2094,L104,SH10,2,4159.08,0.12,1593.02
O10467,2024-03-02,C1316,P2007,L105,SH10,3,122489.27,0.1,40783.38
O8998,2025-09-16,C1238,P2016,L105,SH1,6,90927.79,0.25,23554.69
O9916,2024-06-05,C1155,P2016,L105,SH11,3,74948.81,0.1,25175.91
O9898,2025-05-31,C1301,P2046,L104,SH10,6,48088.88,0.12,6654.25
O9400,2025-10-29,C1263,P2051,L117,SH10,2,5809.69,0.13,752.75
O7362,2024-05-09,C1445,P2003,L106,SH10,1,41354.41,0.16,8583.42
O6600,2025-04-08,C1488,P2048,L104,SH16,2,9831.19,0.21,1452.73
O6634,2025-09-14,C1422,P2004,L116,SH13,6,178037.22,0.16,53065.79
O8124,2025-12-04,C1004,P2045,L101,SH5,4,40502.39,0.25,5471.14
O10860,2024-12-25,C1207,P2095,L110,SH10,5,18676.24,0.03,7459.94
O8007,2024-07-04,C1008,P2019,L111,SH7,2,25970.1,0.0,8246.61
O11611,2025-06-04,C1150,P2001,L108,SH1,3,₹158934.91,0.03,54871.83
O7360,2024-12-01,C1038,P2074,L105,SH22,1,2771.21,0.08,1229.82
O9278,2025-11-04,C1376,P2041,L113,SH10,6,₹92730.44,0.1,6757.39
O7883,2024-11-11,C1166,P2058,L107,SH4,3,41514.46,0.12,4707.15
O8857,2025-08-13,C1267,P2084,L109,SH19,4,8717.51,0.16,2676.03
O9450,2024-08-10,C1091,P2047,L115,SH13,4,38585.18,0.18,3932.6
O10214,2024-03-28,C1288,P2084,L116,SH1,5,18736.09,0.15,8220.52
O6940,2024-05-13,C1042,P2043,L102,SH1,6,128791.81,0.02,18467.34
O6828,2024-10-09,C1443,P2099,L109,SH16,4,16787.29,0.08,6346.49
O7931,09/05/2025,C1109,P2042,L108,SH7,1,18613.56,0.09,2430.6
O8144,2024-04-21,C1374,P2079,L111,SH22,2,6795.92,0.06,1996.62
O7369,2024-10-08,C1479,P2079,L115,SH22,1,1956.56,0.09,519.66
O8080,2025-08-18,C1260,P2034,L104,SH22,4,₹53401.5,0.19,7267.2
O11929,2025-05-04,C1341,P2099,L107,SH19,3,1964.25,0.1,549.74
O11009,2024-02-17,C1472,P2095,L109,SH25,6,10932.95,0.06,2974.06
O7790,2024-12-22,C1168,P2039,L117,SH13,3,14916.0,0.09,1741.1
O11265,2025-09-18,C1116,P2066,L115,SH4,6,₹28799.41,0.16,3198.51
O6718,2025-01-07,C1425,P2093,L102,SH19,6,12350.31,0.08,5378.29
O11876,2025-06-22,C1261,P2048,L103,SH4,5,71918.11,,7917.39
O8657,2025-12-29,C1385,P2058,L114,SH1,6,63300.77,0.17,7200.78
O5002,27/12/2025,C1499,P2081,L108,SH22,4,₹3475.9,0.23,1251.91
O11278,2025-06-11,C1476,P2049,L114,SH10,6,34178.52,0.3,2174.08
O6400,2025-06-08,C1415,P2064,L114,SH13,2,41240.72,0.13,
O9078,2025-03-31,C1415,P2031,L114,SH4,4,87386.8,0.05,21846.47
O6436,2025-11-28,C1266,P2056,L104,SH1,2,3371.57,0.16,277.83
O10848,2025-03-20,C1081,P2009,L108,SH10,1,36578.88,0.13,13492.53
O11742,2025-05-10,C1204,P2041,L115,SH16,1,2980.1,0.23,205.61
O11435,2024-05-19,C1020,P2011,L101,SH4,2,86553.8,0.09,31329.18
O10431,2025-07-25,C1025,P2044,L115,SH1,1,3960.56,0.2,353.22
O6764,2025-01-04,C1365,P2095,L111,SH1,2,₹8031.72,0.12,2724.1
O11361,2024-02-11,C1027,P2033,L116,SH19,6,134058.17,,43475.38
O9517,2025-03-19,C1361,P2070,L113,SH10,5,14043.11,0.09,6070.37
O7326,2025-03-12,C1008,P2072,L116,SH4,2,1618.73,0.05,673.59
O7003,2025-08-06,C1381,P2027,L107,SH21,6,223096.07,0.09,57942.95
O9839,2025-01-05,C1054,P2086,L112,SH4,2,9033.69,0.02,3060.49
O11968,2024-09-14,C1262,P2089,L105,SH1,6,₹24287.43,0.16,8516.71
O11429,2025-05-11,C1320,P2083,L116,SH25,3,₹10470.24,0.05,3851.81
O6255,2025-10-20,C1202,P2028,L110,SH13,5,₹141041.89,0.03,53410.25
O5893,2025-11-08,C1211,P2045,L102,SH10,5,29861.01,0.11,2422.21
O9967,2024-10-23,C1220,P2013,L104,SH19,2,25023.23,0.04,9526.67
O6150,2024-11-12,C1316,P2098,L104,SH5,5,₹6767.78,0.09,2271.94
O11014,2025-01-20,C1361,P2024,L117,SH13,4,96558.37,0.11,21200.64
O9100,2024-04-23,C1137,P2008,L104,SH4,4,39585.87,0.13,9255.05
O7346,2024-06-21,C1136,P2076,L102,SH1,4,16807.55,0.04,5287.73
O7152,2025-04-17,C1168,P2027,L108,SH1,1,8605.48,0.09,
O7879,2025-08-30,C1356,P2015,L112,SH25,2,42571.3,0.11,15778.87
O6463,2025-07-12,C1044,P2039,L115,SH10,1,₹4242.46,,553.29
O5239,2025-02-02,C1365,P2082,L105,SH4,3,₹4400.43,0.21,1193.88
O5866,2024-07-08,C1106,P2076,L107,SH7,6,16726.86,0.2,4279.6
O8666,2024-01-13,C1393,P2094,L115,SH4,6,₹12248.61,0.08,4059.18
O9813,2025-09-05,C1219,P2034,L107,SH10,6,29503.34,0.15,4028.5
O6540,2024-10-16,C1037,P2083,L114,SH10,3,2984.03,0.06,940.89
O11454,2024-01-26,C1102,P2018,L115,SH13,1,₹44038.87,0.19,10701.69
O5070,2025-08-12,C1236,P2010,L111,SH19,4,86122.82,0.12,24190.57
O10539,2025-05-06,C1481,P2079,L110,SH4,2,2025.84,0.16,536.3
O10314,2025-10-31,C1427,P2091,L113,SH7,1,3124.43,0.16,984.32
O5369,2025-12-14,C1106,P2025,L114,SH21,3,₹85025.89,0.09,32744.72
O6698,26/03/2024,C1324,P2063,L112,SH13,3,12751.8,0.27,1895.4
O11588,2025-10-11,C1325,P2029,L111,SH1,5,140148.2,0.12,54427.05
O10241,2025-04-13,C1003,P2004,L111,SH10,5,165580.41,0.1,61679.46
O9022,06/05/2025,C1411,P2071,L108,SH22,3,11561.82,0.21,4587.88
O5825,2025-10-22,C1178,P2054,L115,SH7,-2,2138.19,0.19,164.67
O11760,2024-12-25,C1497,P2074,L102,SH4,3,12775.25,0.1,4826.25
O9636,2025-08-10,C1441,P2052,L116,SH1,1,18881.31,0.24,1344.77
O9987,2024-08-31,C1115,P2054,L107,SH10,6,5171.14,0.1,534.59
O5955,16/04/2025,C1079,P2004,L103,SH17,6,259115.18,0.06,86002.37
O6898,2025-02-08,C1056,P2098,L104,SH1,5,17787.25,0.15,7591.69
O6765,2025-04-16,C1165,P2060,L108,SH22,3,21235.04,0.26,1654.39
O7175,2024-06-16,C1464,P2055,L107,SH16,3,21479.84,0.25,2767.86
O10195,2025-04-17,C1244,P2050,L104,SH19,-1,8872.24,0.17,1183.67
O10565,2024-10-29,C1332,P2057,L108,SH16,3,53341.86,0.09,5616.68
O7208,2024-08-24,C1128,P2017,L102,SH22,1,45567.63,0.17,15902.01
O9806,2024-10-23,C1021,P2057,L101,SH13,6,56868.55,0.19,6921.96
O7091,2024-11-25,C1224,P2068,L111,SH10,4,1703.81,0.14,598.91
O11086,2025-07-07,C1155,P2035,L108,SH10,6,4674.35,0.11,467.36
O5828,10/05/2025,C1088,P2034,L108,SH4,2,₹11956.04,0.39,1027.42
O6481,2025-10-22,C1298,P2039,L102,SH10,1,13232.18,0.2,1576.58
O7174,2024-06-22,C1051,P2017,L109,SH10,2,65279.65,0.11,21827.04
O5227,2025-12-14,C1236,P2073,L108,SH4,6,7597.62,0.12,2938.82
O9577,2024-11-03,C1205,P2063,L102,SH25,1,19249.09,0.21,
O6995,2024-11-23,C1489,P2018,L117,SH19,4,₹61591.31,0.18,21630.41
O8123,28/02/2024,C1348,P2030,L106,SH1,3,101969.5,0.12,36304.65
O7142,2024-12-10,C1125,P2079,L106,SH13,1,883.18,0.22,278.58
O5470,2025-10-24,C1445,P2087,L108,SH22,3,8319.35,0.07,2475.16
O8023,2024-03-08,C1439,P2002,L106,SH19,4,184417.3,0.16,44234.4
O10261,03/02/2025,C1487,P2060,L113,SH22,5,4175.32,0.14,369.13
O10614,18/11/2025,C1194,P2015,L117,SH25,5,103918.57,0.07,24123.76
O8186,2024-12-24,C1082,P2023,L106,SH4,3,5354.41,0.09,1184.71
O10525,2025-09-12,C1200,P2027,L104,SH14,-2,11539.73,0.09,4213.14
O10113,2024-02-15,C1048,P2087,L102,SH10,-1,993.35,0.0,347.83
O11387,08/04/2025,C1046,P2084,L114,SH13,5,3952.64,0.21,
O9740,2024-02-03,C1404,P2095,L105,SH16,5,13384.44,0.21,5800.42
O7852,2025-02-02,C1135,P2072,L102,SH1,6,9843.11,0.1,3062.38
O7781,2024-12-23,C1391,P2043,L113,SH16,2,₹35615.58,0.23,3463.8
O10119,2025-01-04,C1054,P2006,L114,SH1,-3,₹15148.11,0.0,3165.91
O8934,2024-08-04,C1156,P2088,L110,SH19,5,13994.37,,4221.16
O11108,2025-05-03,C1018,P2080,L112,SH19,1,2865.69,0.02,1095.51
O11181,2024-06-11,C1105,P2010,L113,SH16,3,61918.87,0.0,24133.37
O7313,2025-11-03,C1393,P2080,L113,SH22,5,7318.5,0.17,
O7384,2025-01-13,C1287,P2091,L113,SH16,5,10205.23,0.02,4493.62
O7134,2025-08-31,C1267,P2088,L109,SH1,4,14965.41,0.06,4475.55
O9249,2025-05-30,C1156,P2032,L103,SH16,2,₹5427.28,,1764.75
O10046,2024-02-24,C1235,P2048,L113,SH10,3,39757.77,0.19,5500.82
O9395,2024-01-08,C1317,P2093,L108,SH10,4,12244.86,0.14,5315.94
O9417,2025-11-29,C1489,P2071,L111,SH1,1,3373.61,0.14,1334.63
O6186,2025-11-12,C1419,P2031,L112,SH10,3,65716.47,0.04,21171.34
O8208,2024-11-11,C1287,P2029,L115,SH10,2,29950.77,0.05,7591.44
O11053,2024-04-28,C1243,P2003,L103,SH25,5,128617.14,0.12,41707.42
O6592,13/02/2024,C1257,P2051,L116,SH1,6,₹22070.79,0.2,1923.07
O11204,2025-04-27,C1370,P2006,L109,SH22,1,4891.41,0.18,1790.3
O8095,2024-04-01,C1357,P2096,L105,SH10,3,5641.59,0.0,2240.61
O7958,2024-08-05,C1451,P2018,L110,SH7,3,109662.8,0.08,26463.48
O6676,2025-10-11,C1156,P2055,L109,SH13,5,15326.32,0.15,2032.9
O7343,2024-01-01,C1053,P2011,L106,SH10,2,41896.09,0.04,10213.19
O7550,2025-04-01,C1228,P2002,L109,SH10,2,15168.77,0.13,5212.83
O8880,2025-12-13,C1024,P2084,L114,SH19,5,15667.33,0.09,5052.28
O5190,2025-03-01,C1233,P2017,L117,SH16,6,144738.05,0.07,30618.95
O9145,2025-03-24,C1344,P2011,L102,SH1,2,80031.77,0.05,31826.33
O11579,2024-07-27,C1499,P2053,L104,SH13,6,112416.78,0.15,16112.22
O8529,2024-05-10,C1353,P2090,L114,SH19,5,₹16985.41,0.13,7238.15
O7582,2024-10-22,C1191,P2050,L103,SH25,3,5641.83,0.18,706.39
O7155,2025-12-27,C1210,P2016,L110,SH4,3,32443.13,0.15,9559.23
O7001,2024-05-02,C1460,P2034,L113,SH10,5,₹68645.96,0.17,6909.11
O11811,2025-09-02,C1022,P2024,L115,SH22,6,259620.41,0.0,78302.73
O8162,2024-02-27,C1465,P2079,L105,SH10,4,3656.36,0.03,1091.59
O7311,2024-01-17,C1147,P2074,L106,SH13,5,18252.64,,6217.24
O7709,2025-10-12,C1206,P2076,L109,SH1,4,6296.34,0.19,1825.14
O6094,2025-06-04,C1323,P2036,L105,SH7,6,126506.18,0.13,17676.09
O10763,2024-06-25,C1165,P2077,L103,SH1,1,₹1947.72,0.11,822.71
O6367,2025-10-16,C1483,P2017,L115,SH4,6,249752.77,0.22,54818.04
O8813,2025-05-15,C1381,P2007,L117,SH4,three,11258.16,0.18,3644.38
O8730,2025-09-01,C1302,P2007,L117,SH10,5,138568.37,0.16,29541.85
O5478,2025-12-25,C1282,P2046,L103,SH1,5,35667.19,0.16,2846.12
O7671,2025-03-20,C1352,P2047,L104,SH16,2,5197.91,0.23,364.3
O5569,23/09/2024,C1231,P2096,L111,SH13,3,5130.46,0.17,1857.59
O11279,2024-06-13,C1079,P2050,L102,SH20,5,₹43313.16,0.28,4456.79
O5051,2025-12-19,C1310,P2056,L104,SH19,6,18415.11,0.14,2190.0
O7728,2024-06-05,C1424,P2006,L112,SH1,1,35124.51,0.22,13575.12
O5931,22/01/2024,C1449,P2049,L108,SH19,5,100913.03,0.15,14438.65
O9566,2024-11-05,C1122,P2020,L111,SH24,1,20696.99,0.11,
O6467,2024-05-10,C1298,P2066,L112,SH10,1,13451.7,0.15,1896.58
O8504,2025-07-15,C1249,P2071,L103,SH19,4,8093.83,0.19,2096.85
O9739,2024-03-10,C1199,P2052,L104,SH7,4,65138.11,0.07,9162.76
O9044,2024-02-13,C1412,P2065,L112,SH13,3,11834.98,0.2,801.16
O8197,2024-04-23,C1205,P2036,L113,SH4,4,85184.44,0.08,10848.46
O9340,2025-12-21,C1411,P2096,L114,SH4,1,3455.86,0.08,1164.63
O8834,2024-04-16,C1273,P2078,L111,SH22,3,3245.6,0.12,1109.2
O8172,2024-12-29,C1354,P2030,L111,SH4,6,10969.67,,2400.36
O8466,2025-11-09,C1470,P2021,L105,SH13,5,116232.56,0.07,25674.86
O7308,2025-02-21,C1458,P2068,L105,SH13,5,2509.83,0.18,744.79
O8740,2025-07-25,C1149,P2018,L104,SH13,2,₹60956.54,0.07,13712.68
O5609,2025-10-15,C1188,P2059,L101,SH4,5,56089.96,0.14,7068.97
O9754,28/05/2025,C1006,P2076,L111,SH19,4,1858.42,0.17,772.25
O10441,2024-04-25,C1493,P2030,L105,SH16,1,47443.41,0.07,10058.74
O11444,2024-10-12,C1368,P2029,L105,SH1,6,73382.34,0.13,24930.46
O11923,2025-10-31,C1379,P2053,L106,SH13,6,32720.44,0.33,2174.39
O5001,21/10/2024,C1105,P2035,L105,SH1,1,9121.93,0.2,1120.56
O8425,2025-10-18,C1430,P2078,L111,SH19,3,8040.96,0.04,2647.78
O8275,2025-07-31,C1095,P2022,L114,SH13,4,116470.1,0.16,23552.11
O10668,2024-10-22,C1027,P2062,L109,SH7,5,29146.14,0.17,3250.23
O6207,2024-08-03,C1031,P2043,L105,SH1,6,106190.0,0.17,15301.87
O7828,2025-09-04,C1356,P2005,L108,SH19,5,41199.19,0.14,9093.23
O8981,2024-03-31,C1152,P2093,L113,SH19,3,3287.47,0.16,877.0
O10973,04/07/2025,C1128,P2055,L105,SH25,2,3626.65,0.18,256.52
O10487,2024-07-15,C1121,P2007,L105,SH1,2,67718.45,0.12,16097.92
O9680,12/11/2025,C1050,P2048,L116,SH10,5,75941.54,0.14,9966.53
O8600,2025-09-02,C1129,P2031,L113,SH16,5,161502.14,0.0,42602.21
O8278,20/07/2025,C1127,P2028,L111,SH14,5,191816.43,0.06,
O11603,2024-03-28,C1380,P2048,L114,SH10,2,43641.37,0.04,4610.63
O7897,2025-09-25,C1418,P2070,L108,SH19,1,2886.06,0.08,994.96
O9595,21/06/2025,C1253,P2024,L105,SH22,6,276501.79,0.02,73274.22
O8980,07/06/2024,C1033,P2066,L111,SH5,1,9781.44,0.2,756.96
O10049,2025-09-29,C1364,P2033,L113,SH22,2,69417.82,0.12,16238.45
O11626,2025-07-23,C1202,P2003,L113,SH1,three,36484.58,0.22,12950.73
O7818,2024-04-14,C1470,P2034,L115,SH19,6,₹106728.05,0.15,10978.67
O8554,2024-03-16,C1308,P2028,L102,SH1,1,51397.03,0.06,19620.4
O6301,2025-06-23,C1497,P2052,L104,SH4,5,18344.9,0.11,2339.71
O7927,2025-09-07,C1423,P2083,L117,SH1,5,22585.33,0.08,7575.68
O9432,2024-09-26,C1296,P2093,L102,SH7,5,14786.19,0.16,4912.15
O9270,2024-07-17,C1315,P2005,L113,SH10,4,80822.1,0.15,21440.24
O10071,2024-06-02,C1064,P2041,L107,SH1,1,16022.7,0.12,1768.54
O11079,2024-07-04,C1422,P2094,L105,SH1,5,6522.65,,1852.6
O7169,2025-02-10,C1488,P2058,L108,SH7,3,2230.14,0.13,143.4
O10112,2025-12-22,C1411,P2003,L108,SH16,6,135861.05,0.05,42039.26
O5767,2024-04-21,C1202,P2023,L116,SH1,5,45985.92,0.0,16267.13
O5414,2024-05-26,C1210,P2073,L115,SH8,4,6085.59,0.18,2392.45
O7100,2024-09-13,C1357,P2071,L102,SH16,2,1513.86,0.01,660.65
O8785,2025-12-01,C1466,P2060,L109,SH4,4,55735.3,0.2,6777.92
O5583,20/06/2025,C1384,P2082,L114,SH14,4,12436.03,0.07,4436.64
O7086,2025-05-12,C1380,P2079,L109,SH16,2,₹1945.98,0.0,
O11676,2024-03-05,C1040,P2069,L110,SH15,2,5190.2,0.22,2271.09
O5570,2024-12-25,C1011,P2053,L104,SH4,5,₹86071.76,0.21,12625.05
O9936,21/03/2025,C1381,P2099,L113,SH20,4,5858.73,0.16,1790.54
O6085,2025-01-19,C1377,P2099,L111,SH3,3,3952.7,0.02,1133.83
O10437,2025-01-30,C1468,P2063,L102,SH10,4,₹33778.34,0.06,3317.93
O5939,2024-01-11,C1332,P2059,L103,SH19,4,40327.82,0.17,5582.58
O7449,2024-01-24,C1052,P2012,L110,SH19,5,207842.33,0.05,69961.46
O9056,2025-02-24,C1253,P2014,L111,SH1,6,₹263365.44,0.01,61876.2
O10553,2024-05-14,C1363,P2073,L101,SH13,5,14942.63,0.0,5414.91
O5240,2024-04-14,C1228,P2047,L109,SH10,5,15225.34,0.24,1170.3
O7061,2025-02-20,C1186,P2029,L109,SH10,4,17643.82,0.06,5052.74
O5452,2024-12-05,C1419,P2029,L115,SH13,6,147270.57,0.22,47708.54
O11630,2025-10-16,C1148,P2014,L110,SH1,3,7500.91,0.02,2128.81
O11978,2024-12-28,C1005,P2092,L111,SH25,1,412.51,0.16,156.39
O6472,2024-08-16,C1496,P2064,L105,SH4,3,53904.64,0.2,6337.58
O9047,2025-02-11,C1112,P2078,L112,SH10,6,₹14649.25,0.06,5162.39
O9310,2024-07-19,C1368,P2093,L105,SH16,5,18008.2,0.11,7425.82
O10433,2024-06-21,C1381,P2062,L113,SH19,1,7191.97,0.13,913.6
O8200,2024-08-16,C1228,P2055,L105,SH4,4,52648.84,0.23,4133.08
O10884,2024-10-18,C1195,P2042,L112,SH7,5,5387.27,0.32,676.87
O6906,2024-05-26,C1271,P2037,L106,SH1,6,64866.58,0.23,5745.87
O8251,2025-02-26,C1028,P2077,L105,SH1,2,5877.08,0.11,1519.26
O6378,2024-01-08,C1361,P2095,L113,SH22,3,12325.04,0.13,5009.38
O10910,2025-07-26,C1111,P2005,L114,SH1,4,56249.01,0.09,21614.57
O9666,2024-12-16,C1189,P2016,L105,SH25,5,179191.86,0.09,43009.83
O6618,2024-10-18,C1008,P2025,L109,SH19,6,234317.47,0.14,87545.37
O10719,2024-04-23,C1246,P2001,L115,SH19,6,284478.39,0.13,107040.48
O8875,20/05/2025,C1286,P2009,L109,SH4,6,221386.14,0.23,84039.52
O5996,2025-06-02,C1373,P2038,L115,SH4,6,54788.13,0.29,7579.63
O5252,2024-05-22,C1036,P2053,L116,SH25,2,27415.44,0.15,2242.09
O5099,2025-04-05,C1391,P2021,L109,SH13,1,48435.87,0.03,11114.57
O9567,2024-11-05,C1489,P2015,L107,SH1,3,97511.93,0.21,33736.42
O11247,2024-01-28,C1387,P2073,L108,SH1,2,6673.17,0.14,2037.52
O10471,2025-01-19,C1483,P2078,L116,SH22,3,9404.08,0.14,2978.67
O10688,26/08/2024,C1295,P2062,L115,SH1,6,76517.29,0.18,5239.01
O11186,2024-09-20,C1260,P2063,L116,SH24,1,9893.19,0.23,1072.95
O9812,2025-05-07,C1443,P2069,L106,SH10,2,5379.46,0.09,1626.31
O7067,2024-11-11,C1429,P2069,L111,SH10,4,15778.46,0.09,5427.51
O9856,2024-08-14,C1416,P2004,L116,SH10,1,₹24733.25,0.05,5220.51
O11400,2024-02-27,C1194,P2015,L112,SH7,4,92230.62,0.15,34284.28
O5254,10/07/2025,C1274,P2065,L114,SH22,5,7265.78,0.14,1069.22
O6490,2024-03-04,C1387,P2054,L103,SH19,1,₹12174.29,0.22,855.88
O8195,2024-03-29,C1429,P2060,L103,SH7,6,114149.92,0.2,9131.69
O5964,2025-10-25,C1499,P2060,L108,SH10,5,68757.35,0.21,5085.04
O9621,2024-06-25,C1018,P2002,L114,SH10,6,212637.32,0.21,81990.93
O7039,2024-09-15,C1389,P2012,L116,SH22,6,161514.25,0.12,34982.85
O6100,2024-08-23,C1228,P2067,L112,SH19,3,7869.88,0.15,2699.77
O10590,2025-12-23,C1105,P2082,L115,SH16,2,790.57,0.1,258.49
O8619,2025-05-12,C1227,P2021,L104,SH3,2,34271.34,0.01,7930.21
O8846,2025-06-07,C1192,P2024,L110,SH19,6,68704.7,0.16,21998.77
O10401,2024-10-07,C1032,P2016,L104,SH15,4,178048.81,0.02,47548.58
O6737,2024-04-03,C1137,P2071,L109,SH1,2,7254.79,0.05,2877.74
O11625,02/12/2024,C1444,P2080,L115,SH13,3,6469.57,0.14,2713.28
O8234,2025-12-17,C1031,P2034,L114,SH10,6,98476.84,0.15,10739.48
O7305,2025-09-28,C1391,P2072,L105,SH10,3,3986.55,0.03,1414.82
O6234,2025-01-16,C1138,P2082,L107,SH25,5,13467.39,0.1,5111.61
O9990,2024-01-11,C1076,P2013,L115,SH13,1,₹45822.31,0.0,16007.48
O11965,2025-08-02,C1172,P2009,L106,SH10,2,60807.38,0.15,13811.43
O6809,2025-10-19,C1401,P2047,L114,SH1,2,2745.14,0.03,298.94
O11078,29/12/2025,C1489,P2068,L110,SH1,2,6853.79,0.09,1855.44
O9957,2025-01-12,C1234,P2092,L104,SH4,6,₹5260.78,0.15,1577.77
O9561,2024-04-03,C1350,P2031,L106,SH10,3,107105.7,0.18,37226.23
O7358,2024-01-16,C1448,P2085,L112,SH10,1,3975.52,0.0,1422.5
O9151,23/05/2024,C1276,P2051,L111,SH22,3,45871.84,0.0,3125.29
O9233,2025-08-30,C1468,P2065,L102,SH10,4,5498.23,0.2,351.73
O8183,2024-05-18,C1224,P2091,L116,SH19,5,10399.87,,2957.52
O6411,2024-07-20,C1417,P2041,L107,SH7,3,4984.4,0.17,520.64
O5325,2024-12-09,C1178,P2082,L101,SH22,6,2318.33,0.05,884.35
O9538,2025-05-26,C1344,P2034,L114,SH19,2,30923.65,0.18,2432.16
O11403,2025-03-29,C1438,P2088,L116,SH4,5,14241.76,0.11,5482.32
O7392,2024-06-02,C1009,P2080,L109,SH7,3,9846.51,0.09,3728.5
O11979,2025-07-15,C1174,P2007,L102,SH22,2,24494.44,0.07,6937.26
O6849,2024-09-08,C1115,P2089,L108,SH4,2,7346.54,0.17,2483.65
O5798,2025-03-05,C1304,P2075,L111,SH13,2,2628.51,0.0,1012.95
O5425,2025-11-08,C1025,P2077,L102,SH7,6,5114.73,0.05,2133.99
O11922,2024-04-23,C1362,P2034,L104,SH16,3,48075.37,0.15,3153.22
O10815,2024-06-09,C1248,P2024,L109,SH25,6,209499.25,0.05,62169.78
O9404,2024-04-22,C1130,P2040,L109,SH13,5,88685.4,0.17,5666.05
O11273,2025-09-24,C1476,P2014,L115,SH16,2,60675.02,0.02,17946.74
O10621,2024-04-07,C1179,P2031,L109,SH13,3,134199.08,0.11,36516.39
O5486,2025-11-17,C1321,P2009,L107,SH22,4,118201.52,0.16,28679.83
O11658,2025-05-08,C1048,P2098,L116,SH10,4,2635.34,0.07,871.38
O9980,2024-01-18,C1412,P2030,L108,SH19,3,96057.63,0.09,26330.85
O8571,2025-09-03,C1170,P2007,L114,SH1,4,147980.32,0.0,58180.29
O10269,2024-01-06,C1142,P2019,L106,SH22,3,64852.05,,21880.29
O10120,2024-03-08,C1432,P2051,L101,SH4,1,991.98,0.09,85.61
O10573,2024-11-19,C1217,P2054,L105,SH19,1,5539.01,0.25,579.27
O8477,2024-01-27,C1250,P2058,L110,SH25,2,29031.36,0.22,2077.53
O7558,2024-10-19,C1079,P2092,L115,SH25,6,23645.13,0.0,8818.58
O5627,23/07/2025,C1471,P2071,L117,SH1,1,2873.82,0.05,1047.0
O8617,2025-06-21,C1328,P2069,L105,SH1,2,₹3443.81,0.21,892.7
O6161,2024-06-08,C1259,P2079,L114,SH7,4,12510.53,0.25,5113.2
O6238,2025-01-21,C1141,P2002,L104,SH1,1,47434.16,0.12,11595.05
O11534,2025-10-29,C1411,P2075,L114,SH4,2,6055.13,0.12,1942.42
O7015,2024-06-28,C1222,P2060,L114,SH4,6,119774.21,0.18,13403.75
O7872,2024-03-17,C1157,P2014,L101,SH9,2,20285.18,0.13,6750.19
O11961,2024-11-09,C1265,P2067,L115,SH25,3,11315.15,0.0,3587.88
O9694,2025-09-02,C1347,P2054,L108,SH19,3,37446.21,0.19,4319.71
O6770,2025-08-10,C1082,P2066,L103,SH4,1,19193.27,0.17,2205.36
O7820,2025-01-30,C1474,P2034,L102,SH19,4,30800.12,0.19,3349.39
O11073,2025-05-15,C1152,P2086,L106,SH10,2,2137.1,0.22,784.3
O11781,2025-12-17,C1056,P2063,L114,SH1,3,49483.9,0.21,4355.88
O9670,2024-08-24,C1082,P2099,L117,SH4,4,9044.62,0.11,3880.52
O9915,2025-04-02,C1398,P2058,L114,SH1,4,25262.61,0.12,3185.15
O10693,2025-11-24,C1339,P2059,L103,SH25,5,62781.7,0.31,9151.05
O10171,2024-07-18,C1094,P2025,L105,SH1,3,50005.56,0.17,13705.9
O6096,2025-04-20,C1192,P2064,L117,SH22,6,24324.56,0.21,3019.26
O10359,2025-05-20,C1427,P2027,L116,SH22,5,₹138301.31,0.18,49374.93
O5269,2025-09-21,C1317,P2023,L110,SH10,1,27120.69,0.18,9069.75
O6750,2024-06-24,C1099,P2099,L113,SH4,3,₹12832.91,0.01,4774.16
O11050,2024-09-11,C1439,P2078,L116,SH7,1,₹2053.07,0.14,760.86
O8765,2025-12-19,C1217,P2018,L109,SH5,4,171124.86,0.04,49668.38
O10260,2025-01-07,C1473,P2062,L103,SH1,6,96498.66,0.23,11580.6
O5619,2025-08-06,C1099,P2068,L108,SH20,5,15399.53,0.06,4400.87
O11410,2024-01-13,C1481,P2090,L108,SH22,-6,₹24897.56,0.06,10930.21
O6369,2025-01-07,C1296,P2002,L112,SH22,1,2034.96,0.14,771.92
O9097,2025-03-31,C1277,P2013,L107,SH22,3,122248.69,0.12,42109.22
O7660,2025-10-14,C1183,P2032,L101,SH10,5,144127.16,0.32,44420.39
O10913,2024-09-06,C1289,P2046,L115,SH16,3,47397.66,0.15,6057.72
O9241,2025-04-03,C1345,P2086,L110,SH4,3,₹2896.98,0.13,836.16
O8631,2025-10-28,C1120,P2011,L113,SH19,1,30162.41,0.14,8840.44
O5446,2025-04-25,C1479,P2021,L117,SH1,4,148757.34,0.21,55617.86
O5426,24/01/2025,C1060,P2054,L115,SH19,2,5838.14,0.23,483.09
O9422,2024-12-18,C1183,P2041,L112,SH4,2,29946.57,0.15,4456.12
O6961,2024-02-13,C1098,P2030,L106,SH16,3,95768.53,0.17,27001.6
O10601,2024-12-29,C1183,P2098,L106,SH10,6,12003.08,0.18,3722.03
O6860,2025-12-22,C1307,P2063,L114,SH10,2,₹34735.75,0.1,
O6659,2024-04-20,C1021,P2030,L117,SH19,4,88403.72,0.08,31366.92
O10257,2024-06-12,C1296,P2075,L117,SH9,1,964.3,0.0,349.69
O7499,2025-07-06,C1192,P2057,L101,SH10,5,20900.53,0.16,2781.2
O6831,2025-09-13,C1288,P2078,L113,SH13,1,2452.78,0.12,1067.08
O7815,10/05/2024,C1470,P2017,L102,SH19,6,149567.17,0.18,43627.33
O10392,2024-09-05,C1329,P2077,L115,SH1,5,17072.14,0.27,4737.67
O6807,2024-07-09,C1474,P2044,L111,SH13,5,28958.21,0.17,3840.7
O5943,2025-07-26,C1344,P2048,L105,SH9,5,7091.14,0.21,539.94
O5645,2025-07-13,C1276,P2028,L107,SH16,5,135675.73,0.08,34153.87
O9610,2025-05-27,C1090,P2095,L113,SH13,2,₹8555.31,0.12,2788.65
O9709,2025-07-16,C1353,P2030,L115,SH19,3,128559.54,0.12,44846.72
O7967,2024-09-18,C1267,P2011,L113,SH19,4,56004.9,0.08,20352.18
O6534,2024-09-22,C1093,P2034,L109,SH19,2,39296.05,0.1,2807.7
O9927,2025-10-23,C1260,P2070,L112,SH1,3,9621.6,0.09,4290.31
O7956,2025-03-12,C1179,P2016,L108,SH19,3,8688.02,0.23,1840.24
O6636,2024-05-14,C1362,P2095,L106,SH7,1,780.99,0.0,325.53
O10767,2024-10-24,C1121,P2065,L113,SH10,1,13539.62,0.18,1297.29
O5329,2025-03-21,C1039,P2076,L102,SH10,3,8583.63,0.17,2370.3
O8764,2024-09-24,C1101,P2003,L105,SH22,6,232418.46,0.11,88537.42
O5591,2024-07-11,C1140,P2090,L116,SH22,1,₹1874.96,0.0,525.8
O8629,2024-01-03,C1497,P2077,L110,SH19,2,6290.98,0.16,2301.7
O9308,2025-09-20,C1198,P2092,L104,SH4,1,2337.36,,973.03
O9423,2024-04-26,C1019,P2006,L114,SH16,3,63182.06,0.21,13566.99
O11761,2025-08-04,C1477,P2026,L109,SH15,5,52948.84,0.15,13233.81
O5924,23/03/2024,C1405,P2005,L109,SH17,6,248654.3,0.09,96502.51
O7430,2025-08-16,C1363,P2042,L105,SH19,2,30965.88,0.35,4493.84
O8424,11/06/2024,C1137,P2088,L117,SH22,2,2175.86,0.18,761.93
O10333,2024-12-12,C1048,P2094,L109,SH19,-3,5162.17,0.15,2238.12
O6174,2025-06-29,C1355,P2039,L117,SH10,6,85350.35,0.15,8061.42
O6874,2025-06-03,C1457,P2057,L106,SH7,5,19809.74,0.1,2648.75
O10161,2024-12-10,C1106,P2016,L103,SH4,5,58882.45,0.23,19277.97
O11701,2024-07-10,C1281,P2057,L117,SH4,6,105743.43,0.11,11382.37
O11469,2024-09-08,C1254,P2014,L102,SH1,3,₹64215.49,0.11,15291.65
O5847,2024-08-17,C1156,P2064,L115,SH13,3,2783.09,0.36,167.6
O8210,2025-08-06,C1294,P2033,L115,SH10,3,₹116487.92,0.08,23548.74
O10429,2025-04-20,C1123,P2001,L102,SH10,6,₹103835.31,0.06,23243.1
O6047,2025-12-16,C1154,P2012,L113,SH22,3,21814.02,0.1,4972.07
O6954,2024-06-15,C1435,P2042,L108,SH16,5,42438.96,0.18,5739.6
O5493,30/04/2025,C1203,P2085,L101,SH19,4,₹4073.48,0.09,1197.49
O9407,2024-09-12,C1201,P2004,L109,SH22,2,33158.52,0.16,
O7504,2024-09-30,C1477,P2062,L102,SH22,1,1696.35,0.08,155.92
O10568,2024-02-04,C1209,P2063,L116,SH11,2,₹13239.8,,1260.41
O10198,2024-01-07,C1494,P2003,L112,SH7,5,245423.94,0.05,83804.89
O10868,2025-05-11,C1001,P2024,L107,SH22,4,₹68096.36,0.0,21101.91
O10876,2024-04-29,C1447,P2047,L115,SH25,5,23193.37,0.31,3061.08
O6299,25/10/2025,C1292,P2063,L106,SH1,4,26536.64,0.13,2332.95
O6589,2024-08-03,C1336,P2007,L117,SH4,5,97055.87,0.07,23263.12
O11641,2024-12-02,C1216,P2061,L111,SH1,2,33820.41,0.14,3802.63
O8904,2025-09-18,C1270,P2049,L114,SH14,3,15443.48,0.26,978.43
O10163,2024-02-24,C1206,P2084,L107,SH1,2,7772.95,0.03,2503.64
O5110,2024-12-19,C1009,P2046,L103,SH4,5,28531.56,0.14,3399.23
O11691,2025-01-22,C1162,P2069,L109,SH25,3,₹4484.9,0.18,1987.63
O11524,2025-08-30,C1416,P2058,L105,SH4,1,5769.99,0.17,560.58
O9367,2024-07-28,C1102,P2059,L111,SH25,2,20871.78,0.29,3094.35
O8597,2024-01-24,C1285,P2079,L108,SH13,5,₹8911.02,0.18,
O9564,2024-12-28,C1186,P2092,L106,SH25,1,2547.7,0.02,798.44
O11058,2024-04-02,C1219,P2082,L104,SH7,6,15852.84,0.16,6695.72
O10942,2024-10-13,C1300,P2040,L116,SH19,5,38421.64,0.2,4225.75
O11329,2024-02-04,C1328,P2019,L112,SH1,2,95277.55,0.09,26813.88
O9299,2025-05-12,C1386,P2010,L115,SH4,6,295017.7,0.06,104154.17
O10345,14/06/2025,C1325,P2040,L107,SH19,6,46800.68,0.27,3476.79
O9556,07/02/2025,C1397,P2098,L103,SH4,5,15935.41,0.06,4290.71
O5368,2025-09-13,C1016,P2056,L106,SH4,3,55606.75,0.17,4122.65
O10781,2024-01-19,C1289,P2038,L112,SH22,3,8828.27,0.27,836.85
O9177,2025-11-16,C1222,P2064,L116,SH13,1,2920.05,0.27,337.47
O10603,2025-06-17,C1496,P2007,L104,SH1,1,21043.57,0.0,4647.38
O8490,2025-10-20,C1291,P2075,L112,SH10,3,5752.26,0.11,2142.53
O9781,2024-06-15,C1197,P2020,L110,SH13,5,251817.48,0.06,67678.65
O6128,2025-05-20,C1372,P2093,L107,SH4,3,6875.64,0.0,2766.57
O9329,2025-01-06,C1126,P2081,L114,SH1,5,21624.17,0.11,8539.99
O9597,2025-09-27,C1446,P2015,L107,SH16,1,37538.45,0.12,14220.81
O9933,2025-06-24,C1273,P2079,L107,SH10,5,7862.75,0.11,3463.68
O7771,2024-01-08,C1410,P2037,L116,SH16,three,67520.2,0.25,4058.45
O5374,2024-07-08,C1329,P2070,L113,SH4,4,6909.96,0.18,2254.64
O6159,2024-11-06,C1091,P2078,L108,SH19,2,3425.25,0.0,1163.4
O5296,2024-03-13,C1356,P2017,L116,SH7,1,11961.33,0.13,2605.97
O6504,2025-05-20,C1468,P2008,L108,SH22,6,31756.63,0.02,12372.37
O10611,2024-02-24,C1394,P2042,L115,SH10,6,42678.22,,3777.51
O10358,01/10/2024,C1297,P2095,L107,SH4,6,13961.29,0.09,5125.52
O9833,2024-11-15,C1361,P2078,L101,SH25,5,20663.57,0.03,9219.14
O8244,2024-09-21,C1098,P2001,L112,SH10,2,100829.29,0.08,30863.88
O6783,2024-11-20,C1482,P2063,L112,SH4,5,43384.38,0.2,3424.31
O9448,2025-05-17,C1071,P2095,L109,SH16,6,₹11893.35,0.13,4982.46
O6140,2024-12-11,C1216,P2004,L101,SH4,2,87164.49,0.04,29286.56
O9832,2025-02-07,C1002,P2093,L117,SH10,4,3219.91,0.05,1406.31
O6667,2025-02-13,C1066,P2041,L105,SH19,6,88978.84,,12530.17
O5746,2024-03-03,C1156,P2094,L109,SH22,1,3294.78,0.0,1204.66
O7887,2025-07-20,C1012,P2072,L101,SH25,6,21341.29,0.11,7287.13
O10607,2025-08-19,C1377,P2027,L103,SH22,1,11969.31,0.11,3432.6
O8020,2024-07-21,C1202,P2078,L105,SH13,5,18660.2,0.07,8321.13
O10313,2025-03-07,C1044,P2095,L103,SH7,1,4017.01,0.15,1154.47
O5989,2025-05-20,C1252,P2013,L114,SH1,1,17745.38,0.0,4292.37
O10950,2025-07-14,C1070,P2003,L107,SH19,4,169961.2,0.05,49093.08
O8240,24/06/2024,C1217,P2040,L109,SH1,2,18030.96,,1555.61
O11119,11/02/2024,C1003,P2007,L101,SH16,6,265064.99,0.1,54996.22
O9447,2025-03-01,C1028,P2038,L109,SH19,3,39046.08,0.27,3627.8
O10728,2024-02-03,C1364,P2090,L112,SH7,2,6141.66,0.11,1762.39
O8159,2024-06-16,C1151,P2032,L113,SH25,1,31186.48,0.06,7062.26
O8145,20/05/2025,C1066,P2060,L106,SH1,5,21673.74,0.16,2980.27
O11062,2024-09-04,C1077,P2021,L107,SH13,4,₹183128.2,0.13,43415.19
O6187,2025-04-12,C1413,P2013,L101,SH4,1,43747.31,0.09,12265.07
O9061,2024-05-16,C1135,P2089,L116,SH17,5,5081.15,0.15,2228.17
O10459,2025-01-17,C1120,P2042,L113,SH13,-6,27794.53,0.3,2061.6
O11686,2024-01-19,C1446,P2095,L111,SH7,6,11203.1,0.12,4765.66
O8754,2025-08-08,C1283,P2075,L107,SH19,3,1884.07,0.13,781.12
O5043,2024-10-10,C1404,P2077,L101,SH1,5,20656.17,0.05,5761.78
O6158,2025-04-23,C1260,P2011,L114,SH4,4,64661.24,0.11,22265.11
O11480,2025-06-08,C1169,P2099,L113,SH1,5,14035.16,0.24,4242.61
O10212,2025-09-13,C1354,P2059,L112,SH4,5,71550.2,0.12,10057.16
O9525,2025-06-01,C1125,P2020,L101,SH22,2,99510.07,0.09,29517.02
O8175,2025-12-10,C1499,P2017,L112,SH7,1,34571.73,0.16,12860.47
O8403,2024-09-17,C1181,P2013,L106,SH1,1,26125.75,0.02,6659.96
O7090,2024-01-24,C1436,P2079,L113,SH19,4,11443.68,0.01,3482.82
O8693,2024-03-09,C1172,P2072,L102,SH13,4,11733.11,0.17,4199.11
O9952,2024-03-09,C1454,P2046,L111,SH13,6,102544.59,0.2,7368.73
O7576,2024-06-15,C1333,P2029,L115,SH7,2,54092.86,0.08,13396.28
O5876,2025-11-19,C1092,P2002,L116,SH22,6,₹35918.55,0.16,10330.59
O9530,31/12/2024,C1110,P2044,L117,SH4,2,30035.71,0.16,3072.16
O5459,2024-05-11,C1400,P2023,L106,SH19,3,21120.41,0.0,7001.51
O11243,2025-01-31,C1024,P2071,L101,SH16,5,15486.93,0.04,3928.54
O8545,2024-08-08,C1461,P2039,L101,SH19,6,46660.32,0.25,5204.45
O10267,2024-10-21,C1252,P2047,L102,SH16,5,65290.74,0.11,7074.63
O10545,2024-02-25,C1025,P2094,L108,SH22,1,₹1993.2,0.05,698.15
O8000,2025-09-22,C1409,P2060,L107,SH4,6,61035.75,0.15,4703.15
O5083,2025-05-31,C1053,P2044,L103,SH19,4,51938.63,0.21,3299.29
O5017,2024-11-28,C1154,P2004,L102,SH13,4,149918.5,0.15,
O11461,2024-04-26,C1413,P2037,L111,SH10,2,8067.48,0.13,721.98
O8349,2025-03-09,C1226,P2030,L103,SH13,1,₹25563.9,0.09,5592.82
O8679,14/12/2024,C1208,P2050,L117,SH12,2,4164.12,0.21,329.89
O7853,2024-06-30,C1001,P2006,L113,SH13,4,111345.81,0.13,33458.89
O7661,04/06/2024,C1130,P2032,L101,SH13,4,174163.45,0.11,38895.86
O9569,2025-04-17,C1222,P2089,L106,SH4,4,8614.38,0.09,
O5600,2025-10-10,C1112,P2015,L108,SH10,5,93965.06,0.24,19076.18
O6620,2024-08-09,C1304,P2020,L104,SH1,2,27685.1,0.16,
O8867,2025-10-20,C1059,P2098,L107,SH10,4,15911.25,0.05,5567.64
O6430,2024-06-17,C1036,P2036,L114,SH25,6,83556.66,0.2,12168.73
O5154,2024-07-22,C1481,P2047,L105,SH7,1,11996.09,0.22,1153.12
O9381,28/11/2024,C1469,P2043,L106,SH1,4,₹32747.75,0.04,3986.19
O5830,2024-06-14,C1094,P2023,L105,SH10,5,61180.12,0.14,12739.55
O11558,2025-10-18,C1416,P2089,L103,SH13,6,16891.71,0.15,5680.53
O6337,2024-02-19,C1289,P2062,L102,SH1,3,22714.68,0.1,3291.72
O8650,2024-10-26,C1359,P2055,L113,SH7,3,14024.27,,1403.28
O6359,2025-10-12,C1217,P2035,L109,SH10,4,16197.62,0.2,1178.48
O5048,2024-03-03,C1155,P2059,L101,SH13,6,124329.68,0.17,16940.77
O7194,2025-08-13,C1455,P2016,L106,SH7,1,11444.16,0.11,4120.75
O7427,02/04/2025,C1372,P2015,L106,SH26,4,133820.27,0.01,49458.47
O11043,2025-05-02,C1050,P2089,L107,SH4,2,8444.92,0.14,3679.37
O11413,2025-04-01,C1034,P2042,L113,SH1,3,46334.8,0.2,4956.41
O5429,2024-04-18,C1061,P2037,L104,SH10,5,₹51381.14,0.2,
O7383,2024-04-14,C1176,P2068,L112,SH19,1,1156.96,0.19,518.65
O10375,25/04/2024,C1429,P2027,L106,SH4,-3,50481.62,0.23,16974.58
O8370,2025-03-22,C1469,P2057,L111,SH1,2,20959.39,0.28,2407.01
O5905,2025-08-02,C1138,P2082,L114,SH7,3,10890.47,0.03,2853.05
O10955,2024-06-05,C1102,P2019,L114,SH10,1,38610.62,0.16,9326.95
O8818,07/01/2024,C1027,P2002,L106,SH25,5,36570.94,0.14,12040.63
O8715,2025-02-10,C1050,P2006,L103,SH10,1,36663.29,0.07,14001.94
O5824,2024-10-27,C1488,P2081,L101,SH7,4,7967.28,0.14,3079.2
O7055,2024-08-25,C1212,P2015,L102,SH22,6,73985.57,0.0,19241.33
O5679,2025-12-30,C1445,P2019,L106,SH25,4,15112.6,0.11,3953.64
O5511,2025-05-10,C1082,P2023,L105,SH16,2,89002.91,0.14,18520.08
O8863,2025-04-04,C1490,P2047,L112,SH10,1,16681.97,0.19,2119.21
O8994,2024-01-04,C1294,P2091,L103,SH7,6,2706.98,0.0,984.64
O9383,31/08/2024,C1273,P2076,L101,SH10,5,2407.92,0.02,1039.49
O8116,2025-07-30,C1197,P2007,L106,SH10,6,52853.45,0.18,13314.42
O5741,2025-12-22,C1020,P2073,L116,SH22,1,1969.73,0.06,721.03
O10513,2024-03-23,C1187,P2054,L114,SH22,3,51845.81,0.2,5045.24
O7188,2025-10-01,C1390,P2044,L104,SH19,3,55139.59,0.1,7209.68
O6295,2025-12-05,C1276,P2085,L104,SH22,6,10871.85,0.16,4139.62
O5443,2025-11-16,C1393,P2096,L108,SH19,6,21464.0,0.19,7594.39
O6416,2025-02-13,C1141,P2041,L112,SH16,5,11467.54,0.16,1487.51
O11722,2024-05-13,C1252,P2018,L107,SH22,3,₹117141.29,0.17,30473.07
O6852,2025-12-24,C1295,P2050,L109,SH13,4,66673.88,0.17,6184.48
O8256,08/10/2025,C1095,P2083,L115,SH19,1,1317.57,0.21,349.22
O8553,31/03/2024,C1423,P2073,L109,SH16,4,15002.02,0.0,6615.93
O6043,04/07/2025,C1277,P2022,L108,SH22,-4,199366.15,0.05,78205.44
O7192,2024-07-08,C1014,P2037,L111,SH19,5,71200.99,0.21,9843.92
O10353,2025-06-16,C1087,P2065,L113,SH19,2,31731.49,0.1,4633.29
O9959,2024-08-29,C1192,P2081,L104,SH22,3,4031.11,0.06,1716.55
O8932,2025-06-20,C1251,P2059,L112,SH7,4,39601.43,0.0,4068.51
O10306,2024-07-02,C1446,P2017,L109,SH7,1,23102.57,0.12,4856.18
O5914,2024-09-14,C1341,P2075,L117,SH19,1,2468.98,0.08,661.81
O8914,2025-03-19,C1437,P2083,L101,SH10,5,14665.69,0.05,3915.75
O11748,2025-07-16,C1431,P2040,L114,SH10,3,30610.39,0.3,2364.0
O11530,2024-11-02,C1280,P2004,L112,SH10,6,281777.37,0.08,84070.33
O9162,2025-02-22,C1413,P2040,L112,SH15,6,24915.36,0.17,3327.92
O5026,2025-11-25,C1326,P2025,L109,SH19,2,71269.76,0.15,25193.44
O5042,2025-08-23,C1106,P2009,L107,SH10,2,23235.05,0.11,8688.49
O8232,2025-05-08,C1356,P2080,L117,SH10,6,25204.67,0.15,6422.51
O6016,2024-05-13,C1048,P2008,L114,SH13,6,₹155402.15,0.04,44947.4
O10849,2024-03-26,C1185,P2064,L116,SH7,5,₹73815.69,0.16,9357.35
O11917,2024-11-01,C1309,P2039,L117,SH13,6,58882.93,0.05,5951.55
O7405,2025-07-22,C1105,P2082,L114,SH13,3,10361.75,0.09,4003.77
O9073,2024-05-05,C1393,P2052,L102,SH16,1,10411.99,0.13,803.67
O9443,2025-03-31,C1120,P2084,L115,SH1,3,9916.36,0.14,2839.71
O11324,24/10/2025,C1354,P2021,L101,SH4,3,47870.89,0.13,17437.87
O10671,2024-12-03,C1142,P2068,L113,SH4,4,12885.0,0.08,4475.64
O10681,2025-09-16,C1198,P2035,L106,SH7,5,81452.01,0.22,11827.9
O5065,2024-04-26,C1111,P2097,L117,SH19,6,11926.77,0.0,3246.2
O6008,03/02/2025,C1019,P2069,L111,SH1,5,15128.59,0.19,6021.34
O11967,2025-04-11,C1265,P2030,L113,SH10,1,23700.31,0.09,5055.98
O5901,2025-03-13,C1411,P2068,L116,SH26,3,3562.13,0.13,1457.37
O5897,2025-12-08,C1414,P2063,L104,SH22,6,81232.67,0.21,7330.2
O5262,2024-01-24,C1154,P2006,L104,SH25,2,87291.9,0.07,28770.89
O9647,2025-07-17,C1385,P2084,L101,SH13,4,16708.07,0.14,6699.77
O7527,2025-12-16,C1340,P2069,L108,SH19,5,24186.57,0.01,7961.39
O9891,2025-11-11,C1066,P2026,L103,SH1,6,291188.6,0.07,66392.83
O7438,2024-01-24,C1447,P2094,L103,SH7,6,23659.89,0.01,8957.22
O7647,2025-10-03,C1033,P2010,L110,SH1,6,205911.33,0.0,45044.97
O6272,2024-04-03,C1010,P2079,L107,SH25,3,12996.75,0.01,4237.86
O5586,2024-11-02,C1473,P2063,L116,SH13,5,4339.29,0.15,428.46
O11955,2025-07-15,C1091,P2039,L101,SH4,6,78350.78,0.02,9772.61
O5050,2025-01-25,C1065,P2036,L111,SH10,5,96992.97,0.22,10451.0
O5531,2024-09-20,C1307,P2070,L114,SH7,5,5268.41,0.17,2064.32
O10008,2025-04-21,C1354,P2068,L115,SH7,1,3559.03,0.15,1495.6
O6735,2025-04-02,C1447,P2011,L102,SH10,6,160365.57,0.16,40026.35
O5659,2025-11-02,C1466,P2099,L105,SH13,1,4410.42,0.06,1911.58
O9477,2025-04-14,C1048,P2025,L108,SH1,4,192147.7,0.07,76217.27
O10062,2024-06-12,C1352,P2014,L110,SH13,5,134475.38,0.16,51382.73
O5317,2024-08-21,C1396,P2014,L104,SH4,2,77327.65,0.06,15505.25
O9291,2024-08-17,C1003,P2050,L101,SH10,3,11521.7,0.21,1478.43
O10321,2024-08-11,C1277,P2097,L112,SH4,1,535.13,0.08,138.45
O7166,2025-04-30,C1010,P2053,L103,SH13,5,₹97069.57,0.07,9469.34
O7149,2024-04-08,C1330,P2090,L117,SH10,1,2576.17,0.04,759.35
O10078,2025-10-17,C1339,P2076,L116,SH22,4,14591.86,0.0,6273.83
O8536,2024-12-28,C1040,P2054,L104,SH25,-1,17298.2,0.2,2086.91
O10090,2025-11-29,C1037,P2011,L114,SH1,6,167467.67,0.14,
O10236,2024-10-03,C1127,P2057,L101,SH10,6,46746.93,0.32,4036.38
O5698,2025-10-23,C1470,P2061,L102,SH10,5,14502.62,0.29,1072.97
O6635,2024-02-09,C1448,P2083,L104,SH25,2,3611.75,0.14,1345.68
O11333,2024-06-09,C1042,P2053,L101,SH16,2,22535.38,0.14,2774.12
O10606,2025-06-28,C1189,P2008,L114,SH5,5,8776.38,0.12,2823.4
O10826,2025-04-15,C1078,P2096,L103,SH13,2,1616.11,0.15,706.48
O7234,2025-05-16,C1388,P2090,L101,SH10,3,12101.24,0.03,3548.95
O7473,2024-01-18,C1361,P2026,L101,SH19,5,153912.42,0.03,36376.46
O5855,2024-11-19,C1386,P2022,L111,SH16,3,₹115252.14,0.16,38839.21
O11583,29/10/2025,C1033,P2053,L102,SH4,6,33912.7,0.14,3572.0
,,,,,,,,,
O11245,2024-04-30,C1469,P2026,L110,SH22,1,38524.82,0.08,15273.1
O9924,2025-07-26,C1467,P2043,L116,SH22,6,40620.15,0.21,3017.3
O8243,2025-09-05,C1231,P2004,L113,SH25,4,39552.75,0.11,12790.81
O5461,2025-04-08,C1494,P2044,L110,SH25,6,99758.33,0.18,7226.11
O10093,2025-11-05,C1471,P2039,L110,SH10,2,23950.76,0.19,2756.16
O8409,2025-04-08,C1445,P2006,L103,SH7,1,2332.85,0.09,580.95
O6935,2025-11-15,C1202,P2020,L104,SH13,6,71556.52,0.01,23387.86
O8546,2024-07-04,C1041,P2086,L104,SH10,6,18510.45,0.08,7228.39
O8016,2025-06-22,C1031,P2002,L117,SH4,5,61230.53,0.23,
O9349,2025-08-15,C1309,P2046,L116,SH22,6,43568.46,0.14,3971.84
O7989,2025-09-22,C1039,P2008,L116,SH7,2,29621.35,0.18,11580.48
O11139,2025-07-27,C1432,P2065,L116,SH1,4,4373.53,0.12,639.33
O6816,2024-10-30,C1143,P2007,L113,SH13,4,88517.18,0.01,26940.18
O8790,2024-12-22,C1271,P2025,L112,SH13,6,93648.42,0.09,36608.29
O6674,2024-01-13,C1052,P2084,L113,SH22,4,3921.82,0.14,1081.43
O6759,2024-03-01,C1128,P2036,L113,SH17,5,11880.19,0.27,1396.71
O9029,2025-01-01,C1183,P2041,L103,SH7,5,82501.96,0.16,8186.23
O5123,05/02/2024,C1435,P2078,L115,SH19,3,2588.94,0.12,769.43
O9618,2025-02-20,C1133,P2004,L103,SH4,5,161664.89,0.15,61655.23
O6864,2024-06-14,C1033,P2068,L114,SH19,2,7011.75,0.07,2101.84
O10879,2025-10-17,C1143,P2031,L115,SH19,3,27740.65,0.07,
O6176,2025-02-11,C1138,P2096,L107,SH1,4,12870.97,0.11,3234.27
O7263,2025-02-18,C1141,P2068,L105,SH13,2,3505.53,0.18,962.58
O5671,2025-10-07,C1286,P2050,L117,SH16,4,79030.73,0.18,6092.2
O8352,2025-01-09,C1364,P2049,L109,SH10,6,27599.04,0.23,3345.03
O11852,2024-07-17,C1404,P2004,L111,SH10,1,31436.37,0.15,7130.8
O11728,04/12/2024,C1139,P2060,L114,SH18,4,43219.26,0.22,4033.77
O5272,2025-05-16,C1477,P2023,L106,SH16,5,69505.91,0.18,16502.07
O10172,2025-11-16,C1262,P2008,L107,SH19,2,68744.45,0.16,22391.18
O7574,2024-09-16,C1141,P2058,L105,SH4,6,48804.34,0.18,3088.27
O8201,2024-10-16,C1059,P2002,L109,SH10,2,₹72903.55,0.08,28651.06
O11921,2024-05-13,C1383,P2023,L111,SH25,6,208355.6,0.08,57047.04
O6252,2024-05-16,C1090,P2010,L112,SH10,4,111291.34,0.04,43458.9
O10511,2024-04-02,C1461,P2065,L111,SH13,4,77822.27,0.19,9432.45
O7025,2025-08-10,C1307,P2044,L106,SH1,6,21800.89,0.13,2909.62
O9869,2025-02-23,C1343,P2097,L106,SH8,6,3275.04,0.0,1316.91
O6398,2024-03-26,C1168,P2018,L108,SH10,3,118876.84,0.02,46120.6
O10803,2025-08-10,C1383,P2011,L108,SH25,3,52780.93,0.07,18142.35
O11896,2025-04-14,C1029,P2099,L115,SH10,1,2945.38,0.04,950.12
O9944,03/02/2025,C1138,P2099,L113,SH25,1,2161.49,0.07,970.94
O10978,2024-05-26,C1211,P2084,L106,SH22,6,9993.55,0.09,4400.97
O7950,2024-04-17,C1337,P2093,L106,SH10,3,6022.96,0.18,2200.9
O10726,2024-10-16,C1172,P2054,L102,SH19,2,16146.55,0.2,1648.0
O8222,2025-04-08,C1018,P2008,L105,SH20,1,23970.12,0.11,8129.6
O11705,2025-04-06,C1150,P2052,L101,SH10,2,29701.11,0.22,2694.86
O5209,2024-02-22,C1048,P2069,L107,SH19,1,1520.48,0.07,584.98
O7793,2024-05-24,C1291,P2007,L101,SH1,2,93064.28,0.06,34892.44
O11749,2024-11-21,C1096,P2044,L106,SH25,5,₹55412.45,,7939.75
O8482,2024-05-22,C1223,P2010,L101,SH4,3,144830.22,0.12,50592.25
O7721,2025-01-12,C1478,P2016,L103,SH22,3,105833.12,0.13,30620.36
O5507,2025-08-27,C1417,P2075,L113,SH10,5,₹6410.95,0.07,1649.74
O6673,2024-04-18,C1084,P2051,L117,SH19,6,54230.08,,3657.15
O6391,20/03/2024,C1135,P2024,L103,SH1,4,105062.33,0.06,28606.32
O10030,09/01/2024,C1262,P2056,L111,SH16,6,₹103178.44,0.14,11462.01
O5854,2025-06-10,C1150,P2068,L103,SH7,5,5811.97,0.1,2183.01
O10328,2025-06-11,C1161,P2097,L103,SH10,4,8342.7,0.0,3399.83
O6953,17/12/2025,C1135,P2019,L107,SH4,2,15618.34,0.04,5502.86
O7201,2024-08-11,C1416,P2003,L116,SH19,6,204059.79,0.16,45981.26
O9338,2025-09-11,C1237,P2075,L109,SH1,2,7894.13,0.08,2869.78
O6149,2025-05-30,C1196,P2066,L108,SH1,1,11562.89,0.23,1722.34
O9380,2025-09-02,C1481,P2044,L107,SH4,1,9035.28,0.06,1169.55
O6782,15/08/2025,C1048,P2023,L117,SH4,1,35832.94,0.11,8038.79
O6758,2024-02-17,C1483,P2093,L116,SH19,4,14217.39,0.11,4663.48
O10951,2024-11-15,C1477,P2042,L106,SH19,4,64055.33,0.29,8551.88
O5700,2025-07-22,C1290,P2093,L111,SH27,3,7391.89,0.14,2155.86
O10625,2024-11-11,C1446,P2079,L101,SH19,4,18717.77,0.05,6849.1
O10334,2025-04-09,C1430,P2093,L107,SH13,4,12057.84,0.1,3568.76
O6671,2024-04-05,C1109,P2039,L114,SH10,2,16593.11,0.08,1972.32
O7186,2024-11-18,C1174,P2054,L101,SH1,5,84476.21,0.22,
O5598,2024-06-11,C1349,P2040,L111,SH22,5,64103.1,0.2,4089.57
O7138,2025-03-05,C1212,P2096,L113,SH4,2,₹5832.1,0.03,1806.88
O7807,2024-07-04,C1217,P2051,L111,SH1,2,18644.2,0.2,1683.75
O11131,2025-01-23,C1131,P2038,L109,SH19,5,56879.58,0.25,4860.76
O7605,2024-09-29,C1370,P2094,L112,SH22,3,11767.59,0.15,3189.57
O9942,2024-11-14,C1170,P2056,L113,SH16,1,13625.93,0.18,
O5159,2024-09-28,C1323,P2004,L116,SH27,5,260867.58,0.02,93020.37
O8066,2024-04-13,C1330,P2012,L104,SH4,5,170061.09,0.09,54843.31
O7753,2024-06-27,C1037,P2029,L113,SH17,6,125411.59,0.09,26520.34
O10137,29/12/2024,C1494,P2082,L103,SH10,2,2274.55,,822.9
O8387,2024-08-15,C1111,P2017,L105,SH10,1,46166.3,0.14,11608.61
O11801,2025-04-10,C1229,P2001,L105,SH4,6,232338.86,0.05,75261.55
O10737,2024-01-31,C1057,P2041,L104,SH10,6,₹61880.29,0.1,
O7103,2024-10-22,C1401,P2095,L106,SH4,2,5315.34,0.09,2330.26
O11920,2025-04-14,C1070,P2086,L105,SH22,1,4198.75,0.02,1775.67
O9362,2024-01-19,C1047,P2088,L101,SH1,5,22570.23,0.06,9637.5
O8104,25/05/2025,C1420,P2016,L109,SH1,4,83529.38,0.13,29547.81
O5937,2025-03-04,C1373,P2087,L107,SH1,3,3283.3,0.11,1341.21
O9614,2024-06-04,C1308,P2053,L105,SH1,5,55110.27,0.14,4049.79
O9526,2024-03-22,C1426,P2035,L115,SH7,6,114957.26,0.2,6972.48
O9360,2025-05-16,C1224,P2088,L106,SH3,6,18741.16,0.03,6296.59
O7387,2024-04-25,C1458,P2066,L103,SH4,1,20853.47,0.09,2375.42
O9316,2025-01-14,C1013,P2051,L107,SH10,2,₹27671.08,0.27,2639.35
O11972,2025-11-26,C1416,P2042,L104,SH13,1,₹3358.61,0.2,396.31
O9819,2025-04-30,C1240,P2072,L103,SH19,6,23297.12,0.0,5912.7
O9926,2025-11-15,C1350,P2032,L103,SH19,-5,162877.2,0.14,33749.68
O10725,2025-06-06,C1295,P2009,L111,SH15,2,36060.93,0.0,10248.57
O11531,2024-09-10,C1017,P2013,L113,SH1,3,145244.84,0.1,42095.76
O7759,2024-03-02,C1255,P2046,L106,SH1,1,9877.82,0.2,593.14
O9043,2025-02-22,C1364,P2068,L112,SH19,2,3911.13,0.2,1467.88
O7774,2024-12-21,C1418,P2026,L113,SH13,3,67865.99,0.07,27018.91
O11659,2025-02-25,C1375,P2057,L117,SH4,5,9851.46,0.21,1390.86
O7765,2025-07-01,C1492,P2044,L117,SH10,3,36598.78,,4332.83
O9322,2024-03-26,C1402,P2015,L102,SH13,1,45261.73,0.0,12891.74
O9256,2025-11-12,C1260,P2096,L102,SH4,5,₹12867.72,0.14,5580.48
O7564,2024-05-28,C1369,P2070,L117,SH10,2,2961.36,0.09,1269.71
O10451,2025-08-23,C1052,P2006,L112,SH25,5,₹59334.17,0.1,15101.67
O11853,2024-11-02,C1190,P2041,L116,SH26,3,5527.74,,782.74
O6886,2024-07-11,C1495,P2039,L113,SH22,4,34643.35,0.07,3755.29
O10023,2024-09-01,C1097,P2027,L112,SH1,2,62724.83,0.17,15215.63
O9655,2024-10-06,C1293,P2066,L108,SH19,6,56990.33,0.27,6465.44
O8480,2025-12-25,C1372,P2083,L113,SH7,4,14505.27,0.13,3964.51
O10687,2025-06-30,C1295,P2054,L115,SH13,3,5934.11,,521.62
O9859,2024-07-29,C1324,P2075,L114,SH10,4,5318.47,0.0,1639.53
O11762,2025-05-25,C1032,P2089,L117,SH1,3,5849.9,0.2,2198.39
O8161,2025-03-30,C1047,P2021,L102,SH13,3,129702.16,,45430.95
O6539,2024-11-29,C1040,P2031,L107,SH22,4,124216.55,0.03,45441.84
O11614,2024-01-04,C1398,P2014,L115,SH25,5,203424.07,0.15,75184.02
O5460,2025-09-15,C1259,P2050,L114,SH10,4,69813.68,0.24,8979.0
O10582,2024-07-20,C1054,P2012,L102,SH25,1,38994.66,,12487.37
O11737,2024-02-23,C1242,P2019,L107,SH22,2,22413.47,0.05,8110.08
O5972,20/03/2025,C1447,P2087,L104,SH4,1,2858.13,0.0,717.87
O6470,2025-08-02,C1305,P2013,L110,SH7,1,24805.26,0.09,6604.69
O7716,29/09/2024,C1398,P2092,L104,SH16,1,1235.33,0.0,339.11
O9940,2025-06-23,C1087,P2040,L113,SH10,4,38014.92,0.18,
O9018,2024-06-11,C1274,P2085,L106,SH22,1,2704.77,0.04,765.32
O10778,2025-09-19,C1063,P2069,L107,SH13,3,10493.07,0.08,4100.1
O5702,2024-07-10,C1274,P2022,L113,SH10,6,₹174049.23,,64906.22
O5253,2024-03-16,C1367,P2055,L113,SH22,4,36402.33,0.22,4143.1
O6163,2025-04-09,C1195,P2060,L110,SH13,1,6735.58,0.12,744.91
O8088,2025-04-03,C1429,P2030,L102,SH3,1,37821.74,0.22,11797.8
O5160,2025-08-20,C1117,P2093,L102,SH25,5,10831.77,0.17,3843.61
O11708,2025-11-11,C1407,P2075,L102,SH22,2,1612.68,0.2,559.81
O6354,2024-04-21,C1240,P2083,L115,SH13,4,2479.73,0.22,982.85
O6131,2024-12-17,C1384,P2060,L113,SH10,1,15081.74,0.2,2066.49
O6969,2024-11-11,C1214,P2063,L101,SH16,6,87810.49,0.09,
O7739,2025-04-25,C1260,P2045,L102,SH22,4,36225.84,0.13,5131.96
O10528,2025-05-17,C1106,P2083,L112,SH19,3,7027.33,0.06,2307.2
O8627,2024-04-11,C1332,P2044,L114,SH13,4,28960.98,0.27,2217.79
O6122,2025-02-12,C1074,P2058,L103,SH13,5,56346.28,,4632.54
O5056,2024-12-28,C1344,P2016,L114,SH16,6,246013.77,0.15,95508.94
O8895,2025-12-01,C1154,P2042,L103,SH1,4,50968.25,0.21,3314.07
O10736,2024-10-30,C1388,P2084,L113,SH1,4,7676.91,0.06,3196.91
O11692,2025-07-14,C1139,P2098,L105,SH19,1,427.99,0.1,134.43
O7891,2025-01-24,C1376,P2075,L104,SH7,3,4351.65,0.17,1596.43
O10012,2025-08-30,C1200,P2090,L104,SH10,1,3494.57,0.16,977.99
O6841,28/09/2025,C1328,P2052,L111,SH10,2,21557.87,0.16,1654.72
O11696,2025-02-01,C1382,P2080,L106,SH19,3,2687.87,0.15,1152.35
O10140,2025-04-11,C1363,P2076,L114,SH22,5,11104.36,0.13,4925.2
O7929,2024-10-19,C1244,P2026,L101,SH17,6,260807.67,0.05,74841.1
O11321,2025-03-16,C1004,P2007,L104,SH25,3,52613.01,0.22,19304.04
O9063,06/02/2025,C1250,P2040,L104,SH16,three,42263.78,0.23,5866.14
O6854,2025-07-05,C1165,P2090,L108,SH22,6,17276.5,0.06,4652.98
O5948,2024-02-24,C1437,P2085,L115,SH4,1,1180.2,0.07,307.93
O9325,2024-05-23,C1345,P2095,L117,SH13,6,₹19253.17,0.06,5557.3
O8411,2025-12-11,C1032,P2023,L102,SH19,6,105399.69,0.09,22102.55
O10191,12/04/2025,C1384,P2046,L112,SH1,4,63035.02,0.15,8750.91
O8956,2025-10-20,C1218,P2012,L117,SH10,6,249195.23,0.02,70191.45
O9013,2025-01-05,C1236,P2073,L102,SH25,2,2946.9,0.0,
O10130,14/10/2024,C1378,P2059,L108,SH19,1,2694.93,0.24,296.43
O11132,2024-09-14,C1311,P2098,L106,SH25,5,₹16827.57,,4489.59
O8018,2024-10-25,C1293,P2005,L116,SH1,4,121984.02,,38235.98
O7862,2024-02-28,C1377,P2071,L101,SH10,1,1127.17,0.2,379.18
O6647,2025-02-27,C1143,P2018,L111,SH7,2,26090.65,0.04,6200.42
O9011,2025-08-23,C1374,P2033,L117,SH19,2,68910.94,0.22,24329.65
O7837,2025-09-18,C1351,P2045,L103,SH22,4,55697.32,0.28,4911.94
O9519,2025-04-04,C1431,P2069,L110,SH1,2,8213.34,0.08,2592.69
O7197,2025-11-04,C1471,P2054,L103,SH1,1,6560.14,0.26,831.16
O9474,2024-06-20,C1384,P2040,L109,SH19,6,44646.28,0.19,4220.06
O9497,2024-12-18,C1275,P2007,L109,SH1,4,156050.82,0.12,50607.12
O11294,2025-03-02,C1127,P2025,L109,SH10,6,₹250255.13,0.16,65983.24
O9182,2024-10-16,C1331,P2057,L103,SH16,3,38700.44,0.16,5713.1
O10939,2024-06-06,C1475,P2053,L113,SH7,3,22514.55,0.23,1820.24
O6332,10/12/2025,C1500,P2072,L103,SH26,4,10219.22,0.0,3194.92
O5684,2024-07-08,C1420,P2027,L102,SH2,2,18863.41,0.0,6237.29
O5439,2024-05-15,C1454,P2022,L104,SH1,1,37970.19,0.02,8039.4
O10169,2025-06-26,C1498,P2020,L113,SH10,1,6978.72,0.16,2290.63
O11735,2024-12-21,C1173,P2034,L115,SH19,4,16860.63,0.26,2087.37
,,,,,,,,,
O5826,2025-02-25,C1428,P2067,L111,SH10,4,12248.16,0.0,4668.41
O8677,2025-08-13,C1111,P2068,L117,SH3,3,8614.73,0.14,3408.42
O8032,2024-10-10,C1012,P2077,L117,SH1,1,2909.17,0.18,872.19
O8171,2024-03-03,C1448,P2018,L109,SH4,3,30240.89,0.14,10313.05
O10069,2024-09-10,C1482,P2077,L104,SH22,3,9199.6,0.11,3140.86
O9955,2024-07-16,C1493,P2056,L112,SH1,1,₹17952.85,,2369.19
O9773,2024-09-05,C1148,P2085,L105,SH22,1,1087.35,0.0,429.63
O11445,2025-05-09,C1105,P2073,L112,SH13,three,14872.23,0.08,
O10696,05/04/2025,C1470,P2092,L114,SH7,4,16891.22,0.1,4595.68
O5837,2024-02-26,C1183,P2012,L111,SH20,2,68072.18,0.0,16271.29
O5484,2025-05-13,C1412,P2066,L115,SH4,3,4857.76,0.13,684.19
O11996,2024-01-10,C1417,P2099,L113,SH19,4,11079.15,0.12,4131.45
O8960,2024-01-04,C1360,P2030,L108,SH1,4,154107.98,0.05,48520.95
O11235,2025-06-28,C1409,P2017,L102,SH4,5,₹58794.98,0.1,12888.29
O9762,2025-12-03,C1465,P2002,L105,SH10,4,80017.19,0.1,25745.54
O6694,2025-12-30,C1033,P2079,L110,SH16,6,17103.24,0.11,5851.51
O5883,2025-09-11,C1014,P2023,L113,SH19,5,179727.81,0.05,
O11881,2024-12-07,C1414,P2041,L101,SH10,3,26194.08,0.19,3549.03
O8605,2024-08-27,C1216,P2059,L108,SH13,1,₹10454.65,0.11,884.5
O7933,2024-03-30,C1446,P2049,L116,SH13,2,29747.74,,2970.09
O9962,2024-10-12,C1438,P2063,L102,SH1,1,3134.67,0.2,245.76
O5082,2024-11-25,C1231,P2074,L107,SH1,4,12222.82,0.04,4281.33
O11355,2024-04-06,C1202,P2040,L105,SH10,3,51813.1,0.29,5491.04
O11550,2024-09-10,C1484,P2015,L110,SH13,2,₹54674.7,0.05,19666.29
O6153,17/06/2025,C1143,P2041,L102,SH10,1,₹17964.96,0.1,1748.72
O9707,2024-01-15,C1339,P2047,L104,SH4,6,41174.88,0.11,5254.34
O11989,2025-07-05,C1318,P2042,L102,SH1,2,10738.49,0.21,1184.51
O6697,2024-09-18,C1088,P2087,L113,SH22,1,₹2253.52,0.0,861.16
O10983,2025-10-19,C1020,P2073,L116,SH10,5,10137.81,0.0,
O5364,2025-07-13,C1452,P2049,L112,SH19,-6,49812.39,0.16,6704.38
O10609,2025-01-20,C1154,P2096,L112,SH1,5,5397.24,0.19,1609.51
O5235,2024-02-24,C1041,P2065,L112,SH4,3,₹8068.19,0.15,652.66
O9122,2025-08-02,C1299,P2091,L116,SH13,5,12850.6,0.16,5607.31
O6328,2025-09-10,C1080,P2008,L102,SH1,4,148400.78,0.11,44618.04
O7758,2025-08-29,C1296,P2093,L113,SH13,5,22677.65,0.08,8349.61
O8152,20/03/2024,C1024,P2022,L106,SH13,2,82784.75,0.17,29415.57
O8949,2025-01-09,C1336,P2085,L114,SH1,6,7995.0,0.13,3523.92
O7456,2024-01-27,C1133,P2010,L105,SH3,4,31804.09,0.12,9425.79
O8420,02/04/2024,C1334,P2006,L108,SH7,3,61280.76,0.0,18757.38
O8035,2025-10-13,C1077,P2003,L107,SH4,1,13242.21,0.14,4893.96
O9382,2025-02-15,C1229,P2091,L106,SH10,3,1686.91,0.04,449.55
O8003,2024-09-16,C1096,P2016,L101,SH10,6,110504.49,0.0,42479.01
O9101,04/06/2025,C1006,P2026,L101,SH16,three,105807.82,0.03,37619.14
O8262,2024-07-01,C1461,P2001,L103,SH22,6,11889.82,0.05,4152.83
O8204,2024-02-02,C1186,P2062,L114,SH10,5,₹40744.97,0.26,4984.3
O10004,2024-05-04,C1197,P2095,L103,SH4,6,15919.18,0.11,5611.62
O11523,2025-04-26,C1299,P2045,L110,SH10,2,₹9525.95,0.14,841.73
O6905,2024-01-26,C1337,P2093,L115,SH4,5,19616.27,0.11,5176.28
O11831,2025-05-28,C1397,P2084,L106,SH10,three,10203.51,0.21,3322.56
O10423,2025-10-18,C1291,P2043,L116,SH4,6,₹35987.11,0.23,4637.94
O8639,2025-01-30,C1349,P2057,L101,SH13,2,24681.01,0.23,2542.25
O7881,2025-12-19,C1367,P2094,L105,SH16,5,10878.27,0.01,3521.6
O7195,2025-12-30,C1142,P2040,L103,SH21,5,45773.86,0.35,5124.96
O6457,2025-11-07,C1003,P2056,L112,SH7,3,52253.8,0.17,3369.91
O6740,2024-07-21,C1227,P2011,L116,SH22,4,25731.04,0.06,8179.26
O7494,2025-09-01,C1121,P2048,L117,SH19,4,42665.76,0.18,6373.18
O8100,2024-01-16,C1218,P2077,L103,SH1,1,1539.99,0.17,455.42
O5797,2025-06-11,C1081,P2004,L116,SH22,4,28679.27,0.07,10869.9
O10420,2024-07-18,C1215,P2024,L107,SH10,-3,57952.78,0.08,11963.25
O6257,2024-07-09,C1055,P2001,L112,SH10,4,92042.57,0.0,18571.68
O10933,2025-05-22,C1010,P2035,L114,SH4,3,37176.18,0.23,5048.35
O8079,2025-12-01,C1453,P2020,L112,SH7,6,226677.38,0.05,89663.11
O6124,2025-12-18,C1452,P2059,L112,SH13,5,82648.31,0.22,10852.65
O5356,26/11/2024,C1052,P2044,L110,SH16,6,20428.61,0.17,1515.3
O9874,2025-02-25,C1466,P2032,L116,SH13,6,₹250444.61,,72423.29
O9870,2024-12-08,C1207,P2068,L116,SH10,1,2390.48,0.0,822.54
O5370,2024-08-31,C1339,P2037,L110,SH19,4,₹8988.96,0.28,857.2
O6012,2025-04-04,C1064,P2007,L104,SH13,3,44997.57,0.14,15630.88
O9254,2024-09-25,C1007,P2014,L105,SH13,3,103414.34,0.07,23547.36
O8640,03/06/2024,C1172,P2032,L105,SH22,3,36346.81,0.0,10804.41
O5695,2025-12-07,C1006,P2082,L107,SH10,3,3865.7,0.24,
O5054,2024-04-03,C1352,P2061,L103,SH7,6,102970.09,0.18,7042.2
O5466,2025-11-21,C1293,P2086,L114,SH10,4,12595.84,0.18,5268.56
O9188,2025-06-15,C1441,P2039,L115,SH10,3,₹36064.58,0.06,4123.05
O6200,2024-04-28,C1046,P2044,L107,SH13,4,56891.29,0.03,4065.88
O8475,2024-08-21,C1331,P2037,L104,SH16,6,95343.37,0.2,8293.6
O8339,2024-09-20,C1479,P2038,L111,SH19,2,33920.36,0.17,5031.52
O9467,2024-12-01,C1212,P2011,L102,SH26,1,47196.9,0.12,10303.94
O7452,2024-03-08,C1496,P2045,L113,SH1,2,35519.04,0.13,4483.87
O10479,2024-02-25,C1128,P2054,L114,SH22,5,63346.05,0.25,7660.34
O9541,2024-11-16,C1347,P2079,L109,SH13,2,5544.62,0.1,2043.55
O11694,2024-01-16,C1287,P2064,L108,SH1,5,102804.45,0.07,9335.08
O9120,2024-06-15,C1177,P2016,L101,SH1,2,77502.23,0.05,20216.58
O7868,2024-09-06,C1422,P2059,L114,SH22,2,35356.15,0.18,2685.58
O6190,2024-02-16,C1009,P2082,L112,SH22,4,19051.78,0.02,7566.66
O9810,2024-06-14,C1493,P2092,L105,SH7,1,3812.26,0.12,1372.13
O5418,2024-01-15,C1274,P2026,L112,SH19,2,76786.85,0.22,26980.56
O6300,2024-03-12,C1352,P2078,L107,SH13,6,5470.65,0.14,1834.19
O7943,2024-05-20,C1312,P2085,L103,SH21,5,8171.91,0.08,2926.28
O5775,2025-01-28,C1104,P2023,L102,SH12,1,₹35743.8,0.03,9285.31
O6090,2025-04-12,C1174,P2027,L110,SH25,2,28696.04,0.0,10385.03
O5902,10/11/2025,C1259,P2039,L114,SH10,3,38272.18,0.08,2985.5
O7664,2024-03-30,C1439,P2073,L106,SH16,3,₹2883.35,0.19,1145.81
O11344,2024-06-18,C1150,P2023,L117,SH10,-6,177304.2,0.09,44242.02
O11832,2024-05-22,C1373,P2046,L112,SH10,4,₹31791.91,0.1,3091.0
O10526,2025-06-20,C1239,P2088,L101,SH10,1,1944.84,0.06,620.75
O7675,2025-07-14,C1440,P2028,L103,SH1,5,245159.85,0.09,78875.6
O6847,2025-09-20,C1433,P2095,L110,SH4,4,11485.47,0.05,3060.21
O7196,2024-04-12,C1153,P2071,L110,SH4,3,12471.06,0.08,4994.16
O6773,2025-02-15,C1379,P2056,L101,SH10,1,11178.58,0.24,677.11
O5841,2024-12-19,C1191,P2002,L110,SH25,1,20297.49,0.0,8027.75
O5647,2024-07-24,C1088,P2008,L110,SH1,4,166142.02,0.05,53762.39
O10647,2025-06-21,C1141,P2020,L107,SH19,3,86709.42,0.1,23351.63
O6867,2024-06-30,C1050,P2040,L112,SH13,1,13974.3,0.22,1944.05
O9343,2025-10-17,C1360,P2045,L102,SH7,4,77582.15,0.15,9532.83
O8620,2025-02-21,C1014,P2039,L103,SH2,1,10104.41,0.16,1449.83
O11556,2025-12-02,C1474,P2034,L103,SH10,4,21422.23,0.17,1653.95
O5533,2025-03-12,C1186,P2014,L105,SH22,4,138165.39,0.05,34641.73
O5716,2025-09-23,C1429,P2089,L115,SH4,6,11482.32,0.06,3633.77
O5921,2025-12-02,C1197,P2040,L112,SH16,4,12011.84,0.2,1657.94
O8454,2025-03-26,C1433,P2099,L111,SH1,6,18322.97,0.13,4700.7
O6421,2025-12-05,C1039,P2034,L111,SH13,6,75954.83,0.19,10111.39
O8655,2024-01-06,C1321,P2018,L111,SH19,4,211134.81,0.0,66659.25
O8396,2025-08-12,C1375,P2026,L109,SH13,6,₹200155.77,0.07,56076.2
O10031,2025-10-21,C1370,P2057,L112,SH13,6,88059.89,0.11,7790.12
O10838,2024-09-22,C1348,P2010,L113,SH19,6,₹21977.03,0.19,6638.9
O6885,2025-10-18,C1461,P2074,L106,SH8,1,1732.24,,449.67
O5187,2025-06-22,C1387,P2077,L103,SH4,5,10924.93,0.11,4268.95
O8068,2024-12-11,C1120,P2040,L108,SH19,5,64453.02,0.25,8443.73
O7727,24/04/2025,C1209,P2025,L107,SH7,6,9588.45,0.05,2452.07
O8657,2025-12-29,C1385,P2058,L114,SH1,6,63300.77,0.17,7200.78
O7846,2025-09-30,C1039,P2043,L109,SH26,3,36166.5,0.09,4273.71
O6693,2024-04-09,C1237,P2077,L111,SH10,2,2722.73,0.04,690.52
O5742,2024-10-13,C1073,P2094,L117,SH19,1,2030.97,,539.52
O5566,2025-03-07,C1243,P2002,L106,SH19,5,125616.75,0.11,50135.2
O8373,2025-05-19,C1399,P2020,L105,SH4,1,₹20434.33,0.2,5994.87
O5134,2025-04-05,C1065,P2041,L103,SH1,5,48292.65,0.2,5146.18
O11887,2024-05-16,C1281,P2051,L104,SH19,4,₹69838.09,0.15,5549.81
O6823,2024-11-01,C1119,P2085,L115,SH25,4,13885.25,0.17,4974.42
O5133,2025-05-05,C1034,P2040,L113,SH19,1,₹11087.9,0.18,1432.83
O9747,2024-01-21,C1259,P2090,L104,SH25,1,3920.2,0.12,1531.93
O7949,2025-08-13,C1041,P2036,L111,SH22,-5,4568.02,0.15,611.64
O5044,07/11/2025,C1129,P2023,L104,SH13,2,93795.73,0.02,21231.66
O10209,2024-02-22,C1114,P2004,L112,SH1,4,82026.99,0.24,
O10289,2024-07-11,C1347,P2017,L101,SH1,1,₹24920.96,0.18,
O6625,2024-09-03,C1155,P2065,L104,SH17,6,65461.14,0.24,6150.59
O5400,2025-03-09,C1365,P2091,L109,SH10,3,12879.78,0.05,5413.59
O8689,2025-01-18,C1171,P2069,L107,SH25,1,₹1157.63,0.09,371.95
O9574,2024-07-11,C1415,P2047,L106,SH25,5,14527.27,0.2,1619.86
O7914,2025-02-07,C1002,P2095,L108,SH7,-1,908.54,0.08,260.72
O10073,2024-08-29,C1207,P2069,L106,SH22,1,1473.2,0.15,528.33
O11871,2025-11-01,C1126,P2043,L110,SH10,1,10238.01,0.16,1422.59
O9581,2025-03-16,C1140,P2034,L112,SH13,5,6702.81,0.09,699.63
O11644,2025-02-17,C1194,P2076,L115,SH8,-6,₹16535.88,0.09,7295.5
O7303,2024-08-11,C1109,P2013,L106,SH4,4,55532.82,,14888.72
O5267,2024-04-26,C1167,P2026,L115,SH19,6,83893.9,0.1,31252.77
O8638,11/03/2024,C1080,P2017,L108,SH22,5,165535.59,0.12,46045.1
O7151,2025-03-04,C1151,P2084,L113,SH13,6,21218.14,0.14,6302.32
O9258,2025-02-05,C1159,P2049,L104,SH10,2,9347.88,0.22,730.98
O7681,2025-12-18,C1309,P2091,L107,SH22,6,2440.38,0.09,671.85
O10558,2024-05-25,C1228,P2066,L107,SH25,6,119424.67,0.16,13230.92
O11656,2025-09-07,C1055,P2025,L107,SH13,4,117915.41,0.16,46815.44
O7849,2024-06-26,C1091,P2020,L104,SH10,5,205878.95,0.05,56497.84
O8595,2024-10-21,C1477,P2084,L109,SH13,3,6604.39,0.14,2192.65
O11195,2024-08-12,C1227,P2029,L103,SH19,6,162165.0,0.0,54954.66
O9741,2025-03-15,C1426,P2048,L103,SH4,1,5946.94,0.3,717.44
O5207,2025-07-29,C1413,P2060,L102,SH25,2,17258.87,0.2,1682.49
O10735,2024-08-17,C1489,P2043,L115,SH13,5,23409.5,0.12,1875.62
O8916,2024-04-15,C1408,P2092,L115,SH13,4,6938.17,0.11,2401.21
O11747,2024-04-13,C1215,P2095,L110,SH16,5,7820.07,0.1,3341.32
O9451,15/01/2024,C1254,P2071,L109,SH19,5,11060.99,0.09,4558.15
O8294,2024-01-07,C1329,P2099,L110,SH13,4,7224.04,0.01,2955.21
O11565,2024-05-03,C1376,P2045,L110,SH10,4,25198.16,0.17,3698.47
O6486,2025-08-12,C1193,P2061,L106,SH26,5,80755.67,0.1,8530.08
O10005,2025-03-22,C1061,P2004,L108,SH1,5,180789.94,0.22,57405.69
O10258,2024-08-04,C1237,P2090,L104,SH22,1,₹4099.68,0.06,1138.57
O7613,2024-01-07,C1200,P2070,L112,SH13,5,11112.74,0.15,2909.13
O9245,2025-04-17,C1281,P2027,L114,SH16,3,141712.94,,35717.68
O8604,2024-01-16,C1411,P2070,L114,SH16,3,5637.47,0.12,2230.06
O5226,2024-12-28,C1318,P2068,L109,SH16,4,5215.02,0.2,1717.72
O7059,2024-05-29,C1089,P2050,L103,SH4,1,15079.62,0.11,2069.02
O5622,2024-12-26,C1274,P2077,L115,SH13,3,11742.69,,4227.56
O7492,2024-02-26,C1055,P2012,L114,SH19,1,39055.77,0.16,12972.42
O8747,2024-01-12,C1264,P2089,L117,SH16,6,15771.86,0.13,
O6670,2024-03-20,C1307,P2097,L113,SH1,1,3201.17,0.05,888.7
O8824,2025-04-02,C1426,P2071,L105,SH11,1,₹1002.63,0.16,260.38
O10303,2025-05-02,C1066,P2057,L112,SH16,5,105543.89,0.11,9539.04
O10076,2025-03-27,C1124,P2069,L114,SH13,-4,13216.84,0.19,5454.7
O11432,2024-07-01,C1286,P2078,L114,SH19,3,10089.35,0.15,3907.12
O5398,2024-10-02,C1332,P2029,L107,SH20,1,30905.93,0.15,9353.87
O6317,2024-05-21,C1407,P2082,L111,SH1,4,14887.05,0.09,5668.85
O5761,2024-01-25,C1129,P2025,L102,SH19,6,207826.51,0.0,
O8282,2025-02-16,C1044,P2020,L105,SH1,3,₹5167.9,0.15,1038.15
O7882,2025-09-18,C1197,P2098,L106,SH1,2,8098.64,0.08,2955.59
O5709,2025-06-17,C1456,P2006,L104,SH1,5,210328.67,0.01,73428.04
O7352,2025-07-06,C1389,P2055,L108,SH25,2,11625.48,0.13,817.84
O7885,2025-03-31,C1153,P2018,L101,SH19,4,55138.04,0.13,16267.7
O6790,2024-06-10,C1151,P2048,L114,SH19,2,13134.7,,994.53
O7371,01/06/2025,C1439,P2080,L114,SH1,3,7739.25,0.04,3243.54
O8301,2025-07-17,C1434,P2058,L110,SH16,4,55308.86,0.11,7199.87
O9222,14/05/2024,C1417,P2048,L103,SH4,4,26370.82,0.23,2794.31
O11933,2025-03-24,C1301,P2057,L110,SH16,6,71840.49,0.15,4709.61
O7538,2024-11-18,C1083,P2002,L110,SH13,3,65237.67,0.1,17799.28
O5959,2024-04-01,C1092,P2031,L113,SH13,4,9766.2,0.06,2359.95
O8667,2024-07-24,C1072,P2067,L114,SH4,2,814.77,0.03,214.67
O11779,2024-09-19,C1277,P2023,L105,SH22,5,93975.62,0.1,24188.15
O6028,2025-07-07,C1120,P2051,L111,SH13,6,10193.19,0.11,1226.65
O8209,2025-03-14,C1113,P2035,L112,SH25,4,76427.84,0.03,10061.86
O11533,2025-09-25,C1105,P2028,L113,SH19,2,61311.1,0.13,13529.19
O11628,2025-08-25,C1312,P2091,L114,SH19,6,13447.07,0.0,5314.1
O5108,2025-06-22,C1269,P2047,L103,SH19,5,57263.81,0.18,7488.8
O5870,2025-12-25,C1474,P2028,L117,SH4,4,₹93602.53,0.13,31789.91
O8098,2025-09-26,C1384,P2089,L104,SH7,3,6987.93,0.19,2057.43
O5345,2025-01-26,C1323,P2070,L101,SH25,4,13109.55,0.18,4218.95
O7277,2025-04-26,C1012,P2086,L103,SH13,3,₹5509.45,0.14,1830.45
O11569,2025-04-30,C1153,P2071,L112,SH1,4,9181.78,0.16,4123.36
O11897,2025-07-19,C1464,P2036,L101,SH1,5,21247.46,0.21,2502.41
O9771,2024-12-04,C1465,P2094,L108,SH22,1,1118.94,0.15,299.35
O7038,2025-12-02,C1301,P2080,L112,SH4,4,10621.68,0.0,2713.47
O9563,2024-04-02,C1330,P2003,L109,SH19,1,8952.32,0.18,3073.42
O5304,2024-09-03,C1254,P2050,L104,SH19,1,9667.42,0.25,1096.8
O11046,2025-08-13,C1248,P2069,L114,SH16,6,22916.57,0.1,9163.92
O8992,2024-12-30,C1043,P2082,L116,SH25,4,18299.36,0.02,6046.51
O9130,2024-02-15,C1391,P2061,L108,SH25,4,21955.49,0.13,1667.17
O5846,2024-10-23,C1103,P2024,L113,SH10,5,143206.65,0.08,29850.94
O10186,07/05/2024,C1245,P2038,L107,SH7,2,₹28523.59,0.18,3697.99
O8460,2025-08-19,C1039,P2096,L102,SH10,5,14523.79,0.13,6182.32
O11825,2025-06-29,C1249,P2021,L110,SH13,2,₹40706.16,0.25,10492.79
O11470,2025-10-28,C1193,P2077,L111,SH3,3,12491.29,0.13,5010.51
O10846,2025-08-10,C1026,P2085,L105,SH8,2,2398.53,0.22,971.85
O6491,13/09/2025,C1227,P2098,L112,SH4,3,₹8722.44,,2232.0
O10721,01/07/2024,C1211,P2098,L110,SH22,6,₹28489.01,0.05,9734.8
O7734,2024-06-29,C1079,P2067,L113,SH22,2,8408.48,0.08,2147.17
O8815,2025-03-21,C1112,P2087,L115,SH1,3,₹11101.03,0.07,3028.16
O7500,2024-11-23,C1024,P2054,L116,SH4,2,17889.76,0.27,1224.25
O11129,2024-06-09,C1021,P2089,L108,SH10,4,14490.83,0.0,3975.24
O8722,2025-03-09,C1072,P2085,L114,SH1,3,5798.71,0.07,2352.74
O7271,2024-05-24,C1080,P2087,L103,SH13,6,19464.65,0.1,7276.18
O10047,2025-01-28,C1431,P2088,L106,SH10,3,3293.64,0.13,1371.58
O10600,2024-04-07,C1245,P2034,L112,SH4,4,55628.94,0.21,4885.65
O8940,2025-05-22,C1251,P2064,L109,SH22,3,55859.87,0.23,7668.56
O11188,2024-11-17,C1194,P2080,L113,SH4,6,5952.71,0.2,2380.31
O6880,2025-06-23,C1047,P2085,L111,SH19,-4,9926.09,0.17,3875.55
O5029,2025-05-28,C1449,P2047,L117,SH10,4,81546.73,0.11,10987.81
O6355,2024-03-07,C1103,P2052,L111,SH13,2,15260.93,0.1,2284.25
O6894,2024-09-16,C1143,P2025,L116,SH10,1,31590.52,0.06,10276.63
O6362,01/05/2025,C1179,P2054,L116,SH22,4,45680.72,0.17,5963.49
O11809,2025-08-22,C1210,P2012,L109,SH25,5,₹148181.67,0.12,52100.59
O5150,2024-10-19,C1452,P2084,L116,SH10,-2,4475.29,0.22,1877.09
O5278,2024-10-31,C1425,P2084,L108,SH13,3,9954.28,0.25,2552.74
O7708,2025-12-07,C1399,P2094,L113,SH16,4,9577.89,0.2,2908.93
O6376,2024-08-16,C1149,P2054,L107,SH7,2,32928.84,0.16,3610.41
O11604,2025-05-08,C1176,P2062,L115,SH10,5,72361.23,0.2,10132.57
O9342,2025-07-29,C1267,P2004,L111,SH16,3,73688.12,0.13,15992.87
O5288,2024-08-04,C1204,P2028,L114,SH13,3,64604.35,0.23,17092.57
O5690,2024-03-30,C1030,P2014,L117,SH19,3,67344.89,0.18,22744.45
O10644,2025-01-23,C1103,P2066,L104,SH15,3,₹45629.16,0.32,3288.44
O6891,2025-02-15,C1200,P2030,L112,SH1,5,17135.75,0.12,3912.67
O5126,2024-01-27,C1143,P2032,L104,SH13,5,204293.02,0.0,61248.85
O5308,2025-10-17,C1360,P2052,L103,SH16,1,8960.16,0.35,1034.4
O8010,2024-04-06,C1321,P2046,L111,SH13,1,5176.31,0.17,371.4
O9234,2024-08-09,C1376,P2013,L102,SH19,5,151174.89,0.1,44916.85
O9445,04/03/2024,C1457,P2071,L105,SH22,6,11160.45,0.17,3126.55
O7704,2024-09-02,C1103,P2072,L111,SH13,4,17927.45,0.0,
O9780,2024-04-21,C1265,P2011,L117,SH25,5,156705.68,0.14,61432.2
O9600,2025-06-28,C1099,P2019,L108,SH1,4,9540.34,0.01,2400.54
O9232,2024-07-13,C1450,P2010,L110,SH10,1,35518.9,0.07,12024.78
O9849,2024-09-15,C1123,P2036,L115,SH19,6,98940.74,0.24,11704.66
O10997,2025-05-04,C1428,P2067,L108,SH19,6,20004.4,0.22,6439.32
O9798,2025-08-17,C1117,P2032,L109,SH16,5,239041.5,0.07,55678.87
O5303,2024-07-12,C1266,P2078,L117,SH4,2,6067.33,0.21,1875.46
O5036,2025-02-01,C1050,P2031,L105,SH19,6,131426.7,0.15,43909.3
O10274,2024-09-04,C1357,P2025,L108,SH1,1,₹43142.03,0.05,16366.68
O11035,2024-10-25,C1130,P2061,L111,SH1,3,36168.88,0.28,5238.58
O5105,2025-10-16,C1025,P2031,L114,SH3,4,161822.86,0.08,47158.86
O6731,2024-07-30,C1176,P2029,L110,SH22,1,12690.55,0.06,3244.51
O11827,2025-11-21,C1484,P2080,L104,SH13,2,1150.52,0.13,452.41
O7276,2024-12-14,C1370,P2087,L112,SH4,6,13919.8,0.2,4000.43
O6557,2024-02-16,C1312,P2079,L104,SH16,4,2838.76,0.04,1232.43
O5292,2025-11-01,C1448,P2036,L103,SH19,6,42280.06,0.26,2850.43
O8737,2025-04-13,C1400,P2059,L109,SH19,2,32364.84,0.24,
O8893,2024-04-15,C1005,P2079,L110,SH19,5,7193.25,0.21,2304.07
O5520,2024-09-06,C1332,P2053,L101,SH2,2,3098.08,0.16,345.79
O5485,2024-06-20,C1264,P2011,L104,SH19,1,48133.93,0.1,17071.36
O5336,2025-07-23,C1488,P2052,L115,SH10,1,16824.11,0.11,1387.77
O9472,2024-10-02,C1187,P2080,L116,SH19,6,18875.7,0.07,7265.03
O5210,2025-08-24,C1448,P2010,L107,SH10,2,71645.59,0.11,22336.95
O6009,2024-04-05,C1277,P2037,L107,SH13,6,65648.62,0.17,5783.82
O6803,2025-10-09,C1378,P2005,L113,SH8,1,3458.64,,828.62
O5821,2025-04-07,C1241,P2091,L110,SH22,1,3191.25,0.02,1308.35
O8478,2025-11-11,C1275,P2052,L110,SH4,1,13619.35,0.16,1113.01
O7124,2025-06-13,C1146,P2048,L102,SH10,4,50904.91,0.15,7102.15
O7968,2025-09-30,C1040,P2005,L104,SH13,6,286869.88,0.13,
O8211,2024-08-18,C1396,P2069,L112,SH11,5,10491.4,0.02,4219.78
O6704,2025-10-07,C1143,P2041,L112,SH25,6,16513.78,0.18,2305.79
O5274,2025-12-02,C1335,P2064,L114,SH10,4,46227.15,0.09,5728.14
O10932,2024-12-31,C1374,P2005,L109,SH22,5,57079.97,0.11,21772.37
O11465,2025-03-18,C1348,P2049,L102,SH7,-5,55484.9,0.24,7311.25
O11783,2025-10-06,C1291,P2083,L103,SH19,three,2028.45,0.14,741.18
O9531,2025-10-13,C1398,P2060,L108,SH19,3,39257.28,0.23,2802.61
O6101,2025-03-18,C1219,P2058,L115,SH16,3,25671.98,0.2,3399.11
O8376,2025-09-21,C1194,P2005,L111,SH13,2,33590.61,0.08,10909.59
O8841,2024-07-19,C1107,P2059,L104,SH16,6,67085.71,0.2,9169.71
O6262,16/05/2024,C1098,P2037,L102,SH7,2,16556.82,0.2,2101.94
O8261,2025-10-19,C1323,P2084,L106,SH19,4,5318.2,0.15,2391.4
O7267,08/07/2024,C1182,P2003,L117,SH1,1,7734.81,0.06,1640.88
O9875,2025-08-15,C1259,P2002,L116,SH10,6,29625.75,0.02,6191.01
O10691,2024-11-17,C1362,P2087,L116,SH1,1,2303.6,0.03,870.36
O5286,2025-12-12,C1207,P2066,L109,SH16,3,62636.42,0.11,5838.74
O5601,2024-01-10,C1062,P2051,L108,SH21,4,61099.43,0.37,6861.28
O9632,04/10/2024,C1379,P2031,L102,SH25,3,124502.25,0.14,44277.63
O10892,2024-08-12,C1302,P2061,L115,SH22,2,21994.68,0.26,2928.94
O5297,2024-05-20,C1161,P2048,L110,SH7,6,₹44674.61,0.26,5950.8
O10311,2024-05-31,C1231,P2015,L104,SH1,5,244225.07,0.1,65776.52
O7577,2024-01-31,C1500,P2015,L116,SH20,2,38193.05,0.15,13878.68
O9111,2025-11-30,C1059,P2091,L115,SH19,3,1700.61,0.12,613.0
O10271,2025-03-18,C1119,P2083,L117,SH3,4,12997.46,0.19,3965.86
O9046,2024-04-01,C1175,P2041,L105,SH16,3,₹59829.81,0.13,5669.77
O9143,2025-08-06,C1021,P2097,L107,SH4,4,11396.21,0.05,
O8628,2025-12-17,C1367,P2092,L109,SH10,3,7912.84,0.01,2791.84
O6020,09/06/2024,C1234,P2061,L102,SH7,5,86309.66,0.27,8047.5
O6654,2025-11-05,C1166,P2048,L113,SH25,1,15039.06,0.0,948.16
O9667,2025-01-01,C1304,P2004,L102,SH10,6,276032.31,0.01,103773.84
O6228,2025-11-05,C1024,P2067,L110,SH13,-6,₹15427.1,0.1,4288.29
O10784,17/03/2025,C1359,P2016,L117,SH16,5,222393.05,0.04,77767.06
O8303,2024-11-25,C1355,P2061,L114,SH1,4,9414.19,0.11,1206.29
O7959,2025-05-23,C1478,P2090,L117,SH4,4,4414.72,0.18,1772.53
O10835,2024-09-18,C1202,P2090,L110,SH7,5,6486.66,,2747.09
O10231,04/10/2024,C1273,P2041,L115,SH1,1,11389.23,0.28,1665.06
O9715,2024-09-28,C1144,P2051,L106,SH1,-3,58751.79,0.16,5101.73
O8055,2025-05-17,C1286,P2054,L103,SH1,3,56954.38,0.24,6158.38
O8661,2024-10-20,C1282,P2089,L101,SH19,5,22028.43,0.04,9791.49
O6643,2025-08-02,C1291,P2090,L103,SH1,2,7486.81,0.2,2003.71
O10975,03/01/2025,C1289,P2062,L104,SH4,3,34205.35,0.09,2853.01
O10948,2024-09-20,C1306,P2037,L112,SH19,1,₹2339.87,0.19,282.15
O10655,2024-12-31,C1462,P2071,L103,SH19,5,17671.44,0.12,5057.56
O9276,2025-01-27,C1294,P2053,L101,SH1,5,12599.53,0.12,1054.99
O7628,2024-07-18,C1457,P2039,L117,SH14,2,20500.34,0.27,3015.41
O9948,2024-07-27,C1199,P2087,L103,SH13,6,15110.73,0.09,5264.4
O10659,2024-09-01,C1033,P2030,L110,SH19,2,8621.0,0.02,3135.17
O7235,2025-08-19,C1052,P2012,L117,SH4,4,50119.57,0.09,15794.43
O9749,2024-05-24,C1084,P2012,L103,SH10,1,31819.37,0.24,11725.75
O5497,2024-05-25,C1212,P2083,L117,SH13,2,2029.89,0.11,597.11
O11296,08/03/2025,C1259,P2089,L101,SH10,3,8396.55,0.23,3354.75
O11381,2024-04-09,C1167,P2058,L107,SH10,6,40404.3,0.19,4791.57
O10986,2025-12-03,C1101,P2007,L117,SH10,2,94320.01,0.12,20425.13
O10490,2025-01-29,C1410,P2055,L101,SH10,6,49457.07,0.28,6160.23
O8015,2025-06-10,C1131,P2062,L114,SH13,4,54790.53,,3913.2
O9384,2025-12-24,C1457,P2065,L101,SH22,4,68257.38,0.11,6988.18
O8133,2025-09-23,C1030,P2038,L106,SH13,3,51211.75,0.23,4787.04
O10397,2024-02-20,C1369,P2012,L115,SH10,4,134113.3,0.1,34105.46
O11356,2025-07-20,C1135,P2099,L116,SH16,6,₹15690.31,0.04,4604.82
O7329,2024-01-31,C1140,P2081,L102,SH7,1,3552.9,,1004.93
O10473,2024-05-24,C1031,P2066,L112,SH4,3,3141.71,0.22,412.05
O5818,2025-07-06,C1071,P2043,L108,SH19,6,₹15327.77,,1579.75
O6812,2024-01-18,C1073,P2088,L108,SH19,5,6044.01,0.08,2411.07
O10164,28/09/2024,C1039,P2087,L110,SH10,6,6024.77,0.13,2548.01
O5773,2025-11-29,C1479,P2046,L111,SH19,1,6015.05,0.26,390.78
O6742,2025-08-26,C1399,P2083,L107,SH13,1,3613.74,0.12,
O9520,21/11/2025,C1041,P2086,L108,SH20,4,4683.14,0.0,1748.58
O6657,2025-08-30,C1415,P2079,L115,SH16,4,11221.94,0.08,3781.72
O10532,2024-07-30,C1443,P2089,L113,SH22,6,₹22126.97,0.04,6969.45
O7690,2024-05-02,C1384,P2068,L107,SH4,6,26750.05,0.06,6843.58
O9137,2024-12-15,C1381,P2045,L114,SH16,2,21057.17,0.12,2233.24
O6231,2025-08-28,C1309,P2071,L107,SH19,4,7468.19,0.09,2058.97
O10145,2024-01-24,C1008,P2036,L104,SH19,4,₹69648.0,0.27,10356.76
O7176,2024-03-19,C1278,P2089,L103,SH7,2,8857.7,0.1,3761.37
O9009,2025-05-08,C1196,P2002,L109,SH13,1,42726.87,0.07,10913.25
O5705,2025-06-02,C1468,P2012,L115,SH22,2,4817.82,0.15,1428.64
O6719,2024-04-16,C1226,P2055,L104,SH22,1,3596.23,0.17,300.73
O10384,2024-03-26,C1088,P2006,L110,SH13,2,47055.79,0.14,17005.21
O5180,2025-03-13,C1439,P2082,L113,SH22,1,2520.96,0.09,673.97
O9438,2025-03-22,C1314,P2005,L115,SH4,4,112740.08,0.16,42707.0
O9827,2024-07-02,C1492,P2071,L110,SH1,2,4682.09,0.02,1630.67
O11713,2024-05-03,C1320,P2096,L101,SH1,4,₹2672.65,0.06,699.12
O10301,2024-05-12,C1347,P2043,L108,SH25,6,100885.38,0.12,10492.75
O10234,2024-03-15,C1233,P2061,L102,SH1,1,19845.45,0.18,1688.58
O9612,2024-10-14,C1324,P2088,L111,SH10,6,25309.5,0.15,10617.84
O11226,2025-04-04,C1451,P2001,L101,SH1,5,208842.69,0.17,64891.48
O11756,2024-03-18,C1173,P2092,L114,SH19,5,18146.42,0.0,5848.22
O7583,2025-10-18,C1476,P2041,L108,SH4,4,77507.74,0.18,8763.56
O8128,2025-03-22,C1177,P2033,L106,SH7,2,79906.47,0.15,25357.46
O8487,2025-09-23,C1141,P2038,L101,SH10,1,₹4105.43,0.14,336.97
O8923,2024-03-14,C1408,P2072,L114,SH22,2,4779.26,0.07,1866.79
O11376,2025-05-22,C1002,P2043,L107,SH19,2,34438.98,0.18,3253.69
O11663,2025-07-30,C1138,P2032,L109,SH4,1,₹34815.75,0.04,8963.41
O7109,2024-03-09,C1083,P2082,L102,SH13,4,₹17322.41,0.12,4801.44
O6236,2024-05-07,C1127,P2010,L109,SH13,1,25144.27,0.16,8468.49
O11347,2024-01-02,C1265,P2076,L103,SH25,5,9479.91,0.04,3059.6
O11179,2024-02-24,C1124,P2040,L111,SH22,2,32346.09,0.13,1969.09
O8433,2024-05-27,C1121,P2018,L115,SH13,5,₹63712.33,0.04,18779.3
O11925,05/08/2025,C1487,P2007,L111,SH1,2,43282.97,0.06,12845.28
O5503,2024-10-10,C1379,P2083,L114,SH22,3,₹10106.88,0.21,2798.2
O11734,25/01/2024,C1435,P2005,L101,SH13,3,28035.19,0.04,10950.33
O9893,2025-08-03,C1401,P2089,L102,SH10,3,3626.93,0.19,1608.69
O7721,2025-01-12,C1478,P2016,L103,SH22,3,105833.12,0.13,30620.36
O8378,2024-10-03,C1028,P2017,L116,SH16,4,9859.97,0.01,3249.85
O5658,2025-12-06,C1442,P2018,L110,SH1,4,134933.3,0.14,41122.42
O9084,2025-03-28,C1161,P2062,L114,SH19,3,52381.99,0.1,7312.5
O9877,2025-03-27,C1105,P2098,L110,SH1,1,2415.85,0.15,733.89
O10151,2025-06-26,C1158,P2049,L114,SH13,6,71361.31,0.18,8222.31
O7116,2024-09-07,C1333,P2039,L113,SH10,3,9803.71,0.23,1382.77
O6309,22/06/2024,C1422,P2015,L116,SH16,3,₹143896.08,0.12,35240.8
O6664,2024-04-02,C1121,P2027,L114,SH19,3,108651.21,0.1,25079.7
O8169,2024-05-03,C1014,P2080,L114,SH1,-1,2192.44,0.11,884.19
O7373,2024-01-01,C1163,P2088,L117,SH22,2,3975.68,0.11,1142.01
O5597,2024-04-06,C1018,P2026,L115,SH10,4,₹115173.3,0.02,45657.36
O7803,2025-08-05,C1364,P2091,L105,SH19,1,3965.45,0.09,1293.87
O9158,2024-06-21,C1370,P2076,L105,SH10,1,905.01,0.06,386.93
O7104,2024-03-09,C1009,P2026,L103,SH4,5,184240.99,0.14,46761.99
O9677,2025-12-28,C1226,P2013,L117,SH22,6,189192.39,0.12,51902.45
O8363,2025-09-24,C1479,P2059,L113,SH13,2,35854.48,0.17,4257.6
O10529,2024-11-12,C1086,P2099,L117,SH13,1,4081.78,0.0,1021.97
O7080,2024-02-12,C1063,P2047,L102,SH20,5,96922.41,0.09,8234.73
O8832,2024-02-21,C1132,P2090,L104,SH12,1,4216.03,0.13,1824.13
O8868,2024-04-27,C1179,P2025,L106,SH25,2,41054.88,0.08,14800.08
O8530,2024-06-06,C1455,P2044,L108,SH22,4,22178.11,0.29,3082.06
O8569,14/08/2025,C1337,P2049,L104,SH19,2,42448.82,0.15,3193.8
O8625,04/08/2024,C1123,P2083,L108,SH22,4,7628.01,0.1,2251.32
O5389,2024-11-03,C1051,P2030,L105,SH13,3,120646.66,0.25,34821.3
O11655,2025-04-15,C1274,P2064,L116,SH10,1,575.29,0.29,71.77
O7573,2025-05-07,C1032,P2040,L111,SH16,1,12141.21,0.18,873.63
O6069,15/08/2025,C1392,P2013,L115,SH7,4,29768.69,0.09,11755.81
O10798,2025-01-27,C1386,P2061,L102,SH1,6,75198.09,0.15,10956.07
O10265,2024-05-08,C1024,P2072,L112,SH10,6,2290.2,,
O9929,2024-10-18,C1023,P2021,L113,SH1,6,22845.0,0.07,7361.07
O7034,2024-05-01,C1035,P2033,L115,SH13,1,18776.62,0.22,5097.91
O10246,2025-09-23,C1223,P2094,L109,SH10,6,26964.69,0.0,9988.07
O5215,2024-11-16,C1469,P2027,L112,SH4,6,112078.55,0.21,35025.1
O6876,2024-04-12,C1303,P2067,L106,SH22,3,7583.53,0.06,2811.22
O11826,2024-12-07,C1488,P2007,L107,SH22,1,23260.79,0.07,7766.14
O7829,2024-07-01,C1129,P2089,L112,SH1,4,10715.5,0.15,4254.52
O6929,2025-06-29,C1084,P2054,L104,SH25,5,92451.79,0.19,8955.91
O8953,2025-08-04,C1040,P2011,L117,SH16,1,28839.6,0.13,8069.91
O11818,2025-04-02,C1147,P2027,L111,SH19,2,33287.41,0.11,7635.2
O11975,2025-02-04,C1338,P2084,L116,SH13,1,3897.22,0.14,1142.94
O7398,2025-05-19,C1153,P2022,L105,SH19,6,197953.25,0.16,59790.13
O11200,2024-03-19,C1088,P2053,L106,SH25,2,35802.63,0.14,5304.32
O8795,2025-11-14,C1049,P2018,L103,SH13,6,106468.63,0.04,31421.61
O7448,2025-06-17,C1092,P2059,L110,SH10,2,5689.48,0.14,732.76
O9976,2024-02-28,C1208,P2081,L116,SH4,1,1062.28,0.0,419.39
O5115,2024-10-19,C1386,P2083,L107,SH19,3,5084.78,0.17,2065.28
O7926,2024-03-26,C1272,P2028,L114,SH4,2,82991.39,0.14,17737.71
O10370,16/11/2024,C1059,P2048,L103,SH14,5,₹31910.23,0.17,3329.93
O9206,07/04/2025,C1160,P2039,L105,SH26,6,63074.84,,5200.38
O6265,2024-05-14,C1372,P2095,L113,SH1,2,1592.4,0.12,432.46
O10068,2025-07-10,C1207,P2047,L110,SH10,three,4149.26,0.2,451.53
O7769,2024-02-16,C1120,P2016,L105,SH13,1,9782.23,0.02,3103.11
O9562,2025-08-19,C1005,P2095,L106,SH4,3,₹3329.59,0.16,1347.09
O10862,2025-05-13,C1285,P2088,L114,SH10,3,7899.92,0.16,3244.84
O9374,2025-08-23,C1088,P2067,L101,SH10,1,946.33,0.05,
O10845,2024-10-26,C1477,P2013,L111,SH10,1,34846.59,0.11,8245.26
O8921,2025-02-22,C1389,P2003,L111,SH4,4,83148.34,0.11,28393.65
O6688,2025-03-19,C1335,P2096,L103,SH25,3,13067.29,0.1,5340.98
O11370,2024-12-03,C1329,P2039,L116,SH22,4,72903.87,0.19,10147.29
O10299,2024-01-26,C1028,P2075,L115,SH10,2,1564.03,0.25,475.41
O6465,2025-04-22,C1240,P2046,L114,SH7,5,47746.63,0.13,4627.76
O8306,05/06/2025,C1310,P2010,L112,SH25,1,1341.19,0.15,361.13
O11499,2024-04-12,C1039,P2094,L111,SH1,5,6218.85,0.08,2372.53
O5372,2024-04-09,C1308,P2062,L107,SH15,1,1195.16,0.16,90.08
O9064,2024-06-04,C1110,P2080,L111,SH10,3,3719.62,0.17,1037.45
O5655,2024-03-30,C1175,P2051,L105,SH22,5,79392.32,0.14,8484.23
O8805,2024-09-18,C1122,P2014,L108,SH13,4,28860.83,0.16,7860.6
O5889,2025-11-06,C1392,P2015,L116,SH10,4,108323.49,0.13,33350.47
O11635,2024-02-11,C1170,P2057,L101,SH16,5,56608.48,0.08,5142.17
O9713,2025-05-30,C1261,P2041,L107,SH16,1,1550.3,0.13,115.03
O6031,2025-08-06,C1296,P2097,L102,SH19,1,2380.06,0.15,952.29
O11584,2025-04-10,C1243,P2098,L117,SH10,-3,5348.75,0.21,1502.51
O10960,2025-12-09,C1106,P2040,L102,SH3,4,55326.41,0.18,6588.92
O11041,2024-04-10,C1167,P2025,L108,SH16,5,₹247670.03,0.05,86786.7
O5724,2025-12-11,C1034,P2044,L107,SH17,5,61160.99,0.19,7986.91
O8391,2024-07-16,C1358,P2021,L105,SH25,3,135567.58,0.0,53472.44
O7460,2024-11-23,C1333,P2014,L111,SH25,6,88160.81,0.05,32867.32
O6615,2024-03-09,C1092,P2020,L116,SH19,2,106005.68,0.03,21319.91
O9888,2024-12-27,C1226,P2077,L104,SH4,2,₹3198.38,0.04,1308.04
O11741,2024-01-22,C1396,P2048,L117,SH1,1,5848.24,0.28,720.43
O7319,2025-10-19,C1392,P2054,L101,SH12,5,44260.15,0.23,5640.29
O7514,2024-05-20,C1315,P2006,L114,SH1,5,270990.83,0.0,75616.66
O11549,2024-12-22,C1498,P2098,L110,SH10,5,23062.1,0.02,
O5735,2025-05-01,C1280,P2028,L106,SH16,4,33972.7,0.05,10568.37
O11447,2025-12-08,C1216,P2091,L109,SH22,1,1670.42,0.12,526.54
O9688,2025-03-20,C1006,P2051,L114,SH19,4,63423.97,0.28,8009.16
O10994,2025-05-16,C1128,P2071,L110,SH1,6,₹22018.33,0.07,7124.37
O10051,2024-10-09,C1342,P2038,L108,SH26,3,27007.29,0.11,3839.8
O5796,2024-02-14,C1172,P2079,L115,SH25,2,1602.21,0.09,417.36
O5701,2024-06-01,C1410,P2046,L103,SH10,three,42336.2,0.07,2658.95
O5804,2025-10-15,C1454,P2038,L106,SH25,5,85884.46,0.28,12152.83
O5079,2024-12-26,C1408,P2036,L102,SH13,1,10462.04,0.2,920.0
O7749,2024-08-04,C1094,P2080,L111,SH10,2,4134.26,0.02,1074.34
O9644,2025-12-28,C1470,P2070,L111,SH19,6,6448.62,0.14,2253.2
O9922,2024-01-08,C1028,P2072,L112,SH21,-1,₹1679.78,0.06,689.9
O8983,2025-03-27,C1152,P2002,L115,SH1,1,28805.84,0.04,9631.05
O6987,2025-10-23,C1014,P2081,L114,SH22,1,₹1889.87,0.0,539.75
O9799,2024-01-26,C1240,P2004,L103,SH22,3,124875.85,0.0,43614.43
O8321,2024-12-09,C1194,P2013,L104,SH25,1,27514.39,0.09,8548.97
O9168,2024-02-26,C1071,P2085,L103,SH10,2,7207.54,0.18,2189.74
O9824,2025-02-13,C1255,P2023,L116,SH10,4,92136.19,0.12,28003.26
O11631,2024-12-07,C1270,P2057,L109,SH10,1,2611.61,0.22,345.2
O9728,2025-04-21,C1439,P2038,L112,SH13,5,13910.31,0.1,1513.14
O7699,2024-10-29,C1452,P2016,L103,SH10,6,262350.02,0.18,65887.97
,,,,,,,,,
O11301,2024-08-28,C1487,P2082,L104,SH19,1,2876.22,0.13,971.94
O6246,08/11/2024,C1157,P2082,L103,SH9,6,13619.81,0.0,4256.84
O9248,2025-11-15,C1221,P2006,L112,SH10,2,65974.89,0.03,18016.99
O10771,2025-01-06,C1343,P2073,L112,SH16,1,₹2494.79,0.06,783.66
O8455,2025-09-24,C1048,P2068,L116,SH7,5,15086.56,0.05,6418.35
O7893,2024-02-02,C1168,P2022,L104,SH16,1,9145.12,0.11,2084.25
O5258,2025-04-01,C1286,P2075,L108,SH22,5,10604.75,0.0,3633.32
O6699,2025-04-07,C1150,P2097,L111,SH19,5,14886.5,0.15,3809.65
O9878,2024-12-25,C1117,P2033,L117,SH10,6,157443.28,0.0,45118.82
O11419,2024-01-27,C1196,P2075,L101,SH1,3,4705.27,0.06,1590.47
O6393,2024-11-17,C1352,P2054,L113,SH5,2,27424.32,0.15,2758.31
O7511,2025-07-28,C1228,P2002,L105,SH1,3,57576.84,0.02,15959.55
O7145,2025-11-13,C1348,P2088,L112,SH16,3,9093.56,0.0,2346.92
O5710,2024-11-24,C1389,P2040,L107,SH22,-3,13229.06,0.22,1134.93
O7572,2025-08-23,C1291,P2075,L114,SH22,three,13430.11,0.05,5442.98
O10787,2025-06-05,C1152,P2001,L108,SH25,2,26210.39,0.12,9130.02
O5423,2024-08-04,C1117,P2029,L105,SH1,1,39957.64,0.02,12704.07
O8499,2024-10-23,C1448,P2089,L101,SH1,4,₹1578.4,0.15,496.32
O9070,2024-09-17,C1500,P2057,L104,SH25,4,58316.87,0.21,6084.96
O5833,2025-05-26,C1063,P2004,L113,SH13,2,70742.1,0.17,27558.14
O8745,2025-11-01,C1184,P2004,L103,SH22,2,43155.47,0.05,15328.28
O8351,2025-08-27,C1039,P2027,L108,SH16,1,17066.03,0.1,4922.99
O10050,2025-05-16,C1292,P2037,L101,SH16,2,36616.75,0.13,2471.72
O5381,2025-09-01,C1104,P2081,L105,SH1,1,1427.65,0.1,616.97
O11959,2024-04-27,C1313,P2088,L117,SH19,4,4353.36,0.06,1714.22
O10352,2024-03-30,C1480,P2039,L113,SH25,4,49398.55,0.12,7322.29
O8138,2025-04-20,C1445,P2010,L115,SH1,1,43892.36,0.1,15445.49
O6973,2025-07-22,C1469,P2061,L109,SH19,2,15559.68,0.14,2045.22
O5720,2024-11-28,C1470,P2086,L111,SH10,1,2410.55,0.03,617.23
O9524,2025-06-25,C1096,P2061,L105,SH1,6,61194.88,0.15,5757.5
O9025,08/10/2024,C1082,P2065,L116,SH10,1,12563.7,0.09,1270.97
O10807,2025-06-01,C1206,P2087,L107,SH10,3,12862.6,0.07,4716.49
O7421,2025-03-13,C1211,P2022,L104,SH22,1,₹44268.06,0.0,14672.62
O8255,2024-05-30,C1436,P2003,L115,SH13,5,135427.52,0.07,44955.74
O5319,2024-08-17,C1412,P2092,L114,SH19,3,4963.96,0.12,1654.25
O8624,2025-03-04,C1095,P2020,L102,SH1,5,₹29674.14,0.1,9406.93
O6358,2025-04-29,C1480,P2047,L114,SH4,6,28630.96,0.2,2262.83
O11008,2024-05-03,C1244,P2011,L115,SH16,-4,130796.74,0.03,41386.25
O9083,2025-09-21,C1253,P2082,L110,SH19,2,2597.17,0.1,859.76
O6554,2024-05-09,C1477,P2061,L104,SH7,6,120561.78,0.08,16281.54
O8367,2024-08-05,C1143,P2038,L105,SH4,5,105903.43,0.12,
O5995,2024-06-20,C1022,P2065,L104,SH16,2,25349.85,0.21,3507.87
,,,,,,,,,
O10086,2025-06-07,C1337,P2014,L106,SH25,2,54987.97,0.15,20981.6
O10682,2025-10-01,C1113,P2002,L107,SH22,3,99014.07,0.22,26890.16
O6980,2025-10-23,C1161,P2078,L107,SH25,1,999.9,0.21,434.7
O9650,2025-04-15,C1425,P2074,L112,SH19,5,2935.12,0.15,914.25
O9072,2025-12-30,C1175,P2006,L117,SH10,-6,67576.58,,26203.9
O5183,04/03/2024,C1335,P2047,L108,SH4,4,58343.86,0.14,5944.4
O7640,11/12/2024,C1041,P2041,L104,SH4,3,16361.68,0.09,2041.16
O8691,2025-08-15,C1187,P2031,L108,SH22,2,57832.97,0.21,20478.24
O10974,2024-07-17,C1257,P2068,L112,SH19,2,1403.57,0.04,450.16
O5947,2024-11-19,C1161,P2056,L106,SH1,5,69870.88,0.25,7281.58
O5559,07/07/2025,C1270,P2055,L116,SH19,-2,2636.11,0.17,240.56
O11765,2024-05-23,C1155,P2017,L107,SH13,5,86278.14,0.23,21332.39
O10249,2025-11-07,C1027,P2036,L103,SH13,2,20687.72,0.18,1816.35
O10215,2024-12-21,C1300,P2097,L109,SH22,-6,₹6483.54,0.12,2393.99
O11099,2024-04-26,C1126,P2063,L107,SH1,2,35536.65,0.16,2949.79
O9953,2024-09-24,C1384,P2062,L114,SH13,-2,29606.62,0.09,4282.82
O10457,2024-04-16,C1195,P2040,L110,SH1,3,36554.78,0.1,5076.74
O9049,2025-09-13,C1043,P2086,L104,SH16,3,7840.55,0.04,2675.33
O8290,2025-07-26,C1312,P2014,L109,SH19,5,202327.1,0.19,56679.05
O11647,05/05/2024,C1468,P2011,L110,SH22,1,27920.94,0.08,6920.76
O11221,2025-03-25,C1500,P2049,L103,SH22,1,₹15781.23,0.05,1009.5
O8982,2024-03-05,C1186,P2026,L102,SH4,3,47020.52,0.16,9770.78
O6014,2025-06-16,C1345,P2018,L113,SH27,5,202736.7,0.01,44814.01
O5401,2025-11-24,C1112,P2060,L110,SH22,1,9781.59,0.27,1135.88
O7433,2025-09-13,C1390,P2071,L116,SH13,5,17964.77,0.13,6956.01
O10439,2025-03-01,C1373,P2025,L103,SH1,2,6869.64,0.11,2623.89
O5900,2025-08-15,C1412,P2029,L103,SH4,5,29557.12,0.1,7902.62
O11147,2025-10-05,C1295,P2015,L101,SH22,2,₹38359.15,0.11,12678.48
O11568,2025-09-10,C1008,P2070,L117,SH1,1,1504.44,0.08,541.24
O8525,2024-06-10,C1250,P2098,L113,SH19,5,9033.3,0.14,2703.28
O9396,2024-09-09,C1463,P2014,L104,SH22,4,162331.84,0.0,
O7040,2025-01-23,C1324,P2013,L115,SH16,1,₹34506.66,0.17,8567.17
O11428,2025-07-21,C1266,P2096,L112,SH1,3,2721.88,0.18,1224.26
O5656,2025-03-03,C1447,P2081,L108,SH10,-5,₹6926.03,0.08,1943.1
O6365,2024-01-15,C1423,P2095,L111,SH7,4,3495.45,0.2,1194.51
O8556,2024-11-15,C1396,P2004,L102,SH1,2,60763.32,0.17,23365.94
O6169,2024-09-05,C1475,P2055,L108,SH11,6,₹58590.94,0.21,8374.53
O8102,17/02/2025,C1199,P2090,L110,SH22,5,16189.4,0.12,4840.85
O7485,2024-07-22,C1115,P2083,L103,SH7,4,7694.06,0.24,2599.08
O8584,08/01/2024,C1249,P2018,L105,SH25,6,137960.92,0.14,32241.48
O7049,2025-09-11,C1085,P2018,L105,SH10,6,172580.97,0.09,49637.64
O6291,2024-10-03,C1076,P2036,L105,SH4,2,36413.54,,2353.65
O9062,16/04/2024,C1173,P2052,L109,SH19,6,29028.49,0.22,2448.05
O7470,2024-03-27,C1361,P2008,L115,SH16,1,10882.22,0.09,2268.84
O10389,2025-07-26,C1026,P2094,L101,SH7,6,19660.23,0.04,5808.5
O7851,2024-01-09,C1256,P2052,L110,SH19,3,8058.72,0.19,906.25
O11780,2025-11-10,C1061,P2050,L101,SH7,3,₹12897.03,0.2,1197.01
O9411,2024-11-12,C1194,P2062,L117,SH13,6,128500.2,0.14,10232.12
O9325,2024-05-23,C1345,P2095,L117,SH13,6,₹19253.17,0.06,5557.3
O8465,2024-12-29,C1339,P2027,L104,SH10,6,182201.68,0.07,54595.62
O8295,2024-11-21,C1132,P2016,L106,SH4,4,₹45040.12,0.17,9661.49
O10194,2024-08-06,C1144,P2004,L106,SH25,2,59779.56,0.11,14450.73
O7019,2024-10-20,C1435,P2096,L102,SH13,4,7883.33,0.05,2913.76
O9884,2025-03-22,C1018,P2060,L112,SH16,2,1476.65,0.2,183.39
O11322,2024-09-11,C1159,P2044,L110,SH19,3,4065.99,0.22,279.12
O5120,2025-12-07,C1368,P2055,L106,SH22,3,27355.92,0.21,2742.2
O7657,07/07/2024,C1236,P2069,L109,SH19,-5,14465.28,0.06,5432.4
O11069,11/04/2025,C1058,P2048,L117,SH12,2,3673.26,0.23,454.76
O10520,2025-06-22,C1249,P2071,L110,SH22,6,12556.71,0.2,5031.88
O5556,2025-09-20,C1347,P2085,L116,SH4,4,1532.47,0.11,645.81
O5230,2024-02-13,C1440,P2013,L117,SH19,5,58618.16,0.15,22289.82
O9958,21/12/2024,C1295,P2012,L117,SH13,4,149523.35,0.0,49563.92
O8176,2025-12-26,C1257,P2070,L108,SH22,3,11122.52,0.11,4178.25
O11999,2025-08-27,C1025,P2036,L108,SH10,6,37402.06,0.2,4504.16
O11223,2025-02-04,C1306,P2096,L115,SH4,3,6186.07,0.1,1676.14
O8724,24/10/2024,C1256,P2086,L105,SH22,6,2200.2,0.11,906.86
O9240,2024-06-09,C1487,P2020,L116,SH25,1,39663.76,,13676.08
O9281,2024-12-16,C1054,P2040,L101,SH1,2,₹36503.44,0.21,4481.41
O10331,2024-06-06,C1113,P2058,L111,SH19,3,15481.38,0.01,2103.47
O11586,2024-12-12,C1261,P2010,L101,SH1,4,119114.81,0.23,29735.37
O10088,2024-10-07,C1453,P2095,L102,SH13,4,3988.34,0.19,1696.17
O5859,2025-03-03,C1354,P2068,L104,SH1,1,2367.16,0.06,627.96
O10415,08/11/2025,C1284,P2094,L114,SH1,4,8659.21,0.13,2452.33
O10179,2024-05-08,C1153,P2070,L114,SH10,3,13151.22,0.09,5054.27
O9365,2024-11-25,C1069,P2017,L108,SH25,2,₹6386.97,0.1,2230.1
O5085,08/10/2025,C1210,P2044,L102,SH4,5,₹69152.12,0.16,4559.34
O9817,2024-04-25,C1297,P2072,L103,SH13,3,11340.34,0.22,4327.07
O11364,2024-04-20,C1186,P2036,L109,SH19,6,₹111006.86,,14717.83
O7097,22/12/2024,C1046,P2056,L109,SH10,4,17473.77,0.31,1624.95
O8974,2024-12-04,C1470,P2022,L113,SH1,4,83255.27,0.0,25290.11
O9548,2025-10-13,C1235,P2003,L105,SH25,4,111241.6,0.24,33172.29
O11446,2025-05-17,C1085,P2071,L101,SH1,1,1085.21,0.17,319.64
O11592,2025-06-07,C1086,P2081,L110,SH7,3,6364.26,0.08,2685.48
O8734,2025-10-10,C1473,P2034,L108,SH4,4,35980.63,0.22,3534.12
O9186,2024-08-29,C1295,P2061,L115,SH22,4,68299.82,0.11,8067.49
O8579,2025-02-18,C1207,P2018,L112,SH4,4,72695.01,0.14,18304.47
O11746,08/02/2025,C1007,P2058,L101,SH10,3,31707.02,0.23,3403.37
O7016,2025-12-27,C1033,P2099,L109,SH10,1,1440.93,,498.32
O9481,2025-06-12,C1316,P2093,L113,SH25,5,₹11516.58,0.16,3512.63
O6324,2025-11-09,C1028,P2090,L104,SH22,2,₹5658.72,0.08,1954.33
O8192,2025-03-16,C1424,P2007,L112,SH13,6,67772.91,0.05,14459.39
O5352,2024-02-08,C1159,P2023,L116,SH4,1,6265.48,0.01,1544.6
O10187,2025-11-27,C1191,P2008,L108,SH10,2,100163.46,0.07,35597.83
O6133,2024-03-25,C1249,P2060,L103,SH13,2,21952.27,0.22,1795.84
O5669,2025-10-18,C1314,P2096,L117,SH22,1,4074.31,0.08,1659.81
O10203,2025-03-27,C1100,P2094,L105,SH16,6,16082.7,,4715.28
O5643,2024-09-05,C1058,P2095,L102,SH13,1,4479.22,0.06,1950.01
O9069,2024-11-03,C1155,P2057,L101,SH16,5,5027.99,0.19,347.73
O10792,2024-02-19,C1186,P2058,L111,SH22,-5,18200.11,0.24,1266.7
O9164,2024-01-07,C1278,P2072,L117,SH1,three,13551.83,0.12,3440.5
O6428,2025-11-02,C1390,P2040,L115,SH4,2,7152.3,0.21,753.9
O6695,2025-05-02,C1305,P2043,L113,SH16,3,58723.36,0.16,3589.82
O6244,2025-11-25,C1328,P2048,L108,SH1,4,48455.51,0.22,5989.62
O7348,2024-04-14,C1232,P2027,L109,SH7,4,78474.1,0.14,24078.71
O6125,2024-09-12,C1422,P2023,L114,SH10,4,44429.72,0.0,14375.11
O6303,2024-10-01,C1068,P2032,L103,SH3,1,₹8583.14,0.06,2793.62
O8146,2024-12-22,C1061,P2050,L108,SH22,4,54394.41,0.18,4724.8
O11124,2024-04-24,C1041,P2012,L117,SH10,3,28698.7,0.1,10862.18
O5166,2024-10-22,C1153,P2029,L110,SH10,3,₹109402.04,0.07,36983.14
O11710,2024-09-22,C1298,P2003,L113,SH10,2,94298.83,0.07,23601.03
O10551,2025-06-04,C1212,P2045,L105,SH7,6,100494.39,0.26,7535.78
O10379,2024-06-18,C1178,P2093,L110,SH7,2,4987.85,0.12,2150.12
O6908,2024-04-16,C1190,P2005,L105,SH1,5,163877.04,0.14,32968.83
O7227,2025-04-27,C1024,P2044,L112,SH16,2,30665.64,0.2,3309.55
O7453,2024-05-11,C1367,P2086,L112,SH1,1,3307.06,0.17,1212.67
O6432,2025-11-08,C1137,P2004,L116,SH4,5,124094.83,0.17,33554.17
O5907,2025-02-26,C1164,P2009,L107,SH1,3,39294.71,0.17,10114.81
O6371,2024-04-26,C1268,P2098,L111,SH16,2,9322.41,0.0,3186.07
O10006,2025-07-23,C1143,P2074,L101,SH7,2,₹1191.65,0.16,409.3
O7509,2025-09-16,C1360,P2082,L110,SH19,3,6393.14,0.0,2297.44
O10866,2024-08-22,C1381,P2074,L114,SH4,2,2338.4,0.11,808.86
O7111,2024-12-28,C1493,P2083,L117,SH22,4,16069.48,0.0,5873.3
O9305,04/08/2025,C1192,P2021,L108,SH25,1,53689.34,0.01,
O6480,2024-01-29,C1417,P2055,L105,SH13,1,7122.7,0.07,504.37
O11856,2025-04-06,C1254,P2067,L108,SH19,6,₹24218.3,0.08,6583.48
O6261,2024-01-06,C1072,P2046,L114,SH7,1,7499.89,0.21,1037.58
O7135,2025-06-05,C1248,P2035,L111,SH13,1,7024.18,0.13,1036.41
O6648,2024-09-27,C1152,P2034,L115,SH10,three,7014.02,0.23,645.04
O7481,2025-07-30,C1394,P2071,L103,SH19,6,₹22602.09,0.03,9528.68
O8036,01/09/2024,C1186,P2027,L111,SH10,3,42205.64,0.14,11911.41
O8520,2024-06-26,C1227,P2055,L101,SH13,2,11059.9,0.23,1173.23
O6492,21/01/2025,C1056,P2090,L115,SH21,2,2025.59,0.0,764.62
O5575,2025-03-31,C1331,P2051,L109,SH19,5,₹73873.39,0.25,10673.91
O5441,09/05/2025,C1314,P2004,L105,SH17,4,160342.48,,35690.23
O6546,2025-06-24,C1215,P2069,L104,SH19,5,18322.85,0.1,6805.48
O10988,2025-11-11,C1468,P2007,L111,SH1,4,78044.69,0.13,21818.24
O11351,2025-10-29,C1396,P2003,L114,SH1,5,58207.61,0.11,
O11532,2025-07-21,C1395,P2071,L109,SH4,5,5499.2,0.05,1499.76
O7822,2025-08-21,C1080,P2041,L102,SH10,-5,67058.11,,6095.03
O10390,2025-11-06,C1231,P2051,L109,SH19,2,13301.56,0.16,846.38
O9192,2024-02-21,C1493,P2007,L101,SH4,4,127471.57,0.0,25736.1
O8440,2025-05-20,C1299,P2009,L111,SH10,3,100193.71,0.01,31216.88
O11160,2025-11-28,C1399,P2060,L114,SH1,6,110771.11,0.16,9280.21
O8354,2025-10-14,C1389,P2083,L117,SH25,3,8411.55,0.08,2772.21
O6126,2025-12-16,C1197,P2085,L106,SH1,2,4764.7,0.21,1566.2
O6271,2025-02-14,C1118,P2016,L105,SH4,4,11652.54,0.18,4638.64
O10259,2025-06-07,C1149,P2092,L109,SH13,4,4259.62,0.33,1729.89
O5268,2025-09-17,C1161,P2077,L113,SH10,4,7234.7,0.18,1973.96
O10580,2024-05-26,C1035,P2068,L108,SH10,3,2598.82,0.04,1148.19
O8155,2024-06-06,C1184,P2009,L102,SH16,3,126372.47,0.06,48169.85
O10411,2024-01-31,C1009,P2021,L109,SH22,5,204777.48,0.17,66036.92
O7898,2024-08-30,C1284,P2045,L114,SH10,3,2939.05,0.15,421.14
O11244,27/10/2025,C1410,P2060,L107,SH1,5,95315.7,0.12,9991.14
O8173,2025-08-18,C1396,P2018,L104,SH25,1,32515.96,0.09,8450.98
O7612,2025-04-08,C1083,P2089,L109,SH13,1,1264.79,0.16,350.66
O8323,2025-04-10,C1207,P2005,L110,SH7,2,85809.19,0.03,28698.64
O9744,2024-07-19,C1433,P2078,L108,SH22,6,3632.7,0.1,1143.97
O7113,2024-11-01,C1106,P2010,L112,SH10,4,25194.29,0.18,9594.82
O9242,2025-04-22,C1216,P2037,L101,SH25,1,10226.77,0.23,1282.88
O5489,2025-07-25,C1028,P2023,L109,SH10,4,16016.7,,5835.27
O10482,2025-05-25,C1500,P2093,L114,SH10,2,7743.91,0.18,3148.86
O9508,14/05/2024,C1053,P2049,L102,SH14,2,29353.68,0.18,2948.75
O5899,2024-10-21,C1431,P2069,L107,SH22,4,₹5766.18,0.11,1784.43
O11232,2025-06-20,C1402,P2089,L102,SH25,three,2990.47,0.15,808.78
O5360,2025-05-23,C1328,P2073,L104,SH1,3,2826.79,0.1,1128.08
O11005,2025-12-04,C1090,P2050,L102,SH10,6,64480.06,0.26,4317.17
O8158,2025-09-30,C1146,P2089,L107,SH4,2,2271.72,0.12,920.39
O6005,2024-12-18,C1448,P2039,L111,SH19,5,3766.69,0.24,320.85
O10832,2025-03-01,C1431,P2050,L109,SH1,2,32937.81,0.13,4837.32
O6729,17/11/2024,C1080,P2076,L117,SH13,6,₹14317.5,0.15,4661.72
O8331,2025-06-13,C1004,P2028,L113,SH4,4,₹85443.69,0.07,22739.03
O5464,2025-12-28,C1472,P2087,L105,SH24,5,16782.47,0.01,7412.23
O9619,2025-02-25,C1059,P2009,L107,SH4,2,85418.42,0.04,30592.1
O8127,2025-05-27,C1231,P2008,L116,SH22,3,94054.79,0.06,27527.46
O8054,2024-11-12,C1369,P2096,L107,SH9,3,₹7507.86,0.06,2100.55
O7023,08/09/2025,C1185,P2056,L103,SH10,6,30757.87,0.26,2226.49
O8369,2024-10-02,C1442,P2011,L111,SH13,1,38417.33,0.0,8658.02
O7944,18/04/2025,C1465,P2058,L103,SH22,5,5281.75,0.08,472.9
O5363,2025-03-24,C1001,P2007,L113,SH10,4,157889.89,0.03,62180.25
O6342,2024-06-13,C1453,P2028,L105,SH19,5,254112.22,0.07,76315.99
O10027,2024-05-06,C1130,P2062,L117,SH16,5,15275.41,0.14,1684.38
O5162,2024-11-17,C1098,P2003,L115,SH1,4,86057.09,0.1,24319.05
O7483,2024-09-18,C1402,P2023,L102,SH22,3,94295.05,0.08,28323.14
O10657,2025-03-03,C1002,P2016,L106,SH4,3,84633.45,0.17,19740.66
O11027,2024-04-01,C1478,P2064,L113,SH4,6,66065.87,0.08,6264.74
O9848,2025-03-29,C1317,P2034,L109,SH19,6,102751.05,0.09,9391.28
O6558,2024-10-23,C1323,P2058,L114,SH22,2,34060.96,0.11,4189.85
O8676,2025-12-08,C1244,P2045,L117,SH25,1,₹15265.16,0.32,1798.32
O10993,2024-09-19,C1494,P2099,L111,SH25,6,3220.41,0.06,996.21
O9194,2024-05-08,C1196,P2089,L105,SH4,2,3916.89,0.06,1444.47
O9038,16/04/2024,C1205,P2096,L116,SH16,4,16442.98,0.12,5183.8
O11212,2025-06-14,C1437,P2034,L104,SH1,1,3678.65,,478.02
O8072,2024-07-09,C1384,P2036,L103,SH22,4,20070.74,0.26,1257.18
O9133,2024-08-10,C1156,P2090,L115,SH13,4,15582.87,0.09,5583.03
O10278,2025-04-10,C1235,P2033,L112,SH10,1,36597.23,0.07,11149.58
O10391,2024-03-27,C1165,P2042,L101,SH2,4,35954.03,0.3,2686.05
O6178,2025-01-18,C1221,P2022,L106,SH13,2,19961.98,0.13,4528.7
O5451,2025-11-01,C1456,P2066,L107,SH10,1,13980.74,0.18,2034.64
O11833,2024-01-26,C1449,P2070,L112,SH16,3,10641.05,0.05,3567.3
O9753,2024-09-26,C1218,P2073,L111,SH4,4,6220.13,0.08,2643.9
O8521,2025-08-20,C1138,P2023,L102,SH13,6,267063.66,0.15,66633.3
O10176,2025-05-19,C1093,P2036,L116,SH10,5,₹49870.72,0.21,4128.3
O10315,2024-09-14,C1002,P2092,L109,SH1,4,5088.45,0.0,1527.74
O11802,2025-11-09,C1305,P2040,L105,SH22,2,24341.05,0.15,1935.1
O9590,2024-04-20,C1031,P2004,L116,SH1,1,33377.78,0.19,8800.22
O7817,2024-02-23,C1409,P2017,L110,SH19,4,149804.37,0.23,31713.28
O11113,2024-03-27,C1134,P2008,L112,SH19,6,315140.68,0.02,
O8307,2024-11-24,C1374,P2095,L104,SH16,6,24938.86,0.08,8488.65
O10648,19/03/2024,C1434,P2002,L115,SH1,6,207387.32,0.22,68115.91
O10472,2024-05-13,C1214,P2010,L110,SH4,3,102462.48,0.15,35817.54
O6338,2025-05-27,C1385,P2037,L113,SH26,3,13073.36,0.21,1669.02
O8826,2025-07-02,C1002,P2013,L108,SH7,2,₹63819.83,0.13,14921.83
O6312,2025-10-01,C1077,P2086,L110,SH1,3,11733.42,0.06,3750.91
O8668,2024-10-26,C1014,P2007,L117,SH10,3,84439.53,0.01,21420.99
O11218,2025-03-24,C1169,P2016,L108,SH4,4,132773.29,0.11,44025.66
O11606,2025-03-26,C1476,P2066,L107,SH19,2,15243.78,0.03,1657.29
O11505,19/07/2025,C1360,P2002,L101,SH25,4,63579.06,0.09,17698.48
O8585,2025-11-06,C1057,P2016,L112,SH19,2,16818.41,0.17,4135.2
O10777,2024-03-25,C1123,P2054,L108,SH1,3,52399.93,0.14,5360.56
O5652,2025-02-06,C1157,P2043,L116,SH22,3,48540.78,0.14,2992.71
O5884,2025-11-07,C1050,P2098,L103,SH10,2,6634.74,0.14,2677.21
O9334,2024-07-12,C1123,P2055,L117,SH19,1,6605.13,0.22,768.25
O10085,2025-08-17,C1489,P2097,L108,SH1,5,14084.05,0.04,5490.85
O10154,2025-08-10,C1074,P2034,L113,SH13,5,17831.2,0.24,1819.5
O8350,2025-08-08,C1178,P2068,L115,SH13,3,1745.36,0.15,481.35
O11292,2025-09-24,C1287,P2093,L101,SH25,3,6377.09,0.27,
O9353,2024-06-13,C1187,P2072,L110,SH8,5,5713.35,0.15,1463.34
O11796,2025-06-20,C1079,P2070,L113,SH19,6,22718.11,0.0,8540.32
O10279,2025-10-27,C1480,P2058,L107,SH4,6,51244.14,0.34,6361.23
O6515,2025-07-10,C1040,P2010,L109,SH13,2,20522.24,0.18,6999.13
O10538,2025-03-10,C1415,P2027,L113,SH19,6,117982.87,0.11,28989.22
O8473,2025-03-10,C1138,P2095,L104,SH1,2,1108.41,0.2,277.75
O9904,2024-02-12,C1209,P2092,L110,SH16,4,4952.46,0.17,
O8560,2025-03-11,C1164,P2026,L103,SH24,1,4066.41,0.15,1202.08
O6743,2025-09-07,C1129,P2097,L114,SH10,three,7815.74,0.05,2940.48
O9846,2025-05-16,C1196,P2026,L105,SH15,3,66636.02,0.02,19894.78
O10318,2025-10-06,C1324,P2008,L115,SH13,4,28232.97,0.26,10840.6
O9311,2025-09-28,C1193,P2043,L108,SH18,5,16472.81,0.27,1698.75
O6548,2024-08-24,C1125,P2099,L112,SH1,6,₹13332.79,0.11,5328.29
O8844,2024-08-11,C1254,P2055,L107,SH7,1,705.66,0.14,102.76
O5420,2025-05-30,C1067,P2014,L113,SH1,3,₹86114.03,0.13,20099.36
O10999,2024-01-14,C1253,P2047,L102,SH10,1,18009.65,0.18,1890.69
O11236,2025-01-01,C1277,P2005,L105,SH1,4,91061.23,0.18,30199.18
O5151,2025-02-16,C1452,P2034,L112,SH19,5,37657.17,0.22,3617.06
O9793,2025-05-07,C1066,P2013,L102,SH4,3,132567.01,0.05,45387.56
O5999,2025-10-06,C1387,P2054,L112,SH19,4,50002.94,0.26,3682.47
O8187,2024-06-21,C1374,P2085,L113,SH16,2,7065.04,0.09,3163.52
O10663,2025-06-21,C1080,P2094,L112,SH1,5,1976.91,0.19,583.09
O7726,2025-04-08,C1464,P2057,L115,SH19,3,9350.12,0.22,922.84
O7341,2024-07-26,C1184,P2092,L106,SH7,4,7943.24,0.0,3512.52
O7472,2025-05-18,C1185,P2068,L109,SH1,1,1781.09,0.0,730.61
O9124,2025-05-27,C1017,P2045,L114,SH22,3,32391.39,0.08,2109.6
O10041,21/08/2025,C1099,P2045,L109,SH1,1,3637.63,0.18,519.72
O11806,11/06/2025,C1179,P2059,L105,SH25,2,23454.01,0.29,1961.44
O11986,2024-05-01,C1143,P2073,L103,SH10,3,10721.78,0.09,3614.21
O11578,2025-08-17,C1251,P2053,L109,SH22,6,23104.95,0.27,2378.77
O11412,2025-01-28,C1060,P2025,L107,SH25,1,23129.58,0.1,5326.22
O6147,2024-12-06,C1199,P2087,L105,SH22,3,₹3510.98,0.03,1412.62
O8665,2024-11-20,C1029,P2073,L109,SH13,three,2583.7,0.07,1122.63
O11855,2025-10-17,C1165,P2048,L104,SH4,1,3794.4,0.23,403.82
O11318,2025-05-07,C1083,P2053,L105,SH19,4,23075.68,0.1,2143.89
O6855,2024-04-17,C1244,P2069,L111,SH19,3,10982.69,0.11,4072.58
O9268,2025-12-27,C1207,P2056,L102,SH1,2,22833.41,0.18,1605.83
O6514,2024-05-12,C1456,P2032,L110,SH7,6,177102.21,0.13,52376.25
O10637,2024-08-22,C1114,P2088,L102,SH19,1,3931.55,,1030.9
O5449,2025-05-24,C1229,P2041,L104,SH13,4,58764.52,0.22,3619.85
O11540,2024-09-13,C1172,P2098,L104,SH4,3,4086.04,0.09,1574.09
O10984,2024-02-20,C1203,P2054,L112,SH19,1,19134.18,0.22,1517.3
O7403,2025-10-20,C1491,P2031,L105,SH1,3,130786.35,0.1,49256.34
O6986,2025-01-12,C1027,P2042,L116,SH10,5,14171.9,0.33,1911.26
O9425,2025-11-09,C1283,P2073,L108,SH7,4,9942.94,0.21,4387.92
O7107,2025-04-25,C1070,P2022,L102,SH19,3,20075.95,0.32,4546.36
O5820,2025-01-16,C1142,P2007,L103,SH19,1,17573.27,0.12,5223.57
O11442,2025-01-05,C1081,P2027,L116,SH22,4,7722.7,0.14,2715.45
O6633,2025-12-13,C1246,P2051,L102,SH1,5,66912.0,0.25,5665.82
O10416,2024-08-28,C1128,P2043,L108,SH17,6,₹103376.06,0.2,14529.08
O10918,2025-06-23,C1323,P2020,L102,SH4,1,₹2269.1,0.14,584.58
O9678,2025-08-08,C1059,P2062,L114,SH19,6,83370.91,0.17,9056.74
O10547,2025-07-08,C1435,P2080,L110,SH1,6,17726.04,0.07,6205.88
O8641,2024-05-21,C1300,P2020,L103,SH25,3,60036.81,0.08,19641.15
O5842,01/03/2025,C1111,P2094,L115,SH22,4,14749.03,0.1,4538.67
O11416,10/11/2025,C1291,P2036,L106,SH4,3,54488.95,0.11,4331.62
O11417,2025-10-16,C1465,P2073,L114,SH1,2,2583.42,0.13,1153.96
O7894,2025-07-20,C1204,P2052,L110,SH25,2,27655.68,0.1,1811.68
O5782,2024-09-05,C1242,P2080,L102,SH2,6,₹19580.21,0.1,5406.24
O11485,11/11/2024,C1403,P2097,L101,SH1,4,4042.35,0.17,1208.26
O5393,2024-02-29,C1089,P2025,L107,SH10,6,82850.33,0.07,24133.45
O7593,2024-06-12,C1290,P2080,L113,SH4,5,9293.5,0.15,3176.73
O10555,08/02/2025,C1235,P2062,L114,SH22,5,12099.12,0.09,1685.73
O7046,2024-01-06,C1247,P2063,L108,SH19,2,₹17497.13,0.14,2222.27
O5814,2024-10-03,C1017,P2038,L114,SH25,2,30785.7,0.13,3544.21
O10107,2024-05-22,C1350,P2096,L111,SH9,4,16092.39,0.16,4409.33
O11789,2025-08-02,C1376,P2021,L106,SH13,1,30871.01,0.13,11497.68
O9135,2025-05-03,C1419,P2075,L110,SH8,1,2003.05,0.13,547.78
O11823,2025-02-06,C1293,P2089,L102,SH1,3,11261.93,0.17,
O10232,2025-04-13,C1203,P2083,L114,SH10,1,3047.67,0.09,1358.25
O9239,2025-01-24,C1275,P2098,L106,SH1,4,8741.75,0.16,3101.58
O7396,2024-12-04,C1206,P2021,L105,SH10,4,108997.96,0.13,
O10230,2025-07-31,C1287,P2087,L114,SH22,3,7011.02,0.15,2922.12
O6071,2024-03-08,C1313,P2081,L114,SH1,3,2370.75,0.09,619.14
O5585,2024-05-19,C1006,P2001,L117,SH1,6,108642.22,0.09,31923.39
O9722,2025-12-16,C1387,P2031,L113,SH10,6,99623.26,0.09,26921.15
O6630,2025-01-18,C1449,P2025,L113,SH7,2,₹17058.27,0.23,5962.3
O11916,2025-07-26,C1003,P2062,L101,SH19,4,36510.61,0.17,5110.15
O6283,2025-07-27,C1215,P2071,L109,SH11,6,₹24330.19,0.17,10437.23
O8947,2024-02-04,C1024,P2074,L109,SH10,6,22671.65,0.07,7357.41
O11457,2024-01-09,C1301,P2069,L116,SH19,3,₹7769.57,0.08,3281.44
O11784,2024-09-13,C1482,P2041,L117,SH19,1,7160.81,0.06,1063.32
O9791,2024-03-14,C1242,P2041,L107,SH22,4,65247.83,0.06,8739.27
O6116,2024-02-02,C1088,P2014,L106,SH4,2,₹73146.25,0.2,23456.01
O10158,2024-09-04,C1012,P2032,L109,SH3,6,₹239226.1,0.2,69868.1
O8714,2024-03-25,C1253,P2082,L104,SH22,6,26084.43,0.05,8236.17
O7834,2024-10-23,C1277,P2026,L107,SH2,3,40886.95,0.21,11798.49
O11736,2025-03-10,C1413,P2038,L103,SH4,1,5075.57,0.14,368.26
O9288,2024-09-21,C1440,P2058,L109,SH25,4,49175.36,0.22,5520.24
O5055,2025-07-23,C1379,P2048,L105,SH19,3,5808.97,0.14,848.67
O10923,15/11/2024,C1024,P2006,L102,SH24,5,91465.58,0.06,23796.95
O9433,2025-02-13,C1092,P2089,L108,SH4,4,₹11045.89,0.08,4354.01
O6806,2025-07-12,C1110,P2059,L109,SH19,5,49784.38,0.13,6324.93
O5929,2024-11-23,C1434,P2077,L114,SH1,3,6687.5,0.1,2840.19
O11931,2025-09-25,C1127,P2084,L101,SH4,6,26236.81,0.05,10427.33
O10374,2024-10-16,C1478,P2094,L107,SH8,2,5846.69,0.11,2125.74
O6963,2024-11-20,C1487,P2004,L105,SH1,4,83250.28,0.05,31139.78
O7065,2024-03-08,C1308,P2004,L114,SH9,-6,176050.32,0.07,60014.65
O8656,22/04/2024,C1168,P2050,L111,SH16,2,7072.38,0.17,852.19
O11718,2025-01-30,C1334,P2001,L103,SH5,2,9599.59,0.17,3582.17
O10273,2024-03-30,C1020,P2032,L106,SH7,5,66322.09,0.13,14002.05
O10576,2024-02-05,C1014,P2010,L102,SH13,3,66854.73,0.13,20311.17
O9470,2025-12-03,C1290,P2061,L106,SH25,6,92423.76,0.2,10758.55
O10766,2024-10-19,C1050,P2028,L101,SH2,3,145607.17,0.1,47282.19
O11517,2024-06-17,C1426,P2098,L116,SH13,three,2121.95,0.05,907.46
O9923,2024-02-22,C1016,P2065,L114,SH1,3,18266.59,0.23,1226.62
O5091,2024-10-29,C1071,P2020,L103,SH19,6,204444.9,0.27,45024.52
O7502,2025-05-26,C1044,P2021,L117,SH1,5,₹170976.33,0.09,54385.17
O6542,2024-06-02,C1189,P2006,L110,SH25,2,85484.82,0.15,17533.54
O7363,2025-11-09,C1488,P2078,L108,SH19,5,20292.54,0.05,6831.08
O6985,2024-10-18,C1142,P2026,L115,SH1,1,9500.14,0.07,2144.25
O8840,2025-07-10,C1392,P2049,L115,SH10,4,21694.5,0.11,1350.99
O7163,2024-10-07,C1076,P2043,L117,SH22,5,49811.67,0.27,6976.76
O6866,2025-02-21,C1049,P2052,L113,SH13,2,₹16244.12,0.19,1668.22
O11648,2025-09-16,C1382,P2093,L110,SH10,3,1602.36,0.17,490.79
O6932,2024-01-21,C1195,P2062,L106,SH10,4,50351.09,0.16,7497.26
O7948,2024-03-24,C1435,P2069,L104,SH10,5,13002.29,0.15,4836.21
O10015,2024-04-18,C1025,P2064,L112,SH19,5,42622.81,0.23,5422.93
O7024,2024-02-13,C1239,P2058,L106,SH19,2,12938.45,0.29,1845.63
O11564,2025-03-31,C1196,P2022,L101,SH15,2,21940.23,0.12,6412.09
O9117,2025-07-12,C1119,P2026,L112,SH13,2,25202.06,0.09,7578.19
O7416,2024-11-29,C1442,P2074,L102,SH22,6,5571.72,0.12,1493.48
O9388,2025-11-27,C1311,P2012,L104,SH19,5,45152.76,0.22,13087.19
O10056,2025-06-10,C1205,P2009,L113,SH16,3,9724.54,0.13,3126.19
O10904,2024-02-04,C1112,P2080,L112,SH4,3,11818.04,0.0,4705.38
O5740,2024-10-02,C1122,P2092,L117,SH10,1,2221.16,0.03,797.91
O6525,2024-01-29,C1415,P2097,L107,SH10,4,7400.97,0.06,3077.68
O6080,2024-08-31,C1348,P2019,L102,SH8,4,98488.13,0.14,36148.59
O11420,2024-10-15,C1222,P2094,L110,SH14,6,14944.06,0.21,3915.29
O8111,2024-03-07,C1073,P2005,L112,SH2,1,23615.19,0.06,4852.06
O5066,2025-11-14,C1304,P2063,L117,SH26,1,7272.1,0.12,580.65
O9602,2025-12-29,C1221,P2095,L116,SH10,1,1330.41,0.18,437.14
O8850,2025-02-15,C1309,P2083,L108,SH7,3,11146.73,0.01,4325.14
O6241,2024-07-04,C1163,P2097,L113,SH19,5,8945.08,0.1,3562.46
O5434,2024-06-27,C1238,P2007,L104,SH13,6,257743.18,0.11,
O8393,2025-05-31,C1204,P2092,L115,SH19,5,16208.92,0.1,4260.4
O10296,2024-03-08,C1388,P2068,L110,SH1,2,6777.95,0.03,2906.34
O8423,2024-04-26,C1186,P2079,L112,SH13,6,19283.2,0.06,5078.01
O10156,2024-09-27,C1070,P2032,L103,SH13,1,45760.04,0.1,15460.85
O8866,2025-02-05,C1455,P2075,L102,SH22,1,2413.87,0.15,1061.02
O10934,2024-04-22,C1006,P2088,L113,SH22,5,18991.03,0.0,4941.2
O8249,2025-08-17,C1195,P2084,L109,SH22,5,19937.54,0.14,7608.84
O11172,2024-09-26,C1294,P2039,L114,SH4,5,7893.54,0.1,522.04
O7611,2025-06-16,C1030,P2012,L116,SH22,2,65482.75,0.1,
O9225,2024-04-22,C1316,P2092,L116,SH10,3,₹5334.07,0.08,1863.95
O5827,2025-07-15,C1304,P2086,L117,SH1,3,6536.64,0.11,2031.69
O10207,2025-01-04,C1111,P2064,L103,SH7,1,19925.85,0.12,2049.9
O6235,2024-11-19,C1084,P2054,L105,SH7,5,99269.06,0.2,9830.26
O9784,2024-07-19,C1268,P2069,L105,SH25,2,6460.16,,2896.92
O10630,2024-08-03,C1422,P2069,L106,SH12,5,2170.56,0.12,616.44
O8708,2024-12-24,C1193,P2047,L114,SH13,4,67009.53,0.14,6448.81
O8616,2025-01-02,C1318,P2044,L110,SH1,3,₹12293.31,0.21,983.49
O6578,2025-06-27,C1327,P2045,L116,SH10,2,27050.71,0.19,2061.42
O6011,2024-03-02,C1217,P2065,L104,SH19,3,45084.26,0.29,3759.04
O8702,2024-10-26,C1450,P2098,L117,SH19,4,3594.66,0.14,990.88
O9315,2024-05-01,C1237,P2078,L105,SH4,3,11485.77,0.14,3150.4
O8143,2024-11-28,C1017,P2095,L113,SH10,5,6944.79,0.13,1953.26
O9939,2025-03-30,C1266,P2012,L116,SH22,5,177942.19,0.22,46348.7
O11842,2024-04-15,C1092,P2074,L117,SH25,2,6711.99,0.03,2008.43
O11943,2024-01-30,C1351,P2027,L103,SH4,2,₹81582.36,,22361.21
O11326,2024-04-21,C1397,P2026,L106,SH10,5,97625.2,,27273.3
O11987,2024-10-12,C1012,P2089,L102,SH22,2,2076.35,0.18,724.11
O9532,2024-11-15,C1418,P2058,L101,SH1,6,81908.07,0.24,10728.27
O11031,2025-08-06,C1007,P2004,L103,SH27,6,26244.17,0.11,9314.55
O10961,2024-06-04,C1272,P2014,L108,SH1,2,40470.6,0.13,9375.88
O10793,2024-04-05,C1450,P2045,L106,SH22,3,8295.58,0.14,1188.77
O8718,2025-05-27,C1164,P2037,L117,SH1,5,70481.84,0.22,6500.83
O9634,2024-11-16,C1457,P2082,L108,SH22,2,₹6776.19,0.08,2742.82
O7535,2024-05-19,C1013,P2077,L110,SH10,2,3370.75,0.05,1497.47
O7923,2024-04-24,C1437,P2094,L110,SH1,3,10413.25,0.18,4361.29
O5094,2025-01-08,C1225,P2006,L114,SH13,5,165815.83,0.12,41040.42
O6288,2024-06-12,C1106,P2024,L101,SH1,5,144434.44,0.1,45991.18
O5578,2025-02-10,C1281,P2007,L101,SH4,3,75309.35,0.15,30063.7
O8903,2024-08-31,C1276,P2078,L108,SH4,6,9122.86,0.04,3143.08
O11884,2025-02-12,C1123,P2003,L102,SH1,1,13719.07,0.04,2919.62
O7821,2025-10-06,C1079,P2087,L116,SH1,2,2164.71,0.0,760.15
O8468,2025-10-19,C1287,P2048,L110,SH1,2,7046.27,0.26,943.83
O9866,2025-06-14,C1325,P2061,L107,SH1,4,19982.73,0.1,1623.5
O10886,2024-05-17,C1446,P2061,L104,SH1,4,21012.54,0.02,1703.83
O11393,06/05/2025,C1302,P2083,L116,SH4,3,14643.29,0.0,3905.63
O11928,2024-10-29,C1209,P2082,L103,SH1,6,26121.77,0.12,8089.24
O10911,2024-05-06,C1399,P2098,L117,SH22,4,8920.77,0.05,2519.02
O5864,2025-11-06,C1101,P2014,L102,SH4,3,78222.07,0.1,16571.58
O6774,2025-03-13,C1005,P2029,L111,SH25,6,47566.36,0.17,17652.59
O7322,2025-02-21,C1424,P2001,L112,SH7,-6,267374.16,0.09,59774.45
O11868,2024-12-25,C1348,P2082,L108,SH4,6,25983.18,0.0,6991.13
O9112,2024-07-11,C1287,P2074,L104,SH21,4,7303.54,0.18,
O11474,2024-07-28,C1051,P2037,L106,SH16,5,72238.1,0.19,4501.16
O10142,2024-05-23,C1380,P2005,L115,SH10,1,35185.43,0.07,7101.47
O9769,2025-09-26,C1267,P2042,L117,SH4,4,25488.16,0.23,2425.02
O9671,2024-12-11,C1346,P2023,L106,SH1,2,₹83347.93,0.0,20135.15
O11346,2024-02-21,C1492,P2078,L116,SH4,3,₹12368.91,0.15,5236.08
O6202,2025-11-26,C1164,P2099,L112,SH19,5,23480.28,0.0,6463.22
O8855,2024-03-30,C1266,P2025,L101,SH19,4,112348.97,0.07,32499.19
O10427,2024-06-26,C1450,P2065,L115,SH10,2,12191.7,0.12,1530.78
O6243,2024-05-26,C1080,P2085,L105,SH7,6,10669.57,0.17,4236.72
O7073,2024-07-28,C1278,P2071,L111,SH8,1,3541.72,0.13,1297.51
O11076,2024-02-21,C1123,P2084,L107,SH5,3,2193.73,0.18,757.02
O7307,2024-11-01,C1400,P2025,L111,SH19,6,70727.32,0.17,26350.65
O11507,2025-01-06,C1063,P2035,L113,SH7,2,1490.61,0.2,200.83
O5377,2025-01-31,C1117,P2071,L102,SH19,6,23488.7,0.06,7838.8
O6761,2024-06-04,C1397,P2094,L114,SH22,2,6895.47,0.22,2537.27
O7058,2024-07-12,C1441,P2062,L107,SH1,1,₹13833.14,0.18,1425.43
O9825,2025-01-04,C1188,P2073,L107,SH1,3,10750.06,0.11,3601.58
O11353,2025-09-26,C1470,P2035,L111,SH19,6,6149.23,0.21,630.5
O11488,2024-06-20,C1177,P2017,L115,SH25,1,41148.26,0.15,8965.64
O6118,2025-06-14,C1233,P2008,L112,SH10,4,6356.7,0.24,1686.78
O9180,2025-05-03,C1426,P2035,L107,SH22,1,11226.65,0.25,1184.38
O9195,2024-02-24,C1212,P2077,L108,SH16,6,16008.85,0.15,4272.85
O9653,2025-03-02,C1271,P2081,L117,SH11,5,18741.88,0.19,7328.26
O11729,2024-08-18,C1304,P2003,L108,SH19,3,62292.83,0.09,18204.06
O9286,2024-05-08,C1140,P2041,L116,SH13,6,119458.36,0.16,8806.7
O5483,2024-01-26,C1132,P2070,L110,SH13,5,19287.01,0.16,7992.96
O6545,2025-08-01,C1490,P2010,L108,SH22,6,160384.85,0.06,50503.24
O9504,2024-10-20,C1079,P2036,L117,SH1,4,70703.55,0.11,7287.17
O5023,2025-08-08,C1055,P2031,L113,SH24,3,62112.94,0.0,16098.09
O10814,2025-12-31,C1262,P2002,L101,SH24,6,87530.93,0.07,33963.24
O11389,2025-12-03,C1209,P2052,L115,SH1,6,40431.96,0.32,2460.68
O5350,2025-12-15,C1122,P2076,L111,SH19,6,11195.2,0.09,4123.33
O7877,2024-04-12,C1326,P2069,L117,SH1,1,3905.08,0.1,1611.41
O11453,16/04/2025,C1341,P2011,L114,SH4,3,51528.58,0.2,10512.73
O9704,2025-11-11,C1454,P2074,L107,SH10,-6,13964.12,0.09,4489.2
O10744,2024-06-25,C1172,P2028,L103,SH10,3,66582.89,0.14,15951.74
O8266,2024-01-01,C1313,P2049,L115,SH7,4,₹11813.34,,1510.68
O9889,2024-06-16,C1350,P2060,L107,SH19,5,6262.5,0.12,458.02
O6966,2025-07-16,C1201,P2021,L110,SH21,6,92244.02,0.06,21953.08
O11434,2024-08-04,C1495,P2045,L117,SH19,5,23327.2,0.1,2161.52
O5548,2025-12-11,C1449,P2069,L109,SH10,2,₹4142.45,0.15,1348.02
O11477,2024-08-05,C1254,P2064,L114,SH1,1,17583.95,0.19,2291.55
O7866,2024-12-29,C1282,P2091,L101,SH13,5,14575.24,0.01,4115.58
O8205,2024-10-11,C1150,P2024,L102,SH10,3,125336.33,0.14,45342.97
O5357,2024-06-27,C1492,P2063,L111,SH19,3,46755.09,0.13,5170.08
O7029,2025-11-03,C1480,P2051,L117,SH10,6,102730.1,0.17,8189.28
O5815,2025-09-27,C1404,P2088,L103,SH1,-5,20701.32,0.07,8221.57
O9085,21/12/2025,C1267,P2003,L107,SH22,1,39589.12,0.07,15624.97
O5666,2025-02-26,C1392,P2002,L109,SH7,2,21182.51,0.21,7080.63
O9807,2024-08-11,C1483,P2095,L117,SH12,4,13833.77,0.15,4995.58
O8114,2025-06-26,C1163,P2040,L108,SH14,3,₹2703.82,0.24,207.42
O11608,23/05/2025,C1094,P2045,L113,SH13,5,61119.18,0.25,4522.0
O5392,2025-02-17,C1160,P2091,L117,SH22,1,972.79,0.05,408.82
O7154,2025-12-05,C1145,P2099,L111,SH10,4,7487.09,0.0,2230.03
O10823,2024-03-17,C1001,P2061,L116,SH7,5,59329.74,0.26,7221.33
O7330,2025-03-20,C1004,P2086,L117,SH13,1,2592.68,0.18,1118.66
O8346,2024-01-11,C1217,P2004,L115,SH4,4,56920.46,0.18,21216.45
O9968,04/10/2025,C1023,P2040,L101,SH19,6,65314.29,0.13,8219.25
O9090,2025-11-19,C1054,P2012,L105,SH4,1,8119.49,0.03,1942.38
O6397,2024-08-09,C1263,P2098,L105,SH1,1,2983.58,0.32,814.39
O8886,15/05/2024,C1471,P2024,L110,SH22,3,95830.44,0.12,31553.88
O7596,2024-03-20,C1093,P2047,L115,SH1,6,75223.84,0.14,10584.84
O9723,2025-10-15,C1258,P2092,L103,SH4,3,8969.8,0.0,3388.49
O5772,2025-12-06,C1116,P2001,L113,SH25,5,183310.09,0.19,54335.54
O9119,2024-09-16,C1246,P2040,L111,SH22,6,49464.54,0.17,3936.91
O11152,2024-05-15,C1165,P2059,L111,SH4,4,35912.73,0.08,5365.45
O8388,2025-07-15,C1067,P2013,L106,SH25,6,177315.61,0.1,68605.55
O11408,2024-12-22,C1132,P2028,L115,SH22,4,127924.48,0.08,50816.97
O10921,2024-12-17,C1421,P2015,L103,SH10,1,26967.72,0.24,8789.79
O11022,2025-12-19,C1060,P2021,L110,SH13,3,104408.91,0.22,27391.76
O8408,2024-01-18,C1271,P2053,L114,SH10,4,42252.54,0.2,3422.64
O9758,2024-11-19,C1465,P2056,L106,SH22,5,98076.24,0.08,11838.14
O10729,2024-08-19,C1132,P2004,L116,SH27,1,5140.86,0.21,1167.04
O9684,2024-08-14,C1326,P2074,L102,SH19,4,₹11683.48,0.08,4354.69
O6302,2024-01-22,C1052,P2049,L113,SH19,1,2874.17,0.17,175.96
O8442,2025-02-24,C1282,P2066,L115,SH1,1,4846.62,0.16,300.77
O8341,07/05/2024,C1116,P2066,L103,SH4,6,63447.59,0.26,7407.88
O7917,2025-12-30,C1178,P2072,L111,SH1,2,6870.76,0.02,2479.17
O6975,2025-05-15,C1313,P2031,L108,SH13,5,129709.42,0.18,49044.61
O10307,2024-07-31,C1178,P2008,L104,SH4,6,275410.06,0.06,100827.98
O7451,2024-01-18,C1147,P2049,L105,SH23,3,50706.7,0.2,5741.32
O5557,2025-05-19,C1191,P2080,L111,SH22,3,12506.55,0.08,5330.26
O9637,2024-11-29,C1471,P2018,L114,SH22,4,₹82620.0,0.05,27053.32
O6443,2024-06-23,C1499,P2034,L103,SH22,3,40333.9,0.22,5516.79
O11054,2025-10-21,C1357,P2058,L109,SH6,5,3880.67,0.37,449.44
O11848,2025-03-03,C1109,P2092,L117,SH4,6,4184.35,0.1,1574.87
O9284,2024-04-12,C1414,P2050,L115,SH16,5,30252.08,0.24,4041.0
O5301,2024-05-23,C1180,P2055,L111,SH1,5,24127.33,0.29,2847.41
O8091,2024-08-06,C1409,P2099,L105,SH4,1,3943.73,0.11,1746.29
O8693,2024-03-09,C1172,P2072,L102,SH13,4,11733.11,0.17,4199.11
O11399,2024-06-01,C1271,P2009,L114,SH25,6,169466.25,0.13,36008.54
O7207,2025-08-13,C1130,P2089,L105,SH7,6,5990.62,0.2,2265.44
O9505,2025-02-20,C1369,P2086,L112,SH10,4,3445.66,0.09,1472.74
O11075,2024-09-02,C1299,P2020,L103,SH22,1,17533.96,0.06,3864.41
O5100,2024-12-23,C1485,P2029,L115,SH10,5,256401.24,0.0,72556.26
O10739,2024-09-30,C1288,P2052,L116,SH8,3,21062.46,,1503.94
O7275,2024-10-24,C1485,P2097,L112,SH13,three,8068.14,0.08,2085.32
O5664,2025-05-29,C1353,P2062,L105,SH22,3,48510.52,0.24,4957.23
O6959,2025-08-05,C1349,P2078,L103,SH13,3,4339.47,0.1,1813.66
O11891,2024-07-14,C1008,P2004,L104,SH19,2,15499.4,0.08,4731.74
O11452,2025-11-23,C1189,P2046,L105,SH1,6,19869.46,0.19,1448.97
O8828,2024-08-15,C1268,P2016,L114,SH26,5,101998.03,0.14,20583.97
O5132,2025-04-23,C1185,P2071,L112,SH19,1,4096.84,0.0,1476.21
O8056,14/04/2025,C1388,P2013,L105,SH15,1,36130.12,0.03,8550.36
O9427,2024-06-02,C1464,P2020,L106,SH1,6,299938.93,0.0,92442.4
O7679,2024-09-15,C1340,P2020,L102,SH10,6,31471.82,0.16,
O8380,2024-06-12,C1292,P2001,L114,SH22,4,7161.43,0.2,1489.59
O10075,2024-01-11,C1323,P2032,L106,SH14,2,96328.36,0.12,25298.42
O7028,29/04/2024,C1364,P2043,L116,SH16,5,36442.53,0.16,4930.03
O8928,2025-11-18,C1441,P2072,L102,SH16,2,3650.08,0.16,1148.37
O7901,2025-01-01,C1331,P2027,L101,SH13,5,105573.68,0.05,23164.79
O5241,2024-04-15,C1285,P2066,L114,SH1,5,6029.26,0.16,553.8
O6372,2025-07-09,C1284,P2077,L106,SH25,6,13131.47,0.09,4031.43
O9613,2024-01-10,C1211,P2055,L101,SH1,1,5365.07,0.16,
O6859,2025-08-06,C1182,P2009,L109,SH1,6,85401.08,0.05,32393.12
O10758,2024-08-29,C1325,P2024,L104,SH22,4,191334.84,0.13,41987.03
O9229,2024-08-31,C1457,P2092,L114,SH8,three,6078.94,0.18,1530.99
O6219,15/05/2025,C1060,P2011,L104,SH4,three,33666.48,0.06,12850.35
O10818,2024-12-05,C1301,P2060,L105,SH17,2,3521.24,0.25,418.07
O9549,2025-01-09,C1037,P2041,L113,SH16,4,52758.82,0.15,6299.64
O10871,2024-06-16,C1245,P2083,L114,SH22,4,9789.91,0.22,2975.51
O10620,2025-12-14,C1115,P2018,L117,SH16,2,2762.98,0.11,1071.5
O7988,2025-01-15,C1111,P2021,L109,SH22,6,293080.23,0.11,72695.51
O5618,2024-04-09,C1040,P2028,L117,SH10,2,₹11479.8,0.17,2826.37
O8712,2024-09-21,C1066,P2012,L103,SH7,4,56444.04,0.03,18330.39
O9808,2024-09-18,C1242,P2093,L116,SH16,4,1459.75,0.15,370.19
O10730,2025-01-28,C1418,P2092,L114,SH11,3,6750.8,0.07,2235.79
O8165,2024-12-16,C1290,P2027,L115,SH25,2,59828.78,0.14,21500.43
O10474,2024-03-11,C1454,P2053,L103,SH10,2,22778.25,0.16,2387.99
O9418,2024-11-18,C1392,P2018,L113,SH13,6,62446.12,0.13,18216.79
O8299,2025-08-27,C1428,P2075,L103,SH4,4,5090.83,0.03,1765.78
O11421,2024-12-02,C1413,P2070,L103,SH19,3,2223.48,0.13,894.1
O7413,2024-01-25,C1284,P2060,L112,SH10,5,58853.31,0.14,7593.5
O10907,2024-08-17,C1248,P2067,L111,SH19,2,4345.54,0.12,1848.96
O8113,2025-05-07,C1273,P2083,L108,SH4,4,13275.13,0.04,3481.27
O6216,2024-09-07,C1223,P2020,L113,SH16,3,9955.85,0.0,2470.75
O6289,2024-09-22,C1234,P2065,L117,SH22,3,18320.68,0.25,1462.55
O7457,2025-05-05,C1064,P2047,L106,SH1,2,10472.26,0.18,1094.74
O5263,2025-06-12,C1477,P2095,L108,SH25,4,4088.45,0.15,1153.05
O11985,2024-08-30,C1135,P2079,L101,SH10,4,3617.27,0.11,
O10325,2024-07-07,C1327,P2028,L108,SH13,6,199473.0,0.16,72609.98
O11494,2024-02-07,C1074,P2063,L106,SH1,6,75408.84,0.22,
O5152,2024-03-16,C1100,P2047,L110,SH19,3,22836.69,0.25,2295.82
O9209,2025-03-29,C1384,P2008,L114,SH17,5,211995.25,0.19,76802.69
O7899,2024-01-01,C1469,P2002,L102,SH22,4,40725.11,0.21,13680.84
O7693,2025-02-06,C1286,P2048,L114,SH1,4,40610.32,0.15,5189.3
O9095,2024-03-28,C1273,P2086,L111,SH4,5,6087.9,0.12,2643.81
O9649,2025-01-04,C1076,P2070,L114,SH22,2,7984.16,0.13,3343.11
O11193,2024-01-31,C1410,P2046,L111,SH7,1,2385.27,,188.09
O6815,2024-06-04,C1440,P2080,L108,SH10,2,5313.51,0.08,2343.4
O7784,2024-10-09,C1125,P2091,L109,SH22,3,8997.19,0.02,2762.3
O6446,08/04/2025,C1052,P2039,L111,SH25,3,28896.76,0.24,2646.08
O7635,2024-12-02,C1352,P2003,L105,SH13,6,227414.66,0.15,77510.18
O5625,2025-09-02,C1372,P2005,L110,SH10,1,2087.52,0.12,473.9
O8786,2024-07-11,C1318,P2098,L111,SH4,1,₹693.31,0.09,273.38
O5175,2024-06-29,C1468,P2023,L114,SH10,4,203800.84,0.01,42241.39
O11800,2025-12-14,C1138,P2009,L112,SH19,1,4407.72,0.14,1391.46
O9783,2024-05-10,C1498,P2037,L112,SH13,5,45200.47,0.17,5833.21
O11711,2024-06-01,C1315,P2022,L102,SH10,1,15866.91,0.09,5694.4
O11506,2024-04-04,C1250,P2047,L102,SH4,6,93207.72,0.14,9204.0
O10127,2025-09-21,C1275,P2011,L108,SH4,1,20736.98,0.2,6784.56
O6173,2024-07-12,C1499,P2011,L117,SH10,3,₹137844.04,0.05,32140.37
O10822,26/12/2025,C1036,P2002,L110,SH4,3,96433.69,0.11,27726.68
O9544,2024-09-04,C1262,P2004,L104,SH7,4,₹142726.54,0.11,42947.97
O10344,2025-03-17,C1312,P2040,L108,SH22,5,₹78017.13,0.33,10435.75
O6532,02/01/2025,C1005,P2060,L102,SH1,4,37263.09,,5067.38
O11176,2024-06-06,C1222,P2083,L109,SH13,2,2235.96,0.2,
O11335,2024-03-01,C1473,P2041,L106,SH16,3,17465.93,0.18,1157.6
O7642,2024-04-12,C1145,P2006,L116,SH7,4,152736.1,0.1,52058.1
O7327,2025-08-08,C1414,P2068,L111,SH1,3,5848.56,0.0,2542.75
O11401,2025-09-10,C1204,P2016,L113,SH10,1,3712.92,0.16,1064.47
O8136,2025-08-05,C1461,P2024,L114,SH13,-2,82752.28,0.06,16780.74
O10938,2025-01-08,C1093,P2071,L104,SH13,3,1758.74,0.1,573.71
O5176,2024-02-08,C1096,P2096,L110,SH1,3,₹1274.77,0.04,463.5
O7193,2024-04-26,C1307,P2013,L112,SH16,3,14829.56,0.25,3749.5
O8858,2024-11-19,C1320,P2077,L102,SH7,4,3653.3,0.2,1547.72
O11020,2025-02-14,C1305,P2092,L104,SH4,1,3404.71,0.18,1228.31
O5093,2024-07-04,C1193,P2020,L106,SH4,6,239999.73,0.13,85012.6
O11666,2025-11-21,C1273,P2002,L101,SH16,2,58121.07,0.12,21188.83
O5783,12/04/2025,C1026,P2040,L104,SH4,1,13408.83,0.14,1812.63
O8759,2025-08-26,C1329,P2003,L105,SH22,2,22311.57,0.07,5013.37
O10597,2025-03-03,C1348,P2002,L107,SH25,4,₹8773.35,0.0,2523.05
O8592,2025-06-20,C1285,P2006,L115,SH19,1,14354.13,0.0,3237.22
O10813,2025-10-09,C1204,P2057,L104,SH1,6,81655.38,0.23,9828.22
O6440,2024-07-08,C1376,P2001,L104,SH14,6,158602.28,0.07,53939.72
O9211,2024-08-05,C1010,P2036,L111,SH4,6,81871.27,0.27,9862.88
O5697,28/06/2024,C1292,P2079,L101,SH19,4,5169.89,0.0,2154.63
O7315,2024-05-30,C1297,P2050,L108,SH7,5,37376.89,0.15,2588.91
O8551,2024-10-05,C1100,P2029,L108,SH19,4,209741.01,0.02,50985.7
O8327,24/09/2025,C1200,P2096,L103,SH19,3,8005.95,0.12,3169.07
O10712,2025-04-17,C1376,P2047,L117,SH20,6,87100.76,0.31,10731.0
O5143,2024-06-10,C1233,P2010,L102,SH4,3,72804.98,0.03,21612.18
O6375,2025-10-10,C1384,P2097,L104,SH1,6,₹13484.67,0.08,4938.72
O7890,2025-04-14,C1237,P2032,L110,SH4,4,103015.74,0.12,33581.35
O5765,2024-10-10,C1132,P2021,L103,SH16,1,₹35321.64,0.18,9768.55
O7289,2025-02-28,C1301,P2014,L111,SH25,5,29971.13,0.2,6760.93
O5205,2025-12-14,C1196,P2068,L111,SH13,2,4630.19,0.0,1295.73
O9868,2025-06-24,C1139,P2091,L116,SH4,3,8408.32,0.1,3539.93
O8971,2024-12-23,C1396,P2041,L103,SH24,5,25884.78,0.12,3002.12
O9695,2024-11-24,C1004,P2026,L112,SH10,4,146668.45,0.16,37723.03
O8675,2024-03-20,C1423,P2084,L101,SH13,1,772.36,0.14,244.34
O5703,2024-10-05,C1440,P2041,L102,SH4,3,25633.08,0.21,2684.68
O6137,2025-10-12,C1111,P2057,L102,SH22,6,100557.84,0.18,11834.76
O8583,22/02/2025,C1496,P2082,L114,SH10,1,2572.88,0.11,673.58
O9802,2025-02-17,C1429,P2061,L117,SH1,1,1784.35,0.15,221.17
O5727,2024-03-12,C1091,P2040,L113,SH19,4,55611.45,0.09,6767.68
O10275,15/11/2025,C1411,P2066,L109,SH19,5,6002.11,0.09,551.16
O10780,2025-05-24,C1010,P2012,L115,SH13,2,₹11631.23,0.0,4590.06
O8534,2025-02-26,C1343,P2074,L101,SH25,2,7057.68,0.12,2319.57
O10133,06/07/2025,C1465,P2073,L104,SH10,6,₹17397.09,0.13,5178.86
O7676,2024-06-25,C1466,P2075,L116,SH13,1,3892.19,0.05,1187.98
O5920,2025-12-08,C1431,P2095,L102,SH16,5,22177.46,0.04,8523.23
O7431,2025-11-22,C1067,P2020,L101,SH12,4,167088.28,,36711.18
O7006,2024-12-01,C1106,P2064,L113,SH1,4,35642.4,0.25,3392.01
O6144,2025-04-14,C1007,P2050,L107,SH13,-6,₹28671.21,0.22,3418.08
O10764,2024-09-22,C1126,P2029,L103,SH21,3,100510.05,0.19,27528.58
O8742,19/02/2025,C1015,P2097,L104,SH22,1,3805.63,0.08,1276.52
O9604,2024-02-08,C1227,P2062,L113,SH10,1,3111.04,0.17,287.0
O7150,2025-12-12,C1202,P2044,L106,SH19,3,31207.87,0.15,3143.44
O10869,2024-02-21,C1126,P2037,L111,SH25,3,19135.96,0.26,1431.62
O9088,2024-08-30,C1486,P2086,L114,SH22,3,12627.16,0.07,4345.95
O5346,25/11/2024,C1177,P2073,L117,SH10,5,9402.18,0.14,2688.68
O6050,2024-01-17,C1236,P2077,L111,SH4,5,20029.51,0.13,5543.07
O10649,2025-09-23,C1238,P2097,L106,SH1,6,12809.99,0.23,3263.93
O11298,2025-12-20,C1256,P2093,L101,SH19,3,3873.49,0.06,1374.34
O9174,2024-12-09,C1408,P2012,L109,SH1,2,42555.63,0.16,13570.3
O10095,2025-07-13,C1394,P2010,L108,SH19,3,143652.83,0.07,52055.95
O6350,2025-10-01,C1226,P2047,L117,SH19,4,₹74379.2,0.22,6964.23
O8293,2025-08-08,C1052,P2068,L114,SH19,6,10668.75,0.08,3692.01
O11872,2024-08-30,C1457,P2041,L112,SH1,1,₹1805.09,0.05,174.2
O9020,2024-12-17,C1224,P2066,L117,SH22,4,33407.02,0.25,4191.72
O8227,2025-12-18,C1012,P2052,L116,SH22,2,32723.4,0.18,4628.03
O6723,2025-08-31,C1133,P2073,L109,SH19,3,1422.35,0.16,395.42
O8105,2024-05-05,C1259,P2075,L114,SH16,3,4942.78,0.12,1479.65
O6180,2024-09-22,C1094,P2098,L107,SH11,6,24214.06,0.18,10274.58
O5614,2025-06-22,C1429,P2050,L116,SH8,3,39591.21,,4478.84
O10297,2024-10-31,C1453,P2037,L117,SH1,4,17891.35,0.17,
O6978,30/04/2025,C1074,P2047,L102,SH10,3,16444.71,0.19,1923.64
O7534,2025-01-16,C1297,P2034,L111,SH7,1,12093.12,0.21,1138.07
O5146,2024-04-09,C1231,P2032,L105,SH22,4,14305.1,0.15,5565.79
O6206,2025-10-08,C1141,P2091,L116,SH22,4,15836.98,0.06,5527.19
O6690,2025-03-23,C1294,P2061,L107,SH7,3,18326.61,0.18,2235.8
O8365,2024-02-17,C1445,P2044,L105,SH1,5,16223.39,0.21,1975.05
O6621,2024-12-04,C1409,P2067,L113,SH25,3,8869.73,0.03,3731.32
O6203,2025-02-08,C1303,P2029,L104,SH10,2,3146.71,0.21,1165.77
O8400,2025-03-03,C1031,P2074,L105,SH4,1,643.62,0.18,212.49
O7755,2025-01-05,C1405,P2061,L102,SH4,6,50013.96,0.02,5560.6
O10912,2024-02-17,C1218,P2044,L114,SH13,3,₹57589.19,0.18,5916.27
O11492,2025-09-03,C1016,P2073,L103,SH10,4,₹6308.91,0.14,1671.55
O9743,2025-11-15,C1342,P2094,L105,SH25,5,17056.65,0.07,6924.7
O6316,2024-11-22,C1393,P2050,L112,SH13,5,58057.08,0.09,5998.22
O10757,2025-11-04,C1114,P2044,L117,SH25,1,8893.21,0.21,1175.51
O11935,16/04/2025,C1019,P2060,L101,SH22,1,13350.8,0.01,1683.65
O8942,2025-04-15,C1182,P2025,L115,SH4,2,81997.73,0.06,30801.26
O6146,2024-09-14,C1053,P2092,L106,SH19,6,22229.41,0.23,8224.29
O5657,2024-07-30,C1169,P2058,L105,SH19,2,27207.33,0.18,3055.19
O10222,2024-01-06,C1175,P2088,L111,SH7,3,8658.55,,3160.44
O9253,2024-04-20,C1304,P2021,L114,SH25,2,38017.15,0.11,11766.35
O9271,2024-11-06,C1314,P2042,L110,SH4,3,19026.38,0.22,1166.95
O10896,2025-12-03,C1081,P2079,L101,SH25,2,1536.03,0.01,669.43
O5518,2025-01-05,C1077,P2024,L106,SH19,2,61348.71,0.09,22293.57
O8787,2025-08-12,C1073,P2031,L112,SH4,4,11879.78,0.03,
O8229,2025-06-08,C1144,P2011,L101,SH14,3,60881.8,0.21,20054.99
O10779,2024-06-13,C1326,P2061,L102,SH7,5,102163.77,0.1,13333.21
O10485,2024-07-25,C1413,P2090,L109,SH2,1,1720.19,0.16,684.32
O7081,2025-12-04,C1138,P2017,L104,SH19,5,109858.01,0.09,22849.09
O7789,2025-12-08,C1229,P2017,L102,SH1,4,40077.55,0.07,14912.22
O10486,2025-01-25,C1462,P2007,L105,SH10,2,58628.66,0.16,18458.63
O6154,2024-12-16,C1118,P2094,L111,SH19,2,₹3028.69,0.0,1083.85
O5953,2025-05-25,C1214,P2010,L108,SH1,3,99566.56,0.12,37583.74
O9307,2025-01-28,C1317,P2089,L106,SH4,6,18510.12,0.06,8255.31
O10181,2025-10-30,C1463,P2084,L110,SH1,2,7626.98,0.07,1938.32
O6865,2025-10-26,C1428,P2024,L101,SH13,1,47608.75,0.07,16459.93
O9983,2024-06-29,C1017,P2019,L109,SH26,5,98671.26,0.13,24965.15
O6506,2024-05-12,C1314,P2011,L116,SH2,4,61333.25,0.04,
O7964,2024-09-09,C1052,P2049,L110,SH7,6,41437.66,0.33,5017.93
O6151,2025-01-18,C1041,P2008,L105,SH10,2,52981.91,0.06,12736.98
O7078,2025-06-07,C1233,P2071,L109,SH7,4,11318.68,0.06,3280.58
O6775,2025-10-31,C1394,P2042,L115,SH19,3,41580.7,0.18,5376.11
O11951,2025-10-24,C1019,P2051,L104,SH4,6,₹107267.1,0.17,15737.55
O5114,2025-02-11,C1478,P2040,L117,SH10,1,21520.99,0.13,2343.05
O10560,2024-06-06,C1297,P2037,L103,SH13,1,12163.69,0.25,763.42
O7379,2024-08-15,C1434,P2035,L113,SH19,1,17193.77,0.21,1332.71
O8491,2025-10-16,C1299,P2098,L106,SH12,3,3535.3,0.05,1368.38
O10700,2025-10-15,C1451,P2052,L101,SH19,3,₹31875.11,0.22,2199.15
O6744,2025-10-22,C1248,P2066,L110,SH4,3,18115.25,0.25,2500.87
O9213,2024-08-14,C1128,P2066,L104,SH4,3,17034.73,0.16,2454.41
O8896,2024-01-28,C1441,P2010,L103,SH17,5,159758.24,0.11,42122.05
O9608,2024-04-01,C1450,P2049,L103,SH25,6,64622.49,0.19,4845.05
O11560,2024-09-03,C1444,P2031,L114,SH7,4,82383.29,0.18,28486.27
O6944,2024-03-26,C1251,P2037,L109,SH1,6,112683.98,0.18,16078.86
O6778,2024-07-25,C1476,P2030,L107,SH13,2,32580.38,0.08,9280.74
O10440,2025-07-25,C1467,P2062,L106,SH10,5,102371.33,0.12,11863.67
O9482,2024-08-04,C1018,P2066,L102,SH22,4,75635.43,0.21,9963.21
O5435,2024-04-07,C1161,P2055,L104,SH1,2,32100.23,0.25,4498.09
O8912,17/09/2025,C1479,P2036,L110,SH22,4,57108.05,0.13,6854.48
O11089,2025-05-14,C1158,P2004,L115,SH13,2,94487.23,0.03,
O7819,2025-02-27,C1254,P2042,L109,SH22,2,6455.18,0.04,844.33
O11166,2024-12-23,C1199,P2078,L103,SH1,4,8418.05,0.11,2906.64
O8051,2024-11-15,C1490,P2099,L109,SH16,6,12032.96,0.07,3118.95
O7796,21/03/2024,C1494,P2001,L114,SH1,-3,129704.06,0.15,41751.32
O10887,15/01/2025,C1173,P2031,L107,SH19,3,132226.41,0.09,31595.48
O6972,2024-08-02,C1190,P2054,L108,SH13,6,114981.56,0.19,14021.47
O6383,2024-06-26,C1066,P2082,L113,SH7,4,8386.17,0.07,2630.11
O7523,2025-08-31,C1065,P2090,L109,SH25,1,2185.69,0.24,875.59
O10426,2024-09-14,C1386,P2063,L106,SH22,5,70506.18,0.16,6059.63
O6951,2024-07-21,C1272,P2025,L116,SH19,2,78781.43,0.0,23560.38
O9134,2024-06-15,C1011,P2044,L110,SH19,3,25133.64,0.33,2537.27
O5237,2025-03-18,C1117,P2046,L113,SH12,1,4712.42,0.11,531.23
O8392,2024-06-25,C1481,P2064,L110,SH7,3,53680.52,0.14,7709.76
O9890,2025-07-25,C1183,P2028,L103,SH1,3,135417.2,0.16,35922.33
O10483,12/04/2025,C1437,P2054,L111,SH10,3,24439.85,0.18,2251.82
O10039,2024-09-29,C1397,P2075,L109,SH25,1,3761.49,0.08,985.85
O11948,2024-12-16,C1351,P2020,L103,SH1,1,37537.35,0.13,11560.63
O8763,2025-01-28,C1108,P2016,L101,SH12,6,50380.45,0.2,10497.75
O5289,2025-08-02,C1281,P2074,L105,SH22,-1,₹3845.82,0.11,1567.79
O8043,2024-10-28,C1233,P2003,L101,SH25,2,11466.27,0.07,3714.51
O5867,2024-12-26,C1483,P2036,L112,SH22,5,18507.68,0.21,1944.36
O9218,08/04/2024,C1421,P2017,L111,SH1,3,114177.84,0.16,33967.31
O7270,2024-07-11,C1265,P2025,L113,SH13,2,45838.39,0.23,9755.93
O9545,2024-09-10,C1074,P2070,L108,SH1,3,5560.81,,2001.58
O7873,2024-04-11,C1461,P2029,L105,SH19,2,62261.52,0.17,23026.16
O8635,2024-02-29,C1365,P2055,L111,SH19,4,28149.17,0.23,3358.06
O11543,2024-12-23,C1406,P2068,L102,SH25,1,1015.83,0.19,427.92
O7743,24/12/2025,C1458,P2072,L106,SH19,6,4142.97,0.15,1747.53
O5419,2025-10-03,C1010,P2087,L101,SH13,3,9625.17,0.15,2841.86
O8498,2025-04-22,C1235,P2068,L117,SH3,2,₹5789.01,0.07,1814.06
O11727,2025-11-02,C1024,P2093,L104,SH10,4,2913.25,0.13,763.83
O7232,2024-04-05,C1456,P2058,L107,SH1,1,7871.5,0.13,639.98
O9516,2024-05-22,C1268,P2023,L111,SH19,5,20321.07,0.27,4760.64
O9645,2025-04-14,C1248,P2038,L116,SH25,1,704.17,0.23,71.96
O8706,2025-12-09,C1379,P2085,L116,SH1,5,13267.83,0.23,5931.93
O7795,13/07/2024,C1362,P2077,L113,SH25,4,6302.62,0.18,2000.93
O11187,2025-03-29,C1027,P2038,L101,SH4,5,41922.2,0.16,5805.33
O6851,2025-02-26,C1285,P2071,L107,SH13,6,6857.03,0.09,2425.43
O11688,2024-03-01,C1180,P2010,L105,SH22,6,119961.59,,24546.15
O5445,2025-07-25,C1329,P2050,L105,SH1,6,92685.9,0.31,10673.92
O5092,2025-11-08,C1453,P2068,L102,SH7,5,8673.57,0.11,3497.72
,,,,,,,,,
O9842,2025-08-23,C1429,P2053,L101,SH19,5,50880.85,0.08,4611.32
O7127,2024-07-20,C1137,P2019,L105,SH10,2,9079.9,0.3,2513.12
O7729,2025-10-26,C1475,P2048,L111,SH4,1,12695.12,0.05,1886.08
O10500,14/01/2025,C1016,P2034,L103,SH19,5,22836.04,0.07,3164.44
O9750,2024-10-07,C1266,P2016,L113,SH25,1,₹39143.3,0.09,15198.75
O7966,2025-02-23,C1305,P2054,L113,SH16,2,1424.91,0.22,202.72
O6183,2024-01-08,C1005,P2008,L109,SH4,1,33014.32,0.11,11813.89
O10523,2025-03-08,C1391,P2045,L103,SH4,2,11663.09,0.15,946.52
O11032,2024-05-12,C1467,P2041,L110,SH22,4,61475.68,0.22,7687.65
O5661,2025-02-25,C1392,P2041,L114,SH22,6,38099.99,0.22,4842.69
O10549,2024-10-10,C1038,P2042,L104,SH10,3,40070.97,0.11,3997.26
O6763,2025-12-07,C1286,P2068,L110,SH4,6,2792.89,0.07,1129.5
O10626,2025-03-12,C1185,P2057,L104,SH19,4,79212.16,,8343.98
O6227,2025-03-09,C1495,P2070,L106,SH1,3,14390.34,0.02,5491.81
O7005,2025-06-07,C1456,P2033,L107,SH4,3,₹8238.69,0.01,1668.1
O9663,2025-03-29,C1177,P2022,L112,SH22,1,10596.59,0.21,2140.74
O11363,2024-07-18,C1098,P2080,L114,SH25,3,6040.24,0.08,2483.19
O11795,2024-01-01,C1007,P2001,L108,SH17,5,₹6708.79,0.12,2586.56
O8568,2024-02-08,C1037,P2031,L103,SH19,1,₹43525.83,0.14,13051.8
O10463,2025-04-13,C1283,P2038,L114,SH1,1,17594.06,0.12,2394.78
O10917,2024-08-04,C1271,P2058,L105,SH13,4,30546.49,0.16,3217.97
O6587,2024-05-12,C1057,P2079,L111,SH22,1,₹2800.88,0.12,711.38
O6533,2024-10-10,C1030,P2075,L103,SH4,4,15389.77,,5544.77
O5394,2025-04-20,C1102,P2036,L112,SH7,6,63296.92,0.19,7417.57
O5259,2024-12-19,C1354,P2065,L105,SH16,4,₹90797.64,0.09,9392.96
O5505,2024-10-14,C1090,P2083,L103,SH22,2,7569.14,0.13,2104.22
O10206,2025-01-29,C1489,P2090,L117,SH13,3,14398.5,0.0,
O5721,2024-06-23,C1180,P2062,L115,SH25,2,₹12972.07,0.15,1185.33
O5747,2024-10-20,C1337,P2038,L101,SH3,3,25563.64,0.32,1825.6
O5116,2025-03-23,C1140,P2016,L112,SH10,3,119282.69,0.19,41589.29
O11699,2024-08-22,C1474,P2057,L108,SH10,2,24898.51,,2843.72
O5528,2025-06-18,C1424,P2001,L114,SH19,5,93625.72,0.22,35106.36
O10204,2024-12-18,C1297,P2024,L103,SH13,1,6876.14,0.13,1391.62
O6833,2025-02-07,C1298,P2087,L114,SH22,4,₹14520.19,0.02,3745.82
O6825,2025-08-22,C1321,P2060,L114,SH16,3,₹13898.41,0.05,1721.71
O6677,01/07/2025,C1191,P2061,L111,SH1,three,75868.54,0.22,5314.63
O7824,2025-04-07,C1128,P2081,L107,SH1,1,2642.76,0.13,1157.79
O10820,2025-03-30,C1349,P2062,L116,SH4,4,21170.45,0.11,2991.13
O11202,2025-12-10,C1196,P2043,L109,SH4,2,₹26688.97,0.12,
O9914,2025-01-07,C1061,P2020,L111,SH7,2,51915.01,0.21,13949.63
O10518,2024-03-24,C1035,P2076,L105,SH10,5,₹21440.06,0.1,8109.66
O11903,2024-06-18,C1086,P2077,L106,SH25,2,2336.04,0.07,659.05
O11958,2025-12-23,C1427,P2076,L104,SH1,5,₹20408.28,0.04,8255.53
O8749,2025-04-19,C1347,P2092,L101,SH16,5,8702.98,0.0,3191.79
O10124,2025-09-06,C1407,P2010,L117,SH22,5,194262.55,0.21,60582.81
O10898,17/01/2024,C1149,P2050,L108,SH7,6,41409.13,0.22,3618.58
O6766,2024-05-23,C1131,P2078,L101,SH16,4,3793.1,0.0,1259.9
O11284,2024-04-16,C1473,P2051,L105,SH19,6,4735.68,0.1,500.23
O10272,2024-11-08,C1410,P2062,L105,SH4,5,46612.99,0.14,6824.53
O8527,2024-06-12,C1128,P2052,L112,SH18,4,22414.33,0.28,2235.56
O6708,2025-09-25,C1097,P2082,L101,SH22,-1,1316.78,0.08,489.77
O11859,2024-07-04,C1355,P2067,L102,SH17,1,1348.84,0.22,423.34
O8910,2025-04-13,C1169,P2006,L109,SH7,1,7022.88,0.14,2176.32
O9149,2025-01-21,C1012,P2052,L101,SH21,2,21165.87,0.27,3125.95
O7331,2025-05-30,C1029,P2015,L113,SH1,5,56626.64,0.08,12245.1
O6191,2025-02-13,C1120,P2078,L116,SH16,4,13529.22,0.11,5530.64
O10853,2024-01-06,C1446,P2056,L107,SH1,5,₹75121.45,0.24,5530.63
O11422,2025-07-27,C1465,P2020,L116,SH19,6,₹131270.63,0.31,28699.0
O8493,2024-12-17,C1002,P2023,L111,SH4,three,12200.26,0.17,4201.79
O8486,2024-12-01,C1443,P2058,L103,SH13,1,3228.95,0.27,282.21
O7255,2024-03-26,C1354,P2004,L101,SH25,5,76889.63,0.18,27027.61
O11573,2025-12-10,C1240,P2027,L109,SH19,4,78980.83,0.09,30447.19
O10126,2025-04-20,C1112,P2065,L116,SH7,5,70898.58,0.15,5075.72
O10475,2024-07-02,C1230,P2019,L117,SH19,2,65363.08,0.1,24863.26
O10442,2024-05-24,C1136,P2096,L110,SH19,4,6417.01,0.24,2695.74
O5455,2024-04-19,C1253,P2018,L114,SH1,4,54980.3,0.09,13150.42
O5077,2025-11-28,C1390,P2075,L115,SH19,5,20464.88,0.12,7426.67
O9398,2024-08-04,C1202,P2007,L108,SH19,5,114529.65,0.22,34032.49
O7978,2024-01-22,C1233,P2035,L107,SH25,5,75125.57,0.08,7379.86
O9554,2024-05-14,C1483,P2021,L111,SH16,2,₹75513.91,0.08,25112.97
O11458,2025-07-06,C1128,P2065,L106,SH4,2,37952.93,0.19,4158.43
O6185,2025-09-10,C1243,P2097,L111,SH10,3,6485.08,0.09,2102.18
O5668,2025-09-14,C1219,P2052,L102,SH10,4,61735.5,0.17,5817.56
O8561,2024-07-29,C1249,P2076,L104,SH3,3,11959.83,0.14,3904.06
O8377,2024-02-08,C1323,P2037,L103,SH10,6,88973.86,0.09,
O7200,2025-10-26,C1172,P2022,L106,SH4,6,282469.24,0.07,96078.95
O10684,30/08/2024,C1093,P2077,L115,SH1,1,1717.93,0.01,726.71
O11600,2025-12-23,C1352,P2043,L103,SH25,1,5620.48,0.15,619.15
O10697,2025-07-16,C1168,P2062,L106,SH1,5,80589.54,0.23,8847.96
O10679,2025-03-13,C1342,P2095,L104,SH7,4,4638.59,0.11,
O9219,2025-07-01,C1485,P2046,L111,SH22,3,56356.76,0.13,3656.0
O8892,2025-03-12,C1343,P2095,L117,SH10,-3,9244.54,0.1,4122.83
O5106,09/10/2025,C1306,P2069,L101,SH4,3,8145.94,0.02,2430.65
O7496,2025-11-08,C1258,P2081,L110,SH1,5,13415.22,0.02,5541.34
O5335,2025-06-09,C1128,P2046,L113,SH1,1,₹1706.76,0.14,148.31
O11926,2024-10-22,C1218,P2035,L106,SH1,6,109318.89,0.14,
O8580,2024-03-25,C1012,P2085,L102,SH10,1,1612.46,0.08,725.26
O7202,2024-01-06,C1261,P2031,L114,SH19,6,227733.0,0.0,85403.19
O10081,2024-08-11,C1027,P2003,L108,SH13,1,31115.4,0.2,11714.76
O6933,2025-04-03,C1300,P2074,L106,SH19,5,20531.17,0.09,9117.06
O7981,2025-06-08,C1241,P2057,L112,SH10,3,13912.11,0.25,1127.76
O8435,2024-11-19,C1029,P2005,L114,SH19,5,205109.24,0.1,76830.68
O10969,2024-07-14,C1391,P2024,L102,SH25,6,30285.88,0.09,6804.89
O7856,2024-08-10,C1223,P2093,L105,SH19,2,3172.49,0.1,907.52
O6895,2024-05-11,C1357,P2099,L115,SH22,1,3415.13,0.01,1006.08
O11001,2025-01-06,C1450,P2010,L108,SH1,3,147254.38,0.1,50261.26
O6925,2024-03-07,C1449,P2005,L104,SH4,3,18262.88,0.0,3684.24
O8511,2024-11-18,C1246,P2005,L104,SH22,5,26836.27,0.03,7083.48
O6266,2024-01-14,C1080,P2045,L117,SH25,3,47070.84,0.19,3826.17
O5322,2024-01-09,C1168,P2012,L115,SH13,6,114680.8,0.1,29624.23
O10645,2025-02-02,C1038,P2004,L114,SH13,3,99798.53,0.05,30851.5
O6240,2025-07-18,C1359,P2074,L110,SH1,2,2667.89,0.19,719.83
O5650,2024-11-19,C1261,P2091,L104,SH2,2,4680.41,0.11,1729.04
O5904,13/08/2025,C1361,P2067,L106,SH22,4,9059.69,0.16,
O6756,2024-11-29,C1165,P2055,L113,SH4,5,62943.1,0.12,7963.03
O6786,2024-08-22,C1485,P2084,L110,SH19,4,14596.06,0.27,3895.55
O10754,01/11/2025,C1312,P2002,L111,SH22,1,45623.48,0.09,13758.84
O5918,2025-11-30,C1280,P2055,L116,SH4,3,17647.75,0.13,1499.99
O5691,2024-09-22,C1219,P2078,L111,SH13,2,5182.91,0.08,2327.15
O8997,2025-09-22,C1238,P2035,L111,SH1,5,₹47134.18,0.26,3374.51
O6172,2025-10-21,C1007,P2015,L103,SH22,5,197855.53,0.0,54780.17
O7009,2025-08-04,C1156,P2057,L113,SH16,2,42829.01,0.11,2944.53
O9175,2024-10-01,C1206,P2063,L103,SH19,6,100098.0,0.11,10794.29
O9821,2025-08-16,C1211,P2094,L111,SH19,6,11687.83,0.03,3766.82
O11536,26/01/2025,C1133,P2060,L112,SH24,3,10444.81,0.29,1471.74
O10188,2025-06-27,C1346,P2082,L117,SH1,4,5659.76,,1717.67
O10666,2025-05-22,C1480,P2086,L117,SH7,3,9906.16,0.04,3139.42
O9994,2025-09-10,C1192,P2005,L112,SH8,6,34191.34,0.13,13347.2
O9641,2024-09-20,C1039,P2039,L113,SH7,1,5429.43,0.22,673.96
O7584,2024-07-18,C1142,P2054,L105,SH19,3,22227.89,0.12,2151.22
O8915,2024-01-27,C1226,P2011,L103,SH22,3,159121.52,0.0,38663.12
O8131,2024-04-18,C1076,P2062,L104,SH12,6,96919.99,0.16,13106.73
O8109,2024-06-13,C1391,P2086,L115,SH1,3,3857.03,0.11,1259.98
O11090,2025-10-27,C1471,P2046,L111,SH7,3,65214.63,,6957.79
O9185,2025-07-12,C1308,P2011,L117,SH13,6,79340.91,0.07,16980.38
O8744,2024-08-29,C1415,P2028,L114,SH22,6,131554.41,0.11,40149.48
O10811,2024-07-05,C1306,P2008,L113,SH10,5,86517.52,0.07,22871.97
O5480,2024-12-05,C1453,P2028,L111,SH19,5,94652.21,0.09,23065.71
O8663,2024-08-23,C1235,P2004,L107,SH7,3,93552.24,0.14,28621.37
O9794,2024-01-04,C1405,P2034,L108,SH13,1,13915.49,0.14,987.45
O5895,2025-08-04,C1020,P2059,L114,SH1,6,58861.91,0.26,5762.91
O11511,2025-07-14,C1054,P2077,L117,SH26,1,3981.45,0.15,1000.91
O5987,2025-04-28,C1427,P2087,L112,SH25,2,₹6852.51,0.16,2870.56
O7336,2024-02-29,C1145,P2051,L106,SH4,6,₹80303.76,0.26,8063.48
O5255,2024-04-21,C1305,P2082,L103,SH10,2,7086.94,0.1,2703.81
O6092,2025-12-12,C1099,P2069,L113,SH22,2,3691.54,0.13,1365.54
O5327,2024-02-14,C1365,P2036,L103,SH19,4,72055.9,,10142.29
O8474,2025-06-09,C1460,P2022,L103,SH19,1,32229.7,0.13,9053.26
O10025,17/01/2025,C1068,P2066,L116,SH10,2,11167.07,0.13,1001.11
O9484,2024-08-02,C1290,P2080,L114,SH1,3,3720.67,0.0,1208.39
O7869,2025-11-20,C1452,P2065,L113,SH3,4,60521.57,0.24,8858.93
O9829,2024-04-06,C1444,P2004,L102,SH1,3,15544.63,0.06,3805.15
O9295,27/03/2025,C1011,P2008,L109,SH10,5,₹80119.63,0.06,24373.25
O11516,2025-03-11,C1346,P2056,L112,SH19,5,59417.13,0.14,
O6389,2024-03-25,C1338,P2007,L109,SH25,5,244725.75,,79655.2
O8509,13/12/2025,C1448,P2043,L111,SH5,2,2010.53,0.2,179.7
O5623,2024-11-27,C1212,P2098,L114,SH4,4,₹12027.12,0.06,4361.38
O6875,2024-11-15,C1020,P2069,L104,SH19,2,8274.02,0.12,2246.85
O7180,2024-03-05,C1010,P2080,L103,SH22,-6,5916.17,0.14,1883.83
O6469,2024-02-26,C1430,P2007,L103,SH1,3,47863.06,0.0,19012.87
O7256,2025-05-07,C1042,P2011,L107,SH22,6,286596.73,0.09,62951.58
O10011,2025-04-05,C1223,P2004,L116,SH19,3,34748.04,0.06,9159.13
O8924,2024-05-07,C1461,P2043,L115,SH2,3,19624.77,0.19,1236.29
O11006,2025-02-12,C1142,P2017,L113,SH7,4,142685.75,0.23,35006.97
O5980,2025-10-07,C1171,P2002,L104,SH10,4,144292.39,0.23,41319.22
O11368,20/10/2025,C1253,P2013,L112,SH1,1,17311.38,0.1,4237.41
O6947,2024-12-15,C1005,P2093,L101,SH1,5,19592.17,0.11,7317.52
O10210,2024-05-13,C1231,P2030,L104,SH10,1,30832.28,0.1,12264.49
O9220,2024-10-06,C1325,P2090,L102,SH19,6,5603.23,0.15,2404.19
O9660,2025-08-14,C1139,P2064,L116,SH1,2,14276.73,0.23,1960.47
O11117,2025-10-06,C1448,P2005,L112,SH13,1,24565.81,0.19,
O7736,2024-08-28,C1424,P2085,L107,SH19,4,₹3723.63,0.14,1043.19
O10045,2024-11-28,C1040,P2013,L103,SH4,3,119520.65,0.0,24802.54
O11982,2024-03-08,C1134,P2028,L114,SH20,2,₹43641.15,0.03,11973.4
O7182,2024-08-05,C1054,P2066,L113,SH13,5,19173.52,0.21,2222.15
O9536,2025-10-14,C1185,P2075,L114,SH19,4,13627.11,0.15,4184.86
O7684,16/01/2025,C1449,P2014,L108,SH4,5,179572.95,0.1,37402.49
O7110,2025-07-17,C1271,P2063,L113,SH22,4,46715.92,0.16,4501.12
O6034,25/01/2024,C1224,P2024,L114,SH10,1,45116.63,0.05,11887.17
O6835,2024-08-09,C1399,P2056,L101,SH16,1,11906.16,0.18,740.24
O7372,2025-05-20,C1265,P2074,L107,SH19,5,23125.76,0.07,5958.03
O7284,2025-09-13,C1370,P2016,L102,SH1,6,312499.54,0.03,77568.41
O9154,11/01/2024,C1055,P2015,L117,SH10,2,₹26130.22,0.14,7118.45
O9466,2025-09-03,C1191,P2094,L115,SH22,3,6434.44,,2508.64
O10294,2024-05-14,C1080,P2037,L107,SH19,5,43825.87,0.13,3903.7
O11201,2024-01-16,C1471,P2021,L109,SH4,5,224436.84,0.17,63557.3
O10805,2024-08-23,C1384,P2057,L106,SH19,1,16939.94,0.29,1522.85
O8823,2025-03-10,C1371,P2019,L108,SH1,2,₹54866.05,0.1,12029.47
O6065,2024-08-19,C1042,P2074,L101,SH4,2,8916.62,0.09,2984.96
O10882,10/07/2024,C1435,P2029,L105,SH1,1,38290.55,0.15,7968.19
O11974,2025-11-20,C1284,P2035,L101,SH19,2,10812.06,0.18,674.96
O7407,2025-03-09,C1074,P2064,L108,SH16,6,₹58096.21,0.17,6818.11
O5699,2025-02-27,C1459,P2043,L115,SH25,3,59293.92,0.15,3856.6
O7850,2025-07-05,C1340,P2015,L112,SH13,5,39853.94,0.18,11441.59
O11712,2025-10-12,C1350,P2062,L108,SH25,6,15600.24,0.2,1615.26
O5829,2024-06-19,C1181,P2037,L115,SH19,3,37376.92,0.21,2783.5
O7268,2025-06-25,C1444,P2051,L109,SH25,6,20558.88,0.1,2261.92
O5706,2025-06-20,C1098,P2044,L116,SH4,5,37813.6,0.09,3382.82
O9094,2024-10-20,C1352,P2041,L109,SH4,6,111233.91,0.2,7769.0
O11669,2024-11-03,C1046,P2041,L105,SH1,3,₹2732.27,0.21,230.92
O8451,2025-06-15,C1236,P2066,L114,SH7,3,46800.77,0.21,6451.62
O10706,2024-09-01,C1211,P2006,L105,SH4,6,257526.36,0.0,102745.45
O5324,2024-06-03,C1462,P2070,L108,SH7,5,2039.36,0.05,677.08
O8809,2025-11-11,C1454,P2005,L106,SH1,6,304564.21,0.06,90383.02
O8557,2025-03-03,C1272,P2072,L114,SH25,1,3959.99,0.15,1310.12
O7121,2024-11-13,C1181,P2043,L107,SH1,2,38828.23,0.16,2909.6
O6579,2025-05-16,C1449,P2038,L116,SH10,5,74300.65,0.26,7080.77
O11436,2024-05-28,C1135,P2080,L105,SH22,4,8874.71,0.09,3553.28
O6164,2024-07-19,C1171,P2018,L116,SH1,5,43511.02,0.11,10352.37
O6967,2024-06-12,C1256,P2056,L114,SH10,1,10830.56,0.14,1298.81
O9412,2024-02-28,C1020,P2063,L107,SH4,6,109084.36,0.27,12947.65
O5477,2025-10-02,C1476,P2042,L102,SH16,5,62790.92,0.2,7507.92
O8094,2025-03-23,C1350,P2046,L103,SH22,3,₹39336.52,0.17,2779.34
O8721,2024-01-24,C1426,P2031,L105,SH10,6,₹284579.69,0.02,62130.53
O6414,2024-02-07,C1146,P2017,L113,SH1,3,₹148280.64,0.0,56881.48
O9716,2025-09-01,C1129,P2068,L113,SH7,1,1572.67,0.18,706.68
O11116,2024-08-17,C1474,P2004,L103,SH1,3,134710.4,0.08,50222.6
O6056,2024-08-14,C1099,P2012,L110,SH10,1,12068.21,0.14,3605.52
O10535,2025-06-01,C1369,P2075,L111,SH3,6,₹20787.02,0.0,6914.09
O6976,31/05/2024,C1451,P2013,L113,SH16,4,132479.3,0.05,28650.18
O9275,2024-09-26,C1324,P2076,L104,SH1,6,21492.09,0.11,7970.48
O6051,2025-11-19,C1244,P2001,L101,SH22,6,58881.61,0.09,18321.49
O7649,2024-05-30,C1352,P2073,L111,SH4,1,555.32,0.09,181.91
O6413,2024-01-19,C1296,P2003,L110,SH4,4,107808.49,0.25,40020.73
O9622,2025-12-27,C1339,P2074,L111,SH25,3,2534.11,,1044.71
O6483,2024-08-03,C1184,P2065,L117,SH10,5,37429.23,0.19,4624.76
O9860,2024-09-29,C1144,P2083,L114,SH10,4,14326.49,0.0,6440.63
O6431,2024-04-19,C1053,P2019,L115,SH10,2,81063.43,0.02,20112.85
O6111,2025-05-26,C1483,P2095,L101,SH13,2,7265.01,0.12,3028.49
O7624,2024-08-15,C1340,P2079,L113,SH16,2,6033.59,0.15,1591.32
O6890,2024-09-03,C1474,P2038,L101,SH10,2,29166.19,,4152.45
O8933,2024-02-22,C1168,P2054,L105,SH1,3,60377.82,0.15,7683.82
O11593,2024-08-24,C1222,P2087,L106,SH13,4,16697.97,0.16,6904.94
O10493,2024-09-12,C1070,P2059,L115,SH5,4,6613.37,0.22,743.88
O7512,07/10/2025,C1297,P2098,L108,SH1,1,2020.75,0.11,724.49
O10094,2025-01-21,C1401,P2045,L115,SH13,2,24199.65,0.07,2986.03
O5064,2025-11-08,C1042,P2035,L115,SH13,3,28537.79,0.14,3271.48
O9712,2024-09-08,C1122,P2057,L109,SH19,4,71444.31,0.13,6567.76
O7380,2024-09-23,C1175,P2052,L106,SH13,2,3980.67,0.27,482.65
O8213,2025-10-30,C1362,P2035,L103,SH25,3,2753.17,0.16,402.39
O9931,2024-01-03,C1301,P2006,L106,SH23,5,146601.82,0.21,55400.06
O5682,2024-08-10,C1452,P2064,L108,SH10,4,43345.35,0.28,4456.51
O8999,2025-11-24,C1416,P2006,L111,SH22,1,49300.15,0.1,18582.05
O10326,2025-06-25,C1404,P2098,L114,SH1,-3,4825.61,0.06,2000.04
O10880,2025-01-13,C1264,P2059,L115,SH19,1,7459.51,0.26,994.6
O9169,2025-10-27,C1448,P2060,L111,SH16,2,32166.17,0.14,4187.8
O6340,24/08/2025,C1414,P2020,L101,SH1,3,115074.14,0.13,33991.82
O8058,2024-10-09,C1488,P2020,L105,SH19,-4,175351.17,0.19,68611.15
O6082,2025-09-06,C1342,P2061,L115,SH22,3,45822.24,0.13,6263.02
O6843,2024-01-17,C1492,P2022,L111,SH19,6,38963.19,0.13,12326.76
O8514,2024-07-07,C1445,P2076,L105,SH10,2,₹6639.86,0.04,1722.63
O7766,2025-10-08,C1122,P2082,L107,SH19,6,18960.81,0.11,8153.56
O11512,2025-05-13,C1432,P2077,L104,SH13,1,3608.18,0.08,925.38
O5534,2025-11-27,C1290,P2047,L109,SH25,5,49487.35,0.05,3876.46
O6349,2025-02-14,C1021,P2047,L110,SH19,2,19685.43,0.08,2279.01
O6570,2024-12-28,C1143,P2094,L104,SH8,6,23597.27,0.04,9411.9
O6772,2024-07-05,C1334,P2043,L103,SH25,6,₹89968.38,0.09,8149.59
O7302,2025-01-30,C1419,P2098,L101,SH10,6,6251.16,,2132.43
O5976,2024-01-28,C1418,P2003,L107,SH19,2,₹22341.05,0.12,7366.39
O9947,2024-08-23,C1116,P2060,L107,SH16,-1,9797.18,0.22,1079.84
O11343,2024-01-23,C1460,P2085,L103,SH19,3,1594.92,0.03,581.29
O9017,2025-08-30,C1195,P2089,L105,SH22,6,23480.74,0.13,7596.3
O11455,2025-05-03,C1425,P2037,L115,SH22,5,86932.25,0.25,11139.57
O9679,2025-12-23,C1198,P2038,L112,SH19,2,16028.15,0.15,1397.99
O10925,2024-11-13,C1350,P2005,L113,SH1,3,101920.62,0.0,26657.35
O8694,2025-09-11,C1220,P2071,L116,SH4,1,4353.46,0.01,1092.11
O11367,2024-06-18,C1162,P2078,L111,SH25,6,12555.35,0.2,
O10596,2024-02-04,C1412,P2057,L109,SH4,2,14556.12,0.23,1691.16
O10571,2025-06-13,C1339,P2007,L112,SH1,1,43700.83,0.18,12487.56
O11920,2025-04-14,C1070,P2086,L105,SH22,1,4198.75,0.02,1775.67
O5113,2024-10-27,C1367,P2059,L102,SH4,3,15672.67,0.08,2056.25
O11227,2025-04-12,C1146,P2048,L112,SH13,4,41388.91,0.09,4455.63
O6167,2025-08-02,C1472,P2016,L113,SH16,6,₹52561.76,0.14,18532.76
O9555,2025-11-15,C1415,P2008,L115,SH22,2,70339.18,0.18,23144.94
O11910,2024-07-20,C1356,P2079,L107,SH4,-3,9465.4,0.06,3235.43
O11121,2024-12-25,C1375,P2069,L115,SH16,5,5623.15,0.05,1862.71
O6208,2025-05-14,C1377,P2007,L106,SH25,2,74364.81,,19321.49
O10743,2025-08-22,C1356,P2047,L103,SH16,5,22916.11,0.19,3184.76
O10319,2024-11-22,C1368,P2065,L108,SH25,5,17036.63,0.26,1802.05
O5285,2025-10-04,C1251,P2019,L109,SH19,1,19402.05,0.18,5634.32
O11156,2025-04-26,C1352,P2058,L106,SH19,6,106113.8,0.24,10856.87
O10368,2025-04-19,C1328,P2097,L103,SH4,2,3622.03,,1153.8
O7858,2024-06-16,C1033,P2006,L110,SH1,3,88307.68,0.14,27055.66
O10760,2025-04-03,C1468,P2038,L114,SH7,5,88709.97,0.15,11516.34
O10117,2025-11-11,C1245,P2002,L107,SH1,6,44680.94,0.11,9120.27
O10966,2024-12-20,C1104,P2054,L116,SH22,4,48661.17,0.25,5087.11
O9593,2024-10-27,C1456,P2069,L116,SH21,5,6336.05,0.26,2465.79
O10677,09/02/2025,C1206,P2003,L105,SH10,4,110198.79,0.19,37656.06
O8398,2025-08-03,C1352,P2057,L109,SH25,5,76268.69,0.22,7231.33
O7519,2025-02-14,C1285,P2066,L104,SH1,2,15921.55,0.1,2144.72
O7938,2025-12-22,C1175,P2021,L104,SH19,5,27814.66,0.08,8869.82
O7248,2025-02-08,C1274,P2015,L116,SH25,2,96286.68,0.04,30439.35
O7447,2025-03-17,C1151,P2074,L107,SH7,6,10832.5,0.16,3159.63
O11262,08/10/2024,C1133,P2081,L102,SH14,4,12250.09,0.19,3978.05
O5422,2024-07-11,C1176,P2063,L112,SH13,1,4215.36,0.12,596.98
O8985,2024-08-31,C1234,P2053,L114,SH16,1,14010.69,0.26,1225.77
O9894,2024-08-10,C1272,P2037,L115,SH10,5,₹98677.88,0.14,9108.21
O5339,2024-03-07,C1133,P2010,L101,SH7,1,9784.51,0.19,3221.04
O11375,2025-10-27,C1460,P2084,L102,SH19,6,20228.77,0.16,5839.16
O7669,2024-04-11,C1221,P2090,L106,SH19,2,6752.72,0.0,2509.3
O5678,09/12/2024,C1023,P2099,L106,SH1,2,4741.99,0.21,1811.0
O9172,2024-01-14,C1478,P2025,L107,SH13,2,52080.2,0.19,14295.63
O6091,2025-12-29,C1482,P2068,L114,SH7,2,1247.31,0.11,347.86
O11622,2025-11-06,C1450,P2087,L103,SH13,4,7038.88,0.11,3144.16
O9138,2024-10-30,C1086,P2050,L107,SH25,1,11368.48,0.13,956.69
O5898,2025-01-07,C1174,P2022,L110,SH25,1,43758.8,0.18,10517.5
O5903,2025-11-18,C1320,P2066,L115,SH4,6,90208.41,0.22,6878.76
O8119,2024-03-10,C1106,P2019,L116,SH10,2,92134.82,0.03,31443.9
O8752,2024-11-20,C1190,P2095,L101,SH19,3,1572.61,0.02,415.94
O7264,2024-08-21,C1409,P2035,L117,SH4,3,66890.22,0.1,6238.25
O6059,2024-03-07,C1345,P2088,L106,SH1,3,₹7732.84,0.17,3086.91
O7131,2024-04-26,C1469,P2022,L116,SH13,5,26580.5,0.08,7759.41
O8825,2025-01-19,C1125,P2032,L109,SH1,2,8016.68,0.15,2477.94
O7032,2024-11-06,C1124,P2097,L113,SH4,2,7385.08,0.12,2646.76
O9696,2024-07-22,C1399,P2085,L112,SH10,2,1262.48,0.15,330.32
O10175,2024-09-22,C1414,P2028,L112,SH3,3,115308.33,0.12,42028.6
O11475,2025-07-25,C1016,P2065,L111,SH10,2,28608.87,0.15,2453.45
O10709,2025-04-09,C1406,P2040,L105,SH10,5,₹89162.65,0.23,11309.18
O5348,2024-09-10,C1120,P2021,L104,SH19,1,32611.6,0.11,8260.69
O8495,2024-11-03,C1118,P2074,L101,SH1,1,2275.36,0.11,678.6
O9193,2024-08-21,C1358,P2046,L116,SH4,4,39072.61,0.21,2792.52
O10495,2025-09-26,C1380,P2047,L117,SH1,2,8107.59,0.3,823.64
O5770,2025-12-17,C1200,P2035,L105,SH1,5,31175.77,0.29,2968.55
O10312,2025-04-18,C1357,P2047,L111,SH10,2,28500.48,0.16,1934.56
O9066,2025-05-14,C1383,P2077,L110,SH22,4,7849.95,0.05,2749.97
O5971,2024-07-10,C1320,P2034,L111,SH22,3,14356.09,0.19,962.43
O9790,2025-04-02,C1165,P2091,L117,SH7,6,3802.43,0.17,1456.43
O11607,2024-02-08,C1098,P2098,L113,SH13,1,1493.73,0.12,453.7
O11714,2025-02-08,C1251,P2024,L103,SH4,4,138334.39,0.0,45102.5
O10048,2024-01-04,C1146,P2054,L106,SH1,3,55576.99,0.19,8144.04
O6415,2025-04-26,C1331,P2003,L103,SH23,3,18778.39,0.05,6769.66
O11472,2025-11-24,C1281,P2068,L101,SH22,5,21800.53,0.1,7841.34
O8254,2024-11-02,C1334,P2099,L110,SH7,6,23855.94,0.07,7520.58
O5923,2025-10-08,C1108,P2021,L115,SH25,4,69444.81,0.06,25170.24
O8170,2025-11-06,C1293,P2076,L106,SH10,3,9378.51,0.18,3344.46
O7910,2024-01-31,C1338,P2038,L115,SH13,3,18634.7,0.12,1633.47
O11997,2025-07-01,C1178,P2063,L117,SH10,4,62587.68,0.23,5746.75
O10716,2025-05-01,C1394,P2082,L104,SH4,3,₹4883.08,0.06,1439.92
O10591,2025-04-28,C1262,P2022,L101,SH24,1,8048.85,0.0,3112.34
O10421,2025-10-30,C1187,P2047,L104,SH10,2,34023.96,0.28,2664.24
O6938,2024-02-23,C1251,P2041,L106,SH16,4,54171.18,0.18,6665.57
O10610,2024-11-03,C1296,P2020,L108,SH1,3,94138.84,0.1,35504.22
O6279,2024-08-31,C1271,P2078,L112,SH16,1,2746.83,0.19,802.09
O5214,2025-04-22,C1185,P2066,L116,SH10,3,7551.58,0.21,1120.04
O9357,2024-08-23,C1088,P2082,L115,SH16,5,16996.25,0.08,7585.73
O10462,2024-06-07,C1416,P2096,L112,SH12,6,10478.76,0.09,2976.94
O11510,2024-05-23,C1469,P2077,L101,SH16,3,3193.81,0.23,799.85
O9814,2025-08-06,C1399,P2047,L114,SH11,4,14458.84,0.25,1857.15
O11645,2024-10-03,C1199,P2050,L116,SH19,5,73530.32,0.24,7859.04
O6087,2024-02-14,C1324,P2075,L112,SH16,2,8209.19,0.16,2379.23
O5247,03/12/2024,C1431,P2080,L113,SH22,5,10306.36,0.15,3464.21
O7327,2025-08-08,C1414,P2068,L111,SH1,3,5848.56,0.0,2542.75
O6356,2024-04-27,C1360,P2095,L116,SH7,4,6722.1,0.0,1731.99
O7393,2024-02-06,C1487,P2099,L103,SH10,5,16281.65,0.18,4647.84
O6526,2024-04-21,C1401,P2094,L102,SH19,3,7510.14,0.15,3308.18
O6348,2025-10-27,C1243,P2033,L115,SH19,4,199695.0,0.02,77474.85
O6511,2024-02-29,C1100,P2044,L114,SH4,2,12077.24,0.08,824.62
O5516,2025-05-13,C1208,P2046,L112,SH7,5,82926.59,0.17,11596.91
O8064,2024-09-15,C1173,P2082,L114,SH1,3,8398.28,0.12,3361.34
O10256,2024-03-25,C1363,P2034,L106,SH19,-2,25789.48,0.2,1863.85
O5676,03/04/2024,C1408,P2021,L104,SH10,1,6542.73,0.14,1896.6
O8355,2025-08-17,C1434,P2092,L113,SH4,5,6246.53,0.1,1974.02
O7748,2024-07-01,C1368,P2086,L106,SH7,4,14959.14,0.01,4798.11
O11908,2025-03-29,C1416,P2048,L113,SH22,5,69431.15,0.19,7430.26
O11080,2024-11-25,C1248,P2032,L117,SH10,1,41587.88,0.15,15471.58
O10905,2025-02-22,C1043,P2025,L102,SH1,2,60380.32,0.11,17491.39
O10413,29/09/2024,C1147,P2069,L110,SH25,5,4805.51,0.06,1638.6
O9691,2025-09-22,C1127,P2019,L112,SH7,5,27556.94,0.12,9538.63
O9960,2025-10-02,C1026,P2070,L103,SH4,2,2769.74,0.14,796.32
O9895,2024-06-02,C1229,P2027,L117,SH25,6,86361.64,0.1,29651.23
O9132,2025-07-09,C1060,P2001,L110,SH1,5,₹69419.61,0.16,21288.63
O7157,2025-11-05,C1096,P2064,L115,SH10,4,74506.96,0.23,9725.78
O6070,2024-05-10,C1161,P2089,L103,SH1,3,1932.29,0.06,793.16
O9896,2024-04-17,C1168,P2031,L117,SH1,4,74128.57,0.14,16080.65
O7733,2024-05-04,C1085,P2005,L107,SH13,6,65335.6,0.1,21200.54
O8417,2025-08-09,C1154,P2066,L101,SH1,5,36504.13,0.15,4293.61
O7683,2024-05-13,C1077,P2029,L105,SH1,6,181744.57,0.24,54451.65
O7299,2025-03-21,C1253,P2051,L114,SH25,6,130594.5,0.1,16577.42
O7969,2025-07-02,C1457,P2027,L111,SH16,4,183016.71,0.05,59839.64
O6594,2024-03-27,C1206,P2017,L109,SH19,6,31551.28,0.06,9493.84
O7999,2024-12-07,C1254,P2032,L105,SH7,1,47874.51,0.09,
O11661,2025-03-07,C1067,P2039,L117,SH13,4,26362.09,0.19,3029.1
O9533,16/12/2024,C1498,P2020,L111,SH25,5,94912.98,0.03,36223.38
O10111,2024-01-28,C1455,P2034,L101,SH4,5,30474.84,0.06,4373.14
O6129,2025-05-31,C1040,P2097,L104,SH10,2,7695.12,0.02,2425.52
O5399,2025-09-07,C1243,P2017,L106,SH22,3,₹110422.21,0.17,27026.28
O7420,2025-08-13,C1094,P2023,L105,SH1,6,296679.88,0.06,
O5405,2025-11-28,C1207,P2085,L111,SH10,3,2692.68,0.14,686.88
O6339,2024-12-05,C1499,P2017,L104,SH1,5,95488.31,0.18,33257.65
O7667,2025-12-12,C1237,P2060,L101,SH10,1,13392.96,0.12,804.9
O7422,2025-07-20,C1328,P2039,L108,SH4,3,29664.49,0.3,2411.16
O5738,2025-09-30,C1458,P2090,L114,SH19,4,4810.11,0.02,1692.59
O8508,2024-02-24,C1007,P2052,L102,SH19,4,₹16651.32,0.21,1080.35
O9639,2024-02-08,C1428,P2068,L115,SH22,3,9780.69,0.07,3465.77
O5886,2025-03-16,C1010,P2098,L102,SH10,3,13345.73,0.0,3654.42
O9394,2024-05-13,C1349,P2096,L103,SH22,5,15876.99,0.09,5987.59
O5130,2025-12-29,C1457,P2039,L106,SH1,3,39896.61,0.26,4908.07
O6899,10/05/2024,C1434,P2064,L107,SH13,1,11606.72,0.13,733.69
O7710,2024-10-04,C1190,P2073,L116,SH22,5,₹9273.29,0.16,4045.37
O9903,2024-02-01,C1379,P2015,L111,SH13,3,78644.54,0.09,17871.66
O10902,2025-12-29,C1004,P2064,L111,SH25,1,6240.6,0.26,487.04
O10226,2025-10-28,C1021,P2040,L108,SH13,1,12064.31,0.15,1554.96
O6872,2024-07-12,C1440,P2009,L106,SH22,2,59726.98,0.16,17896.61
O9515,2025-06-19,C1363,P2038,L103,SH22,6,125864.46,0.1,9423.76
O9255,2025-11-04,C1173,P2042,L101,SH22,1,2000.95,0.09,181.66
O10701,2025-01-11,C1347,P2072,L111,SH4,6,7735.11,0.0,3037.21
O10839,2024-11-03,C1434,P2083,L102,SH1,2,₹7243.14,0.15,2537.17
O5014,2024-11-20,C1437,P2087,L113,SH13,5,13297.27,0.19,5684.42
O8515,2025-11-10,C1336,P2004,L104,SH1,1,36530.11,0.11,12840.4
O6565,2024-09-22,C1454,P2022,L110,SH3,6,287237.8,0.12,100732.5
O11624,2025-06-06,C1360,P2076,L103,SH25,4,2651.91,0.16,775.91
O7069,14/09/2024,C1265,P2079,L103,SH13,5,15152.21,0.08,6618.97
O5717,2025-04-21,C1389,P2086,L103,SH22,4,11444.96,0.05,3073.92
O5743,2025-12-01,C1126,P2061,L103,SH13,-5,70995.06,0.12,9359.2
O11128,12/07/2024,C1439,P2099,L113,SH7,6,₹23742.6,0.05,9891.89
O7310,2025-01-12,C1311,P2007,L117,SH7,3,137681.94,0.16,43530.72
O8385,2025-03-13,C1132,P2077,L117,SH13,3,₹1523.77,0.09,606.49
O10052,2025-12-02,C1427,P2034,L116,SH10,1,1780.01,0.11,212.85
O9816,2024-07-29,C1104,P2033,L109,SH19,3,136747.68,0.17,41600.04
O11771,2025-03-11,C1130,P2034,L115,SH8,3,21729.69,0.2,1659.92
O7160,2025-06-09,C1022,P2018,L108,SH4,6,176487.25,0.13,69079.32
O10789,2024-07-11,C1386,P2045,L108,SH13,2,39619.32,0.09,5040.68
O6454,2025-12-02,C1057,P2002,L116,SH22,3,25021.94,0.11,8411.99
O7764,2024-05-15,C1119,P2011,L106,SH4,4,90726.74,0.09,25211.21
O5712,2024-07-30,C1287,P2066,L104,SH10,2,22843.88,0.18,2500.1
O8416,2024-07-28,C1163,P2006,L115,SH19,4,76020.64,0.07,26912.43
O11328,2025-05-21,C1385,P2009,L104,SH10,1,5902.76,0.09,1970.28
O7265,2024-02-12,C1159,P2022,L113,SH10,1,31061.07,0.0,6456.83
O10115,2025-03-10,C1498,P2055,L103,SH10,6,75594.44,0.22,7737.27
O6447,2025-01-08,C1340,P2063,L109,SH16,6,59270.81,0.17,7971.77
O10954,2024-06-07,C1181,P2025,L110,SH4,5,90801.24,0.04,24361.73
O11149,2024-10-05,C1245,P2062,L104,SH10,1,1396.64,0.14,184.98
O8901,2024-10-28,C1065,P2036,L105,SH1,three,3882.31,,381.31
O7190,2025-01-23,C1494,P2018,L109,SH10,1,46167.68,0.16,11825.09
O11850,12/07/2024,C1346,P2008,L110,SH22,3,14564.64,0.17,4714.03
O10824,2025-11-07,C1016,P2053,L103,SH10,3,55031.77,0.26,6255.44
O9416,2024-07-12,C1145,P2002,L108,SH13,2,45339.38,0.03,14398.59
O5714,2024-05-13,C1277,P2057,L102,SH4,1,1246.35,0.17,176.1
O6547,2024-10-02,C1267,P2057,L111,SH4,3,₹14902.84,0.1,1665.72
O11677,2025-01-12,C1343,P2024,L114,SH22,4,157247.76,0.14,38115.3
O5547,2025-05-30,C1055,P2072,L103,SH19,3,4787.21,0.09,2103.52
O5737,2024-05-19,C1454,P2063,L114,SH13,4,8774.47,0.23,1033.65
O9675,2024-08-03,C1064,P2081,L117,SH22,1,2682.31,0.06,867.53
O8342,2024-12-22,C1281,P2077,L113,SH13,3,7808.09,0.21,2778.73
O6601,30/07/2025,C1229,P2048,L116,SH2,6,15876.87,0.23,1396.45
O6512,2024-01-16,C1212,P2096,L102,SH1,1,4328.64,0.02,1298.52
O6003,2025-11-07,C1032,P2051,L102,SH22,1,₹21968.71,0.05,1616.58
O5300,2024-04-12,C1227,P2028,L103,SH19,4,32006.9,0.11,7189.76
O5323,2025-01-12,C1319,P2032,L115,SH4,6,₹196943.46,0.01,58821.52
O9742,2024-02-19,C1061,P2071,L114,SH1,1,3633.27,0.14,954.44
O5793,2025-07-06,C1049,P2080,L112,SH19,6,13454.66,0.18,4612.84
O7637,2024-10-01,C1471,P2030,L111,SH1,1,31879.01,0.18,6906.0
O8318,2025-03-18,C1465,P2065,L102,SH22,5,41562.33,0.34,4384.95
O11000,2024-07-11,C1316,P2075,L102,SH4,6,4471.78,0.2,1824.08
O11730,2025-05-15,C1325,P2076,L109,SH1,5,20616.92,0.12,9183.46
O5950,2025-04-13,C1227,P2046,L116,SH4,1,10693.47,0.16,1455.65
O5366,17/04/2024,C1011,P2041,L109,SH10,2,4049.21,0.22,304.94
O8687,2024-12-30,C1241,P2050,L115,SH4,6,71113.19,0.2,8828.89
O7983,2024-12-23,C1310,P2002,L104,SH10,1,11589.06,0.02,4232.1
O11411,2024-09-20,C1226,P2009,L111,SH16,1,27614.79,0.0,7361.83
O7673,2024-06-20,C1384,P2060,L116,SH22,5,60643.29,0.32,4152.71
O7608,2024-03-05,C1295,P2003,L102,SH19,3,96419.03,0.09,23517.71
O5994,2024-04-18,C1493,P2097,L104,SH4,5,19978.01,0.0,7430.44
O8596,2025-07-17,C1376,P2081,L105,SH21,6,3064.49,0.1,818.22
O10105,2025-03-27,C1072,P2067,L103,SH22,5,3003.2,0.13,1226.78
O6214,2025-03-13,C1348,P2019,L113,SH4,1,32929.78,0.13,7693.86
O6804,2024-08-31,C1074,P2082,L102,SH22,4,3937.67,0.14,1238.42
O9156,2025-05-06,C1187,P2043,L101,SH10,5,₹63557.42,0.11,9367.31
O9969,2024-02-11,C1188,P2016,L108,SH4,2,39534.01,0.19,7992.51
O5730,2024-07-29,C1296,P2058,L107,SH19,6,84042.55,0.19,7437.24
O6412,2025-04-08,C1216,P2016,L104,SH10,2,20033.23,0.06,5316.32
O5603,2025-10-02,C1352,P2080,L111,SH1,6,₹3327.1,0.18,1068.35
O6249,2025-02-19,C1255,P2066,L104,SH19,1,1000.02,0.12,77.12
O6329,2025-07-21,C1427,P2055,L115,SH22,5,69361.77,,5772.63
O5438,2025-01-29,C1493,P2059,L109,SH13,6,89227.76,0.15,9194.21
O11813,2025-04-29,C1288,P2079,L104,SH13,5,16405.69,0.0,5785.71
O5677,2025-06-07,C1269,P2091,L113,SH19,4,11447.3,0.11,3227.91
O9463,2025-12-02,C1242,P2001,L117,SH4,3,59135.3,0.14,22142.89
O7634,2025-04-18,C1487,P2011,L104,SH1,5,₹187796.64,0.13,72917.82
O9557,2024-04-04,C1323,P2091,L106,SH16,3,4958.11,0.07,2139.6
O8959,2025-06-23,C1301,P2048,L101,SH25,2,23521.07,0.28,1554.79
O6213,2025-10-28,C1108,P2028,L107,SH25,1,1730.07,0.13,597.21
O7318,2025-07-25,C1319,P2090,L101,SH4,4,10302.79,0.0,3395.79
O10639,2024-11-09,C1141,P2047,L111,SH19,6,12552.72,0.18,1600.62
O8842,23/05/2024,C1147,P2006,L106,SH25,3,39001.22,0.01,12911.56
O9582,2024-12-19,C1244,P2099,L113,SH13,3,₹1740.72,0.13,684.3
O6681,2024-12-11,C1190,P2033,L114,SH4,5,137284.9,0.27,48511.92
O11640,2025-09-07,C1369,P2017,L109,SH1,5,92366.95,0.16,22502.84
O6429,2025-04-08,C1470,P2047,L113,SH10,2,₹38807.89,0.11,4121.85
O7183,2024-08-20,C1383,P2090,L103,SH13,5,18438.57,0.13,8053.22
O5019,2025-09-26,C1041,P2079,L113,SH19,2,5880.42,0.17,2055.4
O7283,2024-04-02,C1114,P2019,L104,SH22,4,24139.9,0.08,7724.07
O9252,2024-04-11,C1010,P2087,L107,SH13,1,2012.76,0.06,779.95
O6739,2024-11-22,C1238,P2013,L102,SH10,1,₹38951.62,0.11,8359.44
O10929,2024-08-14,C1249,P2005,L117,SH10,6,84663.71,0.0,18026.96
O6344,2025-12-30,C1439,P2056,L102,SH4,5,84977.4,0.13,8063.26
O7026,2024-04-24,C1203,P2011,L114,SH25,1,47408.01,0.13,14639.56
O11476,2024-04-25,C1411,P2063,L105,SH19,6,112876.91,0.11,8538.09
O8084,2025-09-05,C1242,P2018,L115,SH16,1,40496.86,0.04,13890.9
O6456,2024-10-16,C1233,P2006,L107,SH13,3,106850.66,0.22,24007.97
O5119,2024-03-22,C1151,P2042,L104,SH16,5,33632.3,0.23,2912.81
O11105,2025-03-10,C1451,P2042,L102,SH19,6,107933.38,0.24,14582.13
O8428,2024-10-26,C1236,P2054,L116,SH10,2,43263.27,0.07,3412.64
O11360,2024-06-05,C1219,P2043,L115,SH19,5,3256.97,0.26,420.83
O10180,2025-04-18,C1411,P2027,L116,SH19,3,99787.69,0.0,35627.34
O11482,2025-12-31,C1237,P2022,L103,SH1,1,45168.17,0.14,17080.06
O7159,2024-09-13,C1095,P2001,L106,SH10,2,38942.38,0.18,11580.64
O6942,2025-12-14,C1356,P2087,L109,SH25,4,7992.46,0.06,2584.43
O11660,2024-09-04,C1201,P2027,L104,SH19,4,6325.59,0.23,1515.46
O9379,2025-12-17,C1472,P2035,L102,SH13,three,35507.68,0.17,3108.54
O10202,2024-08-10,C1163,P2090,L109,SH22,4,16887.55,0.08,4996.14
O11946,2024-08-21,C1060,P2034,L117,SH10,1,7971.49,0.13,529.93
O6294,2024-08-12,C1321,P2002,L112,SH10,1,34899.23,0.14,8932.04
O9752,2024-02-09,C1256,P2014,L109,SH4,3,₹112234.92,0.16,34833.47
O10144,2025-12-05,C1152,P2052,L104,SH22,6,66441.33,0.04,7984.92
O7411,2025-10-03,C1074,P2083,L101,SH16,6,8110.8,0.25,2177.92
O6225,2024-11-17,C1093,P2001,L115,SH4,6,40737.94,0.16,9197.13
O8092,2025-01-28,C1201,P2075,L102,SH19,3,8086.91,0.15,3256.47
O11302,2025-05-04,C1146,P2022,L104,SH7,3,102873.63,0.08,28551.5
O11939,2024-02-25,C1144,P2033,L103,SH1,4,₹123303.02,0.16,43877.94
O7060,2025-08-02,C1245,P2066,L103,SH16,6,₹24124.12,0.16,2808.64
O9733,2025-12-25,C1313,P2019,L107,SH22,6,55172.26,0.1,20254.59
O6573,2025-10-11,C1098,P2072,L102,SH25,4,10776.48,0.18,3224.14
O9300,2025-09-01,C1247,P2041,L110,SH4,4,20735.1,0.07,1621.05
O6388,2024-07-17,C1335,P2029,L110,SH13,3,85008.4,0.06,21171.42
O6273,2024-08-15,C1359,P2082,L108,SH22,4,6462.11,0.17,2234.85
O7867,2024-03-02,C1088,P2085,L102,SH13,2,3960.11,0.2,1412.95
O5896,2024-11-20,C1241,P2076,L101,SH22,1,₹2116.22,0.01,694.25
O8360,2024-07-13,C1251,P2031,L107,SH19,5,197364.4,0.16,45143.41
O7777,20/05/2024,C1041,P2015,L112,SH10,2,60720.34,0.05,16760.72
O11990,2024-08-06,C1485,P2075,L102,SH16,4,9034.38,0.04,
O7237,2025-11-14,C1322,P2074,L101,SH1,2,2732.55,0.18,777.17
O10740,2025-11-02,C1476,P2087,L114,SH22,4,4262.53,0.11,1861.59
O5448,2025-04-15,C1207,P2031,L103,SH1,4,101056.42,0.0,31793.06
O7775,2024-09-07,C1017,P2003,L114,SH10,2,36286.51,0.11,12330.38
O5359,2025-08-04,C1374,P2001,L113,SH22,2,5818.46,0.1,1864.69
O7609,2025-04-15,C1210,P2036,L102,SH10,4,16647.41,0.16,2238.33
O7250,2024-09-04,C1261,P2078,L103,SH19,5,₹12525.45,0.13,3340.71
O6045,2025-09-04,C1478,P2062,L109,SH10,6,30509.52,0.26,3697.75
O11721,2024-05-31,C1194,P2004,L110,SH1,4,117529.1,0.06,39100.57
O7600,17/11/2024,C1185,P2043,L117,SH13,4,79739.01,0.18,5629.58
O7462,2025-02-19,C1064,P2003,L112,SH19,4,206495.86,0.02,64609.59
O6081,2025-10-17,C1177,P2026,L107,SH10,2,97203.24,0.03,34706.68
O6468,2025-02-16,C1387,P2051,L105,SH19,4,51728.39,0.24,5258.33
O5888,2025-05-18,C1453,P2091,L106,SH16,4,₹8095.85,0.15,2529.89
O10908,2024-11-13,C1058,P2037,L106,SH13,2,4948.91,0.13,
O5125,10/08/2025,C1228,P2098,L103,SH13,6,5890.37,0.05,1904.89
O9605,2024-10-02,C1263,P2014,L104,SH13,2,30077.56,0.0,6493.57
O10239,2025-04-25,C1427,P2029,L106,SH10,1,45654.43,0.13,17932.15
O10628,2025-07-06,C1269,P2054,L106,SH10,3,₹24963.94,0.22,2702.65
O10756,2025-12-12,C1284,P2095,L104,SH15,6,18971.38,,4925.82
O6095,2024-06-20,C1042,P2061,L103,SH19,5,49812.13,0.24,6356.91
O9170,2024-09-15,C1208,P2088,L115,SH4,6,9110.36,0.09,3781.23
O10017,2024-09-25,C1058,P2063,L116,SH10,-4,43598.66,0.17,6319.56
O8860,2025-07-20,C1265,P2095,L104,SH4,4,13004.52,0.0,4975.3
O8212,2025-12-05,C1291,P2006,L109,SH10,6,136828.55,0.14,32780.29
O10099,2024-04-22,C1107,P2085,L112,SH5,1,₹3986.36,0.14,1557.87
O6523,2024-07-07,C1115,P2027,L113,SH22,3,₹102688.81,0.07,31473.95
O8829,2025-10-26,C1347,P2086,L103,SH4,6,₹26319.15,0.07,9100.55
O8881,2024-02-02,C1238,P2018,L109,SH19,2,58754.76,0.07,20555.45
O6904,2025-06-01,C1195,P2020,L110,SH4,3,12802.68,0.13,3031.58
O11002,2024-04-22,C1099,P2027,L108,SH10,5,169597.39,0.24,46631.13
O6060,2025-06-19,C1478,P2073,L108,SH19,1,2927.29,0.22,892.43
O5072,2024-03-31,C1426,P2089,L112,SH10,5,11201.26,0.07,3037.48
O7542,2024-04-21,C1359,P2038,L102,SH19,3,23077.05,0.26,2078.32
O7760,2024-06-11,C1130,P2022,L114,SH19,4,124879.44,0.16,26752.19
O8147,2025-03-05,C1031,P2017,L114,SH1,4,89478.09,0.13,29454.07
O10072,2025-06-13,C1051,P2025,L102,SH4,3,48950.52,0.11,11135.21
O11526,2024-09-27,C1331,P2067,L104,SH12,1,3078.53,0.16,1179.09
O9871,2024-06-12,C1326,P2090,L104,SH19,4,₹10486.84,0.17,3123.31
O11007,2025-07-16,C1049,P2038,L102,SH4,1,21485.82,0.1,1657.14
O10343,2024-06-08,C1487,P2057,L117,SH16,4,₹28284.71,0.15,2713.39
O10460,2025-08-27,C1126,P2061,L115,SH19,4,28885.7,0.18,3872.59
O5849,30/01/2024,C1252,P2089,L108,SH7,5,4175.74,0.12,1275.45
O5220,2025-07-09,C1280,P2063,L106,SH25,1,21298.61,0.14,3112.82
O8130,2024-07-30,C1429,P2017,L115,SH4,6,59509.16,0.11,
O9499,2024-10-27,C1237,P2061,L111,SH10,3,17658.79,0.22,1874.39
O11414,2025-07-01,C1010,P2069,L106,SH13,3,3198.04,0.14,987.41
O9761,2025-11-19,C1064,P2061,L110,SH10,5,76649.75,0.15,10739.58
O9366,2025-11-16,C1002,P2091,L107,SH24,3,4553.71,0.08,1268.07
O8972,2025-12-11,C1187,P2082,L106,SH13,3,₹2500.25,0.12,900.28
O5565,2025-01-25,C1412,P2031,L114,SH19,2,₹23499.19,0.02,8459.88
O5173,2025-10-28,C1335,P2061,L116,SH10,3,14348.43,0.15,2105.66
O6177,2025-12-14,C1001,P2013,L103,SH13,6,124520.07,0.13,35285.06
O7314,2024-04-01,C1382,P2094,L115,SH25,3,12257.96,0.09,
O9455,2025-12-25,C1458,P2052,L103,SH1,4,₹54389.6,0.17,5112.02
O9065,21/11/2025,C1179,P2071,L101,SH13,4,14781.82,0.04,6018.44
O8767,2024-11-08,C1414,P2083,L109,SH22,3,6002.53,0.09,2296.98
O11299,2024-04-19,C1362,P2031,L115,SH19,5,35188.68,0.15,12210.14
O10362,2025-01-07,C1079,P2031,L104,SH4,2,17905.82,0.07,3843.29
O7645,2024-07-27,C1111,P2039,L101,SH1,3,41996.91,0.2,4708.19
O9603,2024-08-21,C1067,P2005,L113,SH1,5,35761.15,0.0,9533.32
O8590,2024-06-17,C1164,P2057,L105,SH1,1,13151.66,0.32,1417.16
O9518,2024-11-13,C1140,P2050,L117,SH1,6,₹25146.99,0.17,2643.83
O11392,2025-01-06,C1215,P2083,L113,SH22,2,7280.47,0.05,3104.98
O11535,2024-10-18,C1416,P2008,L113,SH13,4,72736.64,0.18,25033.81
O7088,2025-08-16,C1344,P2040,L114,SH12,2,35046.54,0.19,4782.56
O6334,2025-01-06,C1056,P2014,L103,SH7,2,61462.63,0.09,22699.49
O11015,2024-01-23,C1168,P2096,L114,SH1,3,₹3278.93,0.07,1200.82
O5552,2025-11-20,C1148,P2012,L113,SH25,2,83120.33,0.0,22309.38
O11667,2024-01-27,C1440,P2050,L111,SH19,4,28043.34,0.1,2578.32
O9461,2025-02-12,C1352,P2035,L103,SH25,1,₹16967.39,0.15,1147.45
O8738,2024-12-23,C1038,P2012,L102,SH19,6,188877.03,0.17,73544.09
O9260,2025-09-25,C1081,P2079,L110,SH10,6,25148.5,0.11,11245.99
O8069,2025-06-24,C1413,P2023,L103,SH13,5,142833.63,0.02,45326.44
O9475,16/11/2025,C1316,P2098,L109,SH7,4,12584.21,0.07,3287.39
O9755,2025-03-18,C1135,P2044,L113,SH19,6,86513.05,0.05,6907.16
O10930,2024-10-05,C1342,P2024,L109,SH19,6,203656.76,0.06,76247.78
O8930,2025-09-07,C1282,P2074,L113,SH22,6,11371.52,0.02,5041.76
O8804,2024-02-17,C1206,P2039,L112,SH1,-6,102328.58,0.21,7472.83
O5008,2024-12-06,C1276,P2062,L112,SH10,3,31002.52,0.27,3376.44
O5683,2024-09-07,C1041,P2077,L101,SH22,5,20283.77,0.09,6199.18
O7376,16/12/2024,C1086,P2036,L106,SH1,5,85720.22,0.2,7213.27
O8281,2024-12-01,C1417,P2032,L104,SH1,5,57986.1,0.05,17719.16
O9697,2024-04-03,C1017,P2007,L105,SH16,2,4445.92,0.05,1019.42
O11089,14/05/2025,C1158,P2004,L115,SH13,2,94487.23,0.03,
O6561,2024-08-25,C1144,P2099,L104,SH19,5,8043.5,0.09,2559.63
O9907,2025-03-25,C1340,P2020,L115,SH13,6,229695.2,0.11,59721.91
O7889,14/09/2025,C1039,P2066,L107,SH7,4,₹68707.13,0.15,9359.85
O7397,2025-03-01,C1030,P2042,L117,SH13,3,52130.97,0.13,5238.13
O9123,2025-05-19,C1233,P2013,L116,SH4,2,₹10308.95,,3063.68
O7587,2025-03-24,C1488,P2096,L113,SH21,1,4152.08,0.02,1313.23
O11840,2024-04-16,C1055,P2009,L117,SH1,5,160504.87,0.03,52913.07
O10385,2025-11-20,C1329,P2003,L110,SH1,5,₹10690.11,0.0,3831.21
O10512,2024-12-21,C1267,P2066,L103,SH22,3,21608.67,0.24,2206.86
O9715,2024-09-28,C1144,P2051,L106,SH1,-3,58751.79,0.16,5101.73
O9599,2025-07-14,C1254,P2070,L107,SH22,6,18486.72,0.16,5344.33
O5879,2025-05-26,C1063,P2030,L114,SH19,5,₹72983.25,0.11,25011.27
O6297,2024-06-08,C1414,P2097,L113,SH10,3,₹6178.68,0.16,2446.52
O9150,18/09/2025,C1349,P2001,L113,SH14,4,71613.92,0.1,16192.12
O5353,2024-12-05,C1270,P2062,L101,SH4,3,62135.34,0.1,4854.75
O11134,2025-11-30,C1324,P2017,L109,SH19,5,161148.31,0.15,56963.47
O7231,2025-08-24,C1019,P2033,L101,SH19,5,100572.24,0.14,40054.21
O6316,22/11/2024,C1393,P2050,L112,SH13,5,58057.08,0.09,5998.22
O10074,14/09/2024,C1373,P2017,L105,SH10,1,20346.91,,7905.46
O5952,2025-08-20,C1289,P2085,L107,SH19,2,9083.29,0.09,2278.32
O7120,18/07/2025,C1151,P2046,L117,SH16,1,11605.26,0.06,1671.83
O5610,2024-11-24,C1439,P2047,L108,SH22,4,52555.06,0.28,6266.98
O10585,2025-11-26,C1278,P2091,L115,SH10,1,2140.1,0.08,735.45
O5233,2024-11-02,C1421,P2051,L103,SH10,6,21574.71,0.24,1761.41
O7659,2025-10-20,C1378,P2005,L102,SH19,1,₹44939.55,0.09,12778.6
O7654,2025-05-17,C1011,P2001,L113,SH4,3,69496.04,0.11,24445.41
O11994,2024-07-31,C1280,P2006,L101,SH1,1,25624.76,0.08,5581.06
O9152,2024-02-03,C1125,P2062,L102,SH16,3,42191.83,0.29,5802.8
O11980,2024-02-06,C1185,P2007,L117,SH16,4,69847.25,0.14,27604.98
O9589,2024-05-20,C1352,P2078,L108,SH22,4,18571.95,0.06,5563.48
O6650,2024-06-08,C1487,P2075,L113,SH25,4,₹10003.48,0.13,2922.34
O5545,2025-07-26,C1471,P2012,L110,SH16,2,92833.48,0.08,25029.68
O9580,2024-09-01,C1417,P2004,L104,SH4,2,71442.91,0.11,25458.28
O8692,2025-02-13,C1145,P2021,L113,SH22,4,122112.96,0.17,26724.77
O5340,2024-02-13,C1464,P2043,L104,SH22,4,84971.49,0.1,5485.54
O7768,2025-11-19,C1097,P2004,L117,SH10,-2,74942.83,0.07,23655.23
O10238,2025-03-18,C1202,P2075,L106,SH1,1,4221.92,0.07,1817.76
O11184,2025-08-26,C1237,P2098,L116,SH25,5,17884.97,0.2,7096.05
O10196,2024-02-11,C1393,P2086,L109,SH13,6,9472.71,0.06,4116.87
O6710,2025-01-14,C1242,P2088,L103,SH19,4,1876.78,0.07,694.91
O8075,2025-08-31,C1358,P2026,L104,SH22,5,115568.26,0.09,42253.42
O6396,2024-05-04,C1268,P2095,L109,SH4,5,5148.35,0.2,1317.52
O10889,2025-08-31,C1258,P2024,L104,SH13,5,115393.28,0.0,23080.81
O11858,2024-12-01,C1392,P2096,L109,SH8,3,7396.33,0.2,2104.15
O6984,2025-08-31,C1321,P2049,L106,SH16,4,36492.22,0.21,3221.09
O8793,2025-12-06,C1161,P2097,L108,SH16,2,4924.8,0.01,1261.98
O8883,2025-03-04,C1485,P2098,L103,SH1,2,4035.81,0.1,1060.91
O7723,2024-09-22,C1222,P2065,L115,SH22,4,23822.1,0.18,2887.83
O6559,2024-03-26,C1371,P2099,L117,SH22,3,2871.99,0.13,722.47
O11034,2024-11-06,C1391,P2089,L106,SH1,1,4576.92,0.05,1791.74
O7689,2025-01-22,C1038,P2061,L110,SH4,5,₹94558.46,0.13,6021.38
O7779,2024-06-13,C1057,P2021,L117,SH13,3,66157.51,0.16,22155.11
O11439,2024-09-03,C1404,P2024,L103,SH4,3,83072.79,0.06,16684.07
O10043,2024-08-07,C1458,P2080,L104,SH22,5,19252.69,0.2,7749.83
O11211,2025-02-28,C1449,P2034,L117,SH13,3,49893.51,0.13,6497.75
O9113,2024-10-10,C1238,P2002,L115,SH4,1,10653.19,0.02,4177.6
O8223,2024-12-08,C1006,P2067,L110,SH22,4,1977.85,0.16,674.22
O11757,2024-08-23,C1362,P2045,L108,SH10,1,13983.06,0.31,1474.67
O8659,2024-03-15,C1450,P2035,L105,SH16,6,₹21437.83,0.1,1498.98
O10833,2024-09-23,C1349,P2049,L103,SH25,2,28296.11,0.09,3325.1
O11552,2025-05-22,C1382,P2048,L114,SH13,-5,38210.74,0.31,3374.07
O6479,2025-02-04,C1253,P2048,L109,SH17,4,30005.11,0.26,3960.28
O8939,2025-12-14,C1228,P2069,L111,SH19,5,2386.44,0.19,889.79
O8559,2024-11-05,C1257,P2096,L111,SH1,2,5008.5,0.15,2141.79
O5097,2025-09-11,C1215,P2021,L107,SH22,4,32055.56,0.1,8013.91
O5035,2024-05-23,C1333,P2053,L104,SH10,1,1479.97,0.22,93.75
O7164,2025-03-21,C1475,P2079,L107,SH1,4,11664.4,0.26,4622.07
O6084,2025-12-10,C1113,P2001,L108,SH4,4,47539.63,0.14,
O5956,2024-12-03,C1490,P2035,L101,SH13,3,55332.06,0.24,6587.59
O8259,2025-10-01,C1431,P2003,L108,SH4,4,25985.83,0.18,5492.46
O7957,2025-05-29,C1424,P2069,L104,SH10,1,₹3255.14,0.12,
O10445,2025-05-15,C1329,P2061,L108,SH22,4,14123.04,0.28,1744.2
O11569,2025-04-30,C1153,P2071,L112,SH1,4,9181.78,0.16,4123.36
O10797,2025-01-12,C1396,P2072,L108,SH10,4,13806.32,0.0,5637.38
O10355,2024-03-26,C1466,P2080,L112,SH22,3,8377.95,0.0,2810.37
O7915,2024-08-30,C1476,P2092,L116,SH19,4,15240.27,0.18,5761.1
O9542,2025-05-14,C1216,P2036,L102,SH19,3,27176.8,0.16,3186.65
O5341,2025-05-23,C1421,P2093,L113,SH5,3,₹1526.51,0.05,590.21
O10422,2025-04-23,C1044,P2010,L104,SH13,3,57815.3,0.02,21847.34
O7620,2025-04-24,C1073,P2073,L117,SH1,4,8190.63,0.11,2957.36
O9514,2025-06-09,C1319,P2066,L111,SH13,3,24599.07,0.22,1988.79
O10752,2024-05-19,C1342,P2098,L104,SH10,5,22567.56,0.0,7967.82
O11065,2024-07-13,C1491,P2034,L103,SH22,6,38547.31,,2918.12
O8134,2025-08-13,C1429,P2071,L113,SH4,1,2209.43,0.25,566.67
O10521,2024-03-28,C1311,P2053,L107,SH1,3,30292.41,0.31,4352.24
O9828,2025-11-26,C1103,P2078,L101,SH7,3,10041.95,0.19,4216.67
O6792,2025-02-17,C1255,P2027,L110,SH13,5,160789.4,0.08,61388.78
O9183,2025-12-13,C1426,P2059,L110,SH13,2,36707.96,0.15,5489.41
O10434,2024-01-14,C1472,P2035,L114,SH22,4,34199.47,0.23,4318.51
O7320,2025-06-16,C1483,P2093,L108,SH25,5,14837.98,0.07,4676.27
O8975,2024-08-08,C1236,P2045,L106,SH7,5,60810.17,0.12,8806.64
O10180,2025-04-18,C1411,P2027,L116,SH19,3,99787.69,0.0,35627.34
O5979,2024-07-25,C1011,P2058,L108,SH16,1,6109.89,0.23,822.7
O6258,2025-06-10,C1102,P2011,L117,SH13,1,44613.25,0.1,12587.35
O10527,2024-07-16,C1216,P2020,L106,SH13,4,8154.0,0.05,1938.31
O7952,31/05/2025,C1322,P2085,L111,SH22,4,10126.76,0.12,2573.55
O6318,2025-07-05,C1215,P2071,L116,SH1,4,10507.67,0.08,3745.93
O10338,18/11/2025,C1388,P2020,L110,SH22,6,64447.61,0.08,14859.42
O11450,2025-04-07,C1384,P2024,L107,SH4,6,14666.02,0.11,4187.95
O10612,2025-02-16,C1241,P2068,L105,SH22,2,2287.19,0.11,820.61
O9116,2025-01-10,C1363,P2066,L115,SH1,5,86924.08,0.13,9239.68
O8726,2024-01-18,C1342,P2096,L113,SH19,3,5330.34,0.05,1960.74
O5122,2025-06-09,C1327,P2052,L112,SH1,2,33913.36,0.16,4108.5
O10335,2024-10-18,C1024,P2035,L103,SH1,1,3297.84,0.23,325.39
O10543,2025-12-28,C1338,P2026,L105,SH19,4,55520.79,0.07,14912.33
O8986,2025-09-03,C1401,P2072,L106,SH22,5,13878.02,0.11,3861.86
O10768,2025-12-24,C1271,P2050,L105,SH1,2,39238.28,0.16,5453.17
O9419,2024-05-01,C1344,P2091,L111,SH12,5,7865.17,0.08,2674.93
O9012,2024-11-11,C1287,P2022,L110,SH1,3,14818.04,0.09,5071.62
O6617,24/12/2024,C1305,P2021,L103,SH10,6,185541.66,0.13,69887.72
O10776,25/05/2024,C1092,P2048,L114,SH4,2,41473.45,0.13,4114.3
O6370,2025-02-27,C1359,P2064,L115,SH19,4,37345.14,0.13,3424.51
O6873,2025-11-30,C1500,P2045,L104,SH25,2,37074.14,0.19,4225.51
O6882,17/02/2025,C1484,P2081,L114,SH7,4,7300.98,0.24,1945.55
O11423,2025-03-20,C1038,P2080,L106,SH1,1,4032.19,0.0,1439.42
O7123,2024-12-08,C1013,P2058,L113,SH22,-3,48901.25,0.19,4959.87
O7220,2024-10-01,C1479,P2019,L104,SH19,1,35276.1,0.12,10738.25
O6802,2024-05-14,C1265,P2074,L109,SH8,5,8588.44,0.1,2790.85
O9763,2025-01-31,C1044,P2016,L113,SH10,4,31453.12,0.11,10814.59
O6434,2025-01-13,C1028,P2057,L109,SH21,4,10261.3,0.19,1214.69
O5998,20/10/2024,C1126,P2061,L111,SH17,6,₹54690.51,0.3,3700.96
O5376,2024-03-28,C1078,P2097,L104,SH16,5,15977.87,0.08,6577.07
O7636,2024-06-21,C1200,P2007,L106,SH19,3,90297.43,0.15,25393.86
O9127,2025-02-17,C1388,P2072,L115,SH16,1,2404.34,0.04,1017.36
O5568,2024-03-02,C1204,P2013,L106,SH19,1,11594.48,0.11,2908.57
O11772,2025-06-12,C1206,P2079,L113,SH1,4,14333.7,0.12,6278.39
O5808,2025-05-31,C1023,P2006,L116,SH10,6,16625.45,0.16,5091.12
O6599,2024-09-07,C1248,P2037,L117,SH25,4,37401.93,0.07,5587.24
O6310,2024-05-01,C1040,P2079,L111,SH4,1,1852.44,0.1,805.7
O5944,2024-05-15,C1253,P2044,L115,SH16,2,₹5642.01,,699.18
O7402,2025-01-16,C1022,P2020,L110,SH7,1,33196.66,0.07,10532.18
O10082,2024-05-28,C1010,P2089,L116,SH5,3,₹4500.73,0.12,1541.01
O11052,2024-11-23,C1341,P2090,L116,SH19,2,1024.01,0.18,457.42
O8589,2024-12-21,C1361,P2015,L108,SH13,2,71395.66,0.04,26074.3
O8547,2024-03-31,C1150,P2073,L115,SH19,1,2505.53,0.23,852.63
O9000,2025-02-13,C1362,P2019,L117,SH10,5,9998.36,0.15,2759.75
O11509,2025-10-20,C1199,P2096,L110,SH1,6,6373.19,0.07,1717.8
O11140,2025-03-04,C1204,P2086,L116,SH10,2,5811.93,0.29,2445.31
O8990,2024-06-12,C1270,P2082,L105,SH22,1,3247.8,0.06,898.99
O9698,14/08/2024,C1195,P2086,L113,SH10,6,20610.5,0.03,9163.32
O11754,2025-09-27,C1330,P2099,L104,SH19,6,₹16541.09,0.14,5392.32
O7198,2024-04-19,C1049,P2076,L101,SH13,4,18001.8,0.0,4653.56
O7930,2024-05-05,C1033,P2041,L106,SH13,6,54856.6,0.21,4800.81
O8118,2024-09-13,C1230,P2054,L114,SH16,6,23088.94,0.06,2310.71
O6642,2024-11-14,C1089,P2082,L101,SH11,4,6371.75,0.04,2039.83
O7571,2025-11-07,C1492,P2065,L117,SH10,5,₹29324.63,0.16,3181.66
O11238,2024-12-11,C1032,P2029,L112,SH19,1,30118.91,0.13,11354.82
O10828,2024-07-20,C1112,P2020,L112,SH22,3,₹55936.11,0.16,22250.51
O9106,2024-04-15,C1026,P2085,L110,SH4,1,2325.97,0.14,960.12
O8337,24/08/2024,C1240,P2090,L112,SH1,4,16508.54,0.05,6023.89
O7625,2025-03-24,C1498,P2094,L112,SH1,3,4401.93,0.07,1773.05
O5602,2025-01-15,C1353,P2077,L105,SH16,1,3945.67,0.0,1182.69
O7035,2024-12-17,C1358,P2077,L110,SH10,5,10263.1,,2993.64
O6353,2025-02-01,C1205,P2010,L108,SH16,4,169901.6,0.12,56718.27
O5280,2024-06-18,C1353,P2045,L114,SH4,1,13040.01,0.17,1703.5
O7079,2025-05-02,C1322,P2063,L104,SH4,2,19345.27,0.15,1705.92
O10302,2024-12-29,C1113,P2063,L114,SH1,4,31682.51,0.13,3157.96
O8497,2024-06-01,C1247,P2038,L107,SH25,5,₹36870.11,0.22,2592.01
O10761,2025-08-02,C1059,P2020,L112,SH1,1,25679.94,0.13,6112.57
O10867,2024-06-23,C1407,P2089,L114,SH4,3,7396.1,0.09,2760.42
O5536,2024-05-21,C1177,P2091,L113,SH19,2,7019.45,0.19,2680.42
O10444,2024-10-11,C1035,P2037,L103,SH10,1,15812.38,0.25,1142.88
O10953,2024-01-04,C1433,P2098,L109,SH1,2,6829.34,0.16,2301.94
O6357,2024-11-23,C1075,P2082,L107,SH10,1,2501.41,0.17,1119.54
O11874,2024-07-20,C1243,P2047,L106,SH1,3,17920.06,0.18,1892.22
O5013,2024-12-12,C1039,P2061,L109,SH1,3,44313.23,0.07,4244.03
O9732,19/03/2024,C1408,P2085,L116,SH19,3,6292.62,0.2,2248.06
O7903,2025-06-27,C1468,P2003,L104,SH19,1,25954.84,0.03,7342.34
O7295,18/07/2024,C1301,P2018,L114,SH1,5,49416.19,0.07,17028.36
O5331,2024-05-19,C1120,P2010,L107,SH1,1,41497.56,0.04,13152.3
O10061,2024-06-23,C1378,P2039,L106,SH1,6,12926.67,,1456.07
O11995,06/01/2024,C1002,P2032,L105,SH13,1,25274.78,0.11,9336.88
O10704,2025-07-14,C1428,P2033,L109,SH13,6,210846.01,0.11,77903.17
O7187,30/08/2025,C1267,P2072,L104,SH19,6,5348.12,0.13,1865.79
O7979,2024-10-04,C1062,P2014,L113,SH4,2,78255.98,0.09,27634.79
O9208,2025-02-14,C1329,P2032,L104,SH19,6,170377.2,0.18,54476.1
O5131,2024-07-24,C1261,P2029,L104,SH13,1,38610.45,0.12,9550.19
O10829,2024-11-29,C1367,P2019,L112,SH10,4,100675.72,0.16,34786.42
O7225,2024-09-14,C1376,P2040,L114,SH7,6,87866.38,0.17,7422.49
O9507,2024-12-09,C1015,P2085,L114,SH16,2,5926.88,0.08,2096.29
O5969,2024-07-02,C1059,P2095,L115,SH7,1,3775.43,0.06,
O9935,2024-11-02,C1379,P2002,L108,SH10,2,57837.89,0.0,12639.95
O11708,2025-11-11,C1407,P2075,L102,SH22,2,1612.68,0.2,559.81
O9235,2025-07-04,C1257,P2072,L104,SH10,6,17288.23,0.08,4454.36
O5860,2025-12-08,C1246,P2045,L110,SH19,5,43083.72,0.1,5753.12
O5221,2024-01-07,C1430,P2010,L102,SH1,1,20028.54,0.15,7380.69
O10919,2025-01-13,C1407,P2037,L103,SH13,5,8266.78,0.26,843.4
O7054,04/05/2025,C1192,P2072,L109,SH4,5,3536.83,0.0,1443.03
O7830,2024-05-25,C1053,P2023,L106,SH19,3,149803.22,0.0,58283.83
O10123,2025-12-10,C1492,P2046,L114,SH10,4,42362.92,0.12,5046.45
O11621,2024-01-30,C1293,P2052,L101,SH1,4,61867.72,0.18,8879.86
O10281,2025-12-28,C1337,P2027,L112,SH22,3,140715.58,0.04,43261.55
O5191,2025-02-09,C1414,P2040,L101,SH1,5,26787.78,0.23,1614.54
O6930,2025-12-07,C1322,P2061,L109,SH1,6,94667.34,0.26,7804.86
O6286,2025-02-11,C1407,P2089,L107,SH22,1,2570.03,0.04,916.2
O6741,2025-08-18,C1154,P2073,L101,SH19,4,9412.43,0.01,4056.74
O11342,15/04/2024,C1109,P2085,L110,SH11,6,17219.14,,4339.82
O9560,2024-11-03,C1375,P2071,L105,SH25,3,14038.29,0.02,4038.96
O11665,2025-09-22,C1359,P2023,L117,SH25,2,25839.0,0.13,6483.84
O5481,2024-04-27,C1244,P2072,L101,SH23,5,16168.59,0.07,5483.31
O5787,2025-03-25,C1357,P2048,L106,SH7,1,5022.15,0.25,564.38
O11365,2025-04-08,C1115,P2065,L112,SH1,5,₹104700.16,0.14,14671.27
O9738,2025-01-29,C1186,P2067,L112,SH22,1,977.41,0.12,332.12
O10132,2025-05-11,C1408,P2014,L112,SH22,2,85555.0,0.04,25837.59
O8937,2025-04-02,C1230,P2029,L104,SH10,4,65575.21,0.07,24477.74
O11788,2025-11-03,C1008,P2068,L101,SH19,5,5844.82,0.09,2388.58
O11824,2024-02-21,C1356,P2035,L114,SH10,6,82685.54,0.13,7636.72
O7590,2024-04-12,C1001,P2058,L111,SH19,3,27905.57,0.11,3728.6
O8019,2025-02-17,C1154,P2006,L102,SH22,2,64127.02,0.0,22137.93
O6379,10/11/2024,C1138,P2085,L109,SH16,6,21455.42,0.16,8775.86
O7114,2024-11-18,C1154,P2048,L101,SH1,4,36261.4,0.28,4624.34
O9207,2025-11-05,C1167,P2041,L109,SH13,2,39493.17,0.16,4908.84
O8374,2025-12-17,C1213,P2093,L117,SH10,3,13437.8,0.07,5925.91
O5034,2025-10-25,C1168,P2079,L108,SH19,3,1844.43,0.11,765.02
O9118,2024-01-05,C1350,P2080,L103,SH16,1,2164.07,0.05,735.19
O5762,2025-12-26,C1458,P2028,L104,SH19,2,86496.96,0.18,18793.82
O8646,2025-01-24,C1321,P2065,L113,SH10,5,₹63281.49,,4519.11
O5495,2024-05-06,C1192,P2002,L105,SH10,5,16059.91,0.14,5051.54
O5796,14/02/2024,C1172,P2079,L115,SH25,2,1602.21,0.09,417.36
O5549,2025-11-28,C1388,P2044,L115,SH4,4,35370.33,0.26,3990.28
O11029,2025-10-08,C1439,P2012,L117,SH7,1,44437.09,0.03,9668.16
O6224,2025-11-05,C1064,P2097,L107,SH22,6,26086.87,0.04,7464.31
O11063,2024-01-03,C1256,P2018,L112,SH1,5,191579.53,0.16,65460.57
O9439,2025-07-18,C1094,P2094,L103,SH19,2,6365.01,0.06,2464.36
O9751,2024-02-13,C1130,P2033,L114,SH19,5,200817.21,0.17,68336.86
O10488,2024-11-14,C1187,P2087,L103,SH16,6,28105.93,0.04,9949.62
O8061,2024-04-21,C1008,P2005,L114,SH22,4,178543.15,0.0,46539.34
,,,,,,,,,
O7662,2025-09-23,C1228,P2029,L105,SH25,3,130361.7,0.15,33414.05
O7618,2024-01-05,C1161,P2088,L101,SH22,6,26795.79,0.07,8073.17
O7144,2024-01-03,C1332,P2020,L102,SH16,3,68109.57,0.15,14067.14
O7540,2025-03-11,C1413,P2078,L101,SH13,3,2795.4,0.07,1178.0
O10337,2024-05-04,C1092,P2076,L105,SH11,6,2447.12,0.14,993.12
O9430,2025-02-21,C1171,P2007,L105,SH4,4,47821.2,0.07,12747.51
O9711,2025-04-05,C1098,P2057,L110,SH19,5,51792.89,0.1,5873.69
O11591,2024-09-05,C1265,P2094,L105,SH7,4,17493.03,0.08,7089.17
O11285,2025-02-17,C1425,P2053,L107,SH22,2,21017.11,0.12,3028.68
O11425,2024-03-23,C1457,P2038,L110,SH22,4,38457.01,0.14,
O10013,2025-02-14,C1498,P2027,L112,SH25,6,₹68872.61,0.2,26549.79
O7071,2025-11-23,C1099,P2043,L117,SH10,6,52289.95,,4379.38
O11799,2025-01-22,C1448,P2091,L115,SH4,3,14237.7,,4674.49
O7406,2025-09-23,C1146,P2067,L117,SH25,4,7091.72,0.18,2604.7
O8202,2025-02-02,C1481,P2026,L104,SH10,1,16740.84,0.17,6361.28
O9265,2025-01-16,C1115,P2037,L102,SH5,2,16482.41,0.18,1683.33
O10470,2025-12-12,C1456,P2041,L108,SH4,6,64445.57,0.23,4268.05
O6952,2025-03-29,C1241,P2037,L102,SH5,2,8440.41,0.2,511.22
O9048,2025-07-28,C1203,P2001,L115,SH16,3,96186.82,0.06,35246.61
O10087,2025-04-15,C1497,P2086,L106,SH1,4,11706.76,0.0,3925.23
O5387,2025-12-08,C1020,P2051,L111,SH13,3,17093.98,0.13,
O9198,2025-08-08,C1252,P2043,L114,SH1,6,123755.24,0.15,7567.3
O5606,2025-12-24,C1461,P2006,L116,SH24,-4,92651.25,0.07,23991.39
O8108,2024-09-22,C1051,P2044,L112,SH25,1,3999.86,0.12,547.45
O10931,2025-02-15,C1425,P2091,L114,SH3,1,3195.11,0.12,1227.68
O6451,2025-06-23,C1056,P2036,L115,SH10,3,12685.29,0.16,1800.42
O10817,2024-02-15,C1418,P2067,L107,SH10,1,4483.15,0.06,1430.42
O11337,2025-11-05,C1374,P2030,L101,SH1,5,60864.84,0.17,23934.47
O7720,2025-05-22,C1274,P2083,L104,SH7,2,8315.43,0.12,3445.83
O5624,2025-01-03,C1393,P2071,L109,SH13,1,4196.53,0.13,1424.72
O9572,2024-06-15,C1304,P2040,L102,SH4,5,66180.54,0.16,9633.96
O6787,2024-10-08,C1449,P2061,L101,SH4,2,30638.66,0.17,4312.69
O6097,30/04/2025,C1248,P2092,L116,SH19,6,8335.15,0.15,2752.18
O9264,2024-02-27,C1232,P2042,L113,SH1,2,1712.08,0.05,122.36
O7982,2024-01-15,C1390,P2061,L115,SH22,1,15862.33,0.24,1086.35
O11918,21/06/2024,C1323,P2097,L112,SH22,2,7637.02,0.0,2058.9
O8203,2025-04-15,C1469,P2096,L107,SH10,5,4826.56,0.21,1660.21
O6195,06/11/2025,C1125,P2028,L106,SH19,1,36218.97,0.07,8007.8
O9941,2025-08-05,C1418,P2079,L107,SH1,3,9320.78,0.04,2954.61
O10284,2025-12-21,C1325,P2061,L114,SH10,6,116925.1,0.18,13244.34
O11016,2025-03-30,C1453,P2058,L115,SH19,1,₹6284.53,0.19,752.8
O6134,2024-06-23,C1242,P2036,L106,SH4,3,49987.09,0.21,5729.97
O5492,2025-09-13,C1055,P2038,L110,SH13,4,9143.23,0.21,1178.33
O11632,2025-04-05,C1465,P2073,L108,SH7,6,15636.28,0.19,6617.1
O10125,2025-05-17,C1255,P2092,L115,SH16,1,2113.37,0.1,839.24
O10561,2025-02-23,C1288,P2042,L108,SH25,1,1288.47,0.21,138.89
O9706,2025-05-22,C1012,P2077,L107,SH22,6,4765.5,0.06,1586.75
O6156,2025-05-18,C1323,P2001,L103,SH26,2,7971.17,0.24,1901.07
O6061,2025-11-28,C1497,P2089,L109,SH16,6,₹15537.5,0.13,5294.95
O6528,2024-08-31,C1084,P2049,L115,SH22,3,9459.43,,580.49
O9026,2025-12-23,C1496,P2088,L103,SH13,6,19956.73,,8863.71
O9988,2025-12-18,C1155,P2025,L115,SH22,3,₹144216.9,0.0,28926.97
O11937,2025-02-05,C1395,P2002,L112,SH7,1,32903.43,0.03,8537.2
O11642,2024-12-08,C1016,P2078,L110,SH4,5,7183.51,0.11,1830.23
O6738,2024-07-31,C1268,P2039,L102,SH21,4,22959.62,0.09,2587.8
O10032,2025-07-30,C1339,P2064,L116,SH1,2,4279.96,0.21,372.61
O6762,2024-09-08,C1288,P2012,L115,SH19,3,50264.42,0.12,15547.64
O5663,2025-09-02,C1137,P2078,L108,SH10,1,1468.04,0.0,568.83
O8348,2024-03-13,C1259,P2047,L101,SH1,1,8777.09,0.11,683.86
O9831,2024-03-17,C1256,P2080,L106,SH7,1,1330.59,0.17,488.33
O8179,2024-06-23,C1102,P2027,L108,SH16,3,86147.69,0.13,34220.92
O11191,2024-09-12,C1036,P2018,L109,SH7,2,79332.27,0.09,19809.17
O10229,2025-04-04,C1218,P2092,L113,SH27,6,8055.37,0.15,2067.83
O10366,2024-04-10,C1310,P2003,L108,SH22,3,95395.85,0.14,27788.8
O8038,2024-04-07,C1227,P2019,L102,SH26,6,₹24740.06,0.11,5630.58
O6171,2024-09-17,C1484,P2088,L105,SH22,2,2676.31,0.13,978.64
O5620,2025-10-15,C1213,P2096,L104,SH21,6,15383.05,0.16,5920.91
O8948,2024-10-24,C1260,P2020,L108,SH22,3,120437.41,0.0,32359.25
O5675,2025-04-10,C1303,P2092,L107,SH19,three,4155.61,0.15,1308.25
O6245,2024-10-20,C1182,P2060,L117,SH22,2,9866.89,0.34,971.88
O8067,2024-05-30,C1282,P2011,L117,SH19,4,105210.25,0.0,21095.11
O7809,2025-08-10,C1069,P2043,L113,SH4,2,40167.02,0.19,3189.16
O11144,2025-08-25,C1355,P2079,L103,SH13,2,1698.58,0.11,489.1
O8359,2025-07-31,C1439,P2001,L104,SH10,4,41605.42,0.09,8533.55
O6713,2024-09-07,C1296,P2060,L115,SH1,2,31914.51,0.08,3189.18
O9949,2025-05-22,C1453,P2067,L111,SH16,3,7632.72,,1986.73
O9345,2025-02-03,C1009,P2092,L109,SH1,4,17616.51,0.08,6052.9
O10633,2025-01-31,C1437,P2071,L110,SH19,4,2038.71,0.14,700.95
O6839,2024-06-25,C1380,P2052,L112,SH10,3,53530.4,0.16,7338.92
O9748,2025-07-14,C1293,P2098,L113,SH8,3,1867.95,0.0,574.66
O7549,2024-07-19,C1365,P2064,L105,SH19,3,₹50081.97,0.24,3784.19
O9633,2025-12-16,C1287,P2037,L103,SH19,6,117750.03,0.15,10121.53
O7698,13/07/2024,C1193,P2022,L115,SH7,4,30674.11,0.09,7171.26
O7118,2024-05-29,C1213,P2007,L108,SH12,3,130657.77,0.12,50244.36
O5488,2024-01-25,C1332,P2010,L105,SH4,1,24243.75,0.07,6457.16
O5295,2024-01-10,C1266,P2088,L115,SH4,4,₹1538.55,0.12,490.36
O10499,2024-09-14,C1151,P2039,L114,SH22,1,14141.86,0.27,1032.27
O8774,2024-01-31,C1161,P2031,L105,SH10,3,142638.61,0.0,51675.23
O11559,2025-04-27,C1322,P2012,L104,SH13,2,83401.51,0.05,19351.53
O7432,2025-07-15,C1374,P2093,L102,SH1,3,3382.43,0.11,
O11966,2024-01-20,C1420,P2035,L107,SH16,5,74437.8,0.2,7767.12
O6521,2024-10-11,C1429,P2005,L109,SH4,1,27036.1,0.18,7031.62
O7544,2024-07-04,C1090,P2020,L110,SH10,4,₹152742.02,0.28,54931.89
O6242,2025-08-29,C1305,P2052,L116,SH19,6,21224.37,0.09,1291.6
O8219,2025-03-01,C1432,P2084,L112,SH16,2,2906.23,0.08,967.25
O9845,2025-02-24,C1151,P2028,L107,SH4,2,28098.66,0.13,10585.94
O6233,2025-12-12,C1043,P2033,L114,SH19,6,45634.49,0.17,10986.62
O10519,2025-07-25,C1231,P2095,L110,SH13,5,20669.39,0.03,8059.9
O5203,2024-10-08,C1114,P2053,L110,SH19,2,₹3731.29,0.18,542.41
O10618,2025-08-07,C1212,P2068,L104,SH1,5,₹20823.74,0.16,5993.95
O10346,2025-06-26,C1183,P2094,L101,SH10,6,8796.96,0.23,3218.42
O5928,2024-04-23,C1161,P2074,L103,SH25,2,2071.81,0.08,731.91
O7098,2025-08-22,C1081,P2022,L108,SH1,1,32767.26,0.09,10479.66
O6936,2025-09-09,C1406,P2011,L112,SH19,5,265193.12,0.02,79279.48
O11096,2024-03-03,C1211,P2054,L116,SH13,2,31160.18,0.05,3727.54
O10065,2024-01-06,C1212,P2042,L105,SH19,1,₹22719.51,0.0,3057.96
O11151,2025-10-17,C1317,P2037,L102,SH25,5,94065.82,0.1,10900.53
O6958,2024-11-22,C1229,P2002,L103,SH10,6,197792.5,0.0,75807.27
O7428,2025-03-26,C1002,P2024,L106,SH4,6,23574.21,0.25,4976.22
O5582,2025-12-15,C1281,P2057,L105,SH13,6,71469.92,0.14,
O9368,2025-09-12,C1435,P2072,L101,SH10,2,₹1829.09,0.0,609.28
O7677,2024-05-21,C1337,P2013,L117,SH4,1,9340.1,0.11,3276.49
O7925,15/05/2025,C1019,P2043,L108,SH7,1,₹10524.15,0.2,660.13
O7980,2025-06-19,C1157,P2027,L117,SH1,5,226186.43,0.09,68184.22
O11263,2024-08-09,C1298,P2078,L107,SH16,6,24050.4,0.02,6753.47
O5951,2024-10-17,C1179,P2012,L107,SH19,3,24786.39,0.26,5791.56
O10110,2024-09-03,C1258,P2052,L106,SH10,5,₹8096.1,0.23,800.53
O9559,2025-09-29,C1243,P2081,L113,SH4,5,₹21833.7,0.02,7481.23
O5739,2024-07-09,C1197,P2046,L108,SH16,6,49192.89,0.26,2984.47
O6212,2025-08-14,C1156,P2059,L106,SH10,2,7101.84,0.14,870.94
O11567,2025-02-18,C1274,P2042,L106,SH25,1,7587.83,0.28,778.57
O6387,2025-04-09,C1196,P2004,L105,SH1,2,66634.3,0.06,23689.69
O10356,2025-11-14,C1214,P2012,L108,SH19,5,78025.05,0.11,16339.23
O7791,2024-05-08,C1173,P2061,L105,SH10,3,4392.39,0.14,267.56
O7444,2024-04-28,C1311,P2099,L103,SH4,2,1689.97,0.08,558.6
O7178,2025-06-07,C1393,P2069,L115,SH10,1,961.65,0.0,
O7304,22/03/2025,C1261,P2071,L106,SH13,4,9700.45,0.2,3366.81
O11390,2024-08-28,C1171,P2007,L109,SH4,1,13488.66,0.16,2701.7
O7992,2024-07-08,C1254,P2039,L105,SH22,6,36075.85,0.23,3025.01
O8438,2024-03-20,C1161,P2026,L117,SH22,5,272012.81,0.0,102196.72
O7293,2024-05-06,C1040,P2040,L103,SH25,3,56435.87,0.14,6633.24
O9795,2024-05-25,C1143,P2037,L112,SH15,three,33520.49,0.26,4627.63
O7412,2024-09-07,C1005,P2012,L117,SH7,6,132369.81,0.07,39433.97
O8645,2024-07-31,C1448,P2032,L103,SH22,6,54967.59,0.0,15801.58
O6701,2024-08-28,C1285,P2096,L116,SH13,5,10418.91,0.02,3724.95
O8920,2025-08-12,C1455,P2082,L114,SH10,3,8169.57,0.02,2072.86
O11246,2025-07-06,C1224,P2050,L111,SH8,6,37860.14,0.2,3250.2
O5343,2025-05-25,C1316,P2032,L110,SH1,1,20952.01,0.11,6498.01
O6110,2025-07-25,C1108,P2057,L115,SH1,3,3439.17,0.25,249.36
O10403,2024-01-30,C1067,P2035,L113,SH1,1,3133.69,0.0,
O8326,2025-10-17,C1443,P2069,L105,SH7,3,12472.0,0.08,3317.37
O8755,2024-04-05,C1445,P2051,L112,SH19,1,10848.34,0.21,1081.86
O10541,2025-11-14,C1313,P2007,L106,SH1,2,64423.72,0.13,16467.72
O8856,2024-12-08,C1334,P2007,L116,SH19,6,226363.6,,69078.04
O6675,2025-05-12,C1352,P2059,L101,SH10,1,₹13464.13,0.19,1619.97
O7525,27/02/2025,C1041,P2057,L109,SH7,3,34341.64,0.14,5136.65
O11766,2025-08-20,C1248,P2004,L106,SH22,2,84413.97,0.1,18642.79
O11895,08/10/2024,C1144,P2095,L117,SH10,3,6487.55,0.05,2255.32
O7641,2025-03-26,C1495,P2084,L109,SH1,4,10873.51,0.18,4061.55
O9775,2024-10-10,C1116,P2093,L104,SH4,3,12641.79,0.08,4780.3
O6508,2024-07-19,C1477,P2008,L101,SH19,6,166035.77,0.08,61775.08
O6702,2025-02-09,C1486,P2016,L104,SH19,three,36374.97,0.08,14492.74
O7281,2024-10-25,C1020,P2038,L102,SH1,3,16974.78,0.14,2418.63
O9659,2025-09-04,C1347,P2036,L103,SH13,5,54522.35,0.17,5735.37
O10890,10/10/2025,C1251,P2098,L111,SH19,2,4514.7,0.12,1717.07
O5378,2025-05-02,C1444,P2061,L108,SH22,1,8032.22,0.0,767.34
O6138,07/12/2025,C1460,P2014,L113,SH1,1,17455.49,0.03,3674.08
O5974,2025-09-25,C1372,P2063,L110,SH19,6,86006.79,0.3,9934.39
O9109,2025-09-15,C1166,P2092,L108,SH13,5,16619.02,0.06,5440.75
O5500,2024-04-12,C1066,P2086,L108,SH1,3,4826.8,0.06,1274.09
O10217,2025-04-20,C1465,P2080,L117,SH13,4,18627.65,0.02,5085.3
O5128,2024-05-05,C1470,P2063,L107,SH4,6,17155.44,0.3,1143.66
O8878,2024-04-06,C1129,P2041,L108,SH1,5,36949.53,0.12,2940.68
O5469,2025-07-08,C1402,P2038,L107,SH4,5,₹6406.35,0.19,853.73
O5986,2024-05-14,C1472,P2078,L115,SH13,three,16600.86,0.07,6550.68
O7839,2024-08-26,C1380,P2041,L114,SH10,4,21857.34,,2201.29
O10809,2024-05-18,C1322,P2081,L105,SH25,1,458.95,0.07,165.24
O6222,2025-02-19,C1466,P2069,L106,SH22,5,15935.89,0.23,4046.91
O6281,2025-12-22,C1419,P2025,L107,SH19,5,102662.17,0.19,22557.7
O8544,2025-04-16,C1470,P2025,L104,SH20,6,44957.62,0.16,17360.36
O5309,2024-07-27,C1159,P2011,L117,SH10,4,182327.6,,42131.43
O5982,2024-08-25,C1314,P2087,L116,SH10,5,14927.23,0.19,5309.04
O8831,2024-07-07,C1249,P2055,L116,SH7,1,1553.08,0.19,96.42
O11174,2025-10-31,C1179,P2013,L103,SH7,5,44920.98,0.03,16258.89
O9718,2024-08-02,C1267,P2070,L102,SH19,3,5755.62,0.0,1796.15
O7056,2024-03-02,C1201,P2002,L112,SH22,6,139946.07,0.19,28329.71
O8664,2024-09-05,C1232,P2072,L105,SH1,6,7342.24,0.05,2782.87
O7488,2025-03-23,C1426,P2023,L111,SH22,6,₹52843.38,0.22,18357.45
O10400,2024-09-09,C1153,P2070,L103,SH4,5,₹12448.84,0.14,4749.59
O11902,2024-07-17,C1380,P2024,L110,SH13,4,189751.13,,43878.04
O7592,2024-10-28,C1221,P2054,L107,SH26,5,63216.07,0.11,5943.12
O7199,2024-06-11,C1278,P2014,L109,SH1,1,33110.68,0.0,10338.42
O11489,2024-08-18,C1005,P2074,L112,SH4,-4,2773.48,0.18,716.96
O6284,2024-03-10,C1368,P2016,L114,SH22,1,25144.43,0.08,7662.83
O5139,2024-06-24,C1483,P2075,L105,SH22,3,10290.51,0.0,4055.76
O10694,2025-06-02,C1052,P2050,L111,SH1,3,32026.04,0.11,2589.11
O5755,2024-10-22,C1272,P2056,L101,SH22,3,62744.72,0.1,6299.18
O10243,2024-12-07,C1011,P2001,L101,SH4,4,₹184011.92,0.09,66656.39
O8872,2024-08-28,C1175,P2089,L114,SH22,1,3210.83,0.09,1391.62
O7754,2025-11-03,C1205,P2030,L116,SH26,3,49251.3,0.22,10473.36
O5040,2024-07-13,C1032,P2051,L109,SH10,1,19384.49,0.2,2818.72
O10476,2024-02-12,C1338,P2028,L117,SH19,1,16509.83,0.02,5652.63
O11277,2024-01-06,C1254,P2003,L109,SH25,4,10965.88,0.02,2873.79
O7386,08/01/2024,C1423,P2034,L108,SH4,6,₹27713.25,0.16,3229.47
O9764,11/11/2024,C1005,P2099,L107,SH10,5,14467.53,0.08,3985.73
O5861,2025-12-27,C1391,P2044,L106,SH4,2,12423.51,0.24,1577.8
O8427,2025-07-15,C1016,P2095,L112,SH13,2,3540.82,0.17,1326.18
O11672,2024-09-04,C1489,P2074,L107,SH16,5,₹7058.55,0.02,2934.9
O10636,2025-03-19,C1042,P2081,L103,SH19,6,24673.6,0.0,7350.47
O11437,2025-08-14,C1029,P2069,L111,SH10,5,8855.98,,3416.62
O8660,2024-05-30,C1191,P2001,L106,SH10,4,143096.83,0.18,36996.47
O9251,2024-09-02,C1170,P2098,L107,SH10,2,7178.88,0.09,2804.8
O6714,18/10/2025,C1499,P2060,L117,SH13,2,6072.61,0.13,694.47
O11751,2024-02-04,C1046,P2050,L113,SH19,6,₹26557.68,0.29,1978.49
O6593,04/02/2024,C1396,P2089,L108,SH13,6,8630.27,0.13,2370.98
O6715,2024-01-08,C1126,P2060,L103,SH10,5,68098.78,0.28,8265.97
O10253,2025-06-20,C1224,P2055,L104,SH21,4,14293.67,0.19,1835.71
O10976,2025-11-20,C1297,P2011,L101,SH19,4,79857.95,0.08,22780.39
O5942,2024-01-06,C1481,P2086,L102,SH13,4,5765.9,0.08,2156.05
O8317,2025-09-11,C1103,P2008,L107,SH2,5,262975.58,0.03,
O7262,2024-12-19,C1134,P2032,L113,SH25,5,168918.23,0.05,36779.87
O7517,2024-07-28,C1339,P2097,L106,SH4,4,13128.5,0.11,3565.6
O7094,2025-01-23,C1367,P2038,L108,SH3,6,71746.94,0.22,7337.86
O8226,28/01/2024,C1261,P2032,L107,SH22,2,40415.18,0.11,13293.46
O5510,2025-09-20,C1006,P2085,L108,SH1,4,14046.69,0.01,5638.92
O6524,2024-01-27,C1017,P2070,L112,SH10,3,13758.75,0.0,5515.82
O5512,2024-08-27,C1033,P2034,L112,SH13,4,5948.52,0.19,467.61
O6682,2024-12-31,C1137,P2023,L110,SH16,6,117158.59,0.18,33900.31
O10152,2024-08-06,C1457,P2033,L102,SH4,5,140980.11,0.21,29804.52
O7375,2025-12-03,C1373,P2080,L111,SH19,1,2300.48,,592.75
O6544,2025-11-03,C1426,P2075,L102,SH22,1,3591.16,,1171.5
O10640,2024-06-04,C1170,P2059,L113,SH7,1,₹3602.98,,402.61
O5287,2025-04-14,C1298,P2001,L103,SH7,5,166680.66,0.06,56581.05
O9972,2024-03-30,C1228,P2037,L108,SH10,4,14822.46,0.28,1456.29
O5968,2024-12-29,C1369,P2073,L109,SH24,1,1367.95,0.13,364.36
O5856,2024-04-08,C1351,P2090,L112,SH4,1,2858.33,0.0,915.6
O8685,2025-12-19,C1361,P2027,L116,SH10,5,34307.07,0.02,7502.33
O7847,2024-04-19,C1050,P2025,L107,SH4,1,12357.8,0.08,3802.02
O9028,2025-03-10,C1061,P2079,L116,SH19,4,5318.85,0.16,1568.02
O5819,2024-11-24,C1108,P2097,L108,SH25,4,6795.51,0.16,2062.24
O7211,2025-01-12,C1074,P2019,L104,SH22,5,85020.62,0.1,23994.98
O5479,2025-03-01,C1035,P2065,L106,SH13,2,21192.66,0.24,2041.01
O11195,2024-08-12,C1227,P2029,L103,SH19,6,162165.0,0.0,54954.66
O6189,2025-06-11,C1232,P2080,L116,SH19,3,6211.03,0.1,1786.21
O11300,2024-03-23,C1255,P2003,L110,SH16,5,95779.56,0.01,37443.71
O7556,2024-09-17,C1017,P2087,L114,SH19,4,6138.07,0.15,1985.58
O11846,2025-08-10,C1133,P2029,L114,SH22,2,80231.86,0.06,23593.44
O9999,2025-12-22,C1023,P2050,L112,SH10,2,26514.31,0.27,3092.98
O11159,2025-03-09,C1012,P2031,L114,SH21,2,87079.17,0.03,26825.72
O7770,2025-01-22,C1397,P2045,L116,SH22,4,23350.37,,1995.31
O9035,2025-03-22,C1267,P2099,L109,SH4,6,₹19246.9,0.06,5001.56
O11050,11/09/2024,C1439,P2078,L116,SH7,1,₹2053.07,0.14,760.86
O10653,2024-06-23,C1131,P2095,L103,SH19,6,15783.88,0.12,6470.26
O9328,2025-06-25,C1136,P2086,L109,SH16,6,4677.11,0.2,1801.87
O8371,2024-01-31,C1283,P2029,L104,SH13,2,3302.34,0.03,1210.2
O5840,2025-02-11,C1484,P2008,L112,SH13,4,37660.43,0.0,13963.01
O7557,2024-07-20,C1174,P2095,L105,SH4,2,8321.33,0.03,2207.99
O8686,2025-06-13,C1476,P2050,L114,SH19,5,96624.65,0.21,6778.61
O11706,2025-10-17,C1343,P2041,L113,SH4,4,30541.76,0.37,4295.28
O6254,2024-10-27,C1149,P2039,L116,SH22,5,29188.22,0.19,1757.16
O5594,2024-12-04,C1238,P2090,L102,SH1,1,661.36,0.14,264.62
O5588,2025-01-22,C1084,P2092,L113,SH19,2,2603.09,0.08,692.01
O8252,2025-06-14,C1016,P2066,L102,SH4,4,46952.78,0.28,6477.38
O6374,2025-10-27,C1413,P2014,L103,SH1,4,₹8563.74,0.1,3309.88
O9500,2024-10-11,C1495,P2009,L108,SH7,6,8815.45,0.15,3381.73
O7119,2025-01-30,C1028,P2045,L115,SH4,5,95746.06,0.14,13259.89
O6320,2025-01-05,C1360,P2012,L108,SH7,3,4761.61,0.04,1898.84
O6979,2025-07-29,C1423,P2080,L116,SH10,4,3902.64,0.09,1188.55
O9937,2024-09-20,C1158,P2036,L101,SH19,2,17530.25,0.27,1933.45
O7648,2025-07-12,C1173,P2079,L106,SH6,3,4617.45,0.25,1856.18
O10324,2025-04-18,C1246,P2022,L110,SH13,4,115342.86,0.21,28635.69
O8532,2024-07-20,C1235,P2083,L114,SH1,3,9069.41,0.21,3259.64
O8873,2024-08-11,C1079,P2062,L109,SH10,-3,40684.8,,3005.45
O9876,2025-03-13,C1187,P2016,L101,SH13,5,66368.63,0.16,19856.94
O7548,2024-04-20,C1390,P2069,L101,SH15,4,10125.72,0.02,3576.95
O6142,2025-10-01,C1288,P2081,L107,SH10,-1,1271.58,0.06,455.66
O11548,2025-08-15,C1007,P2063,L104,SH13,3,28532.16,0.2,3257.49
O6402,2025-03-19,C1085,P2027,L116,SH22,-3,131578.74,0.1,37466.71
O8305,21/03/2024,C1443,P2069,L112,SH10,1,1404.15,0.14,458.74
O10042,2025-06-01,C1436,P2068,L103,SH17,5,12659.41,0.13,4786.2
O8070,2024-09-22,C1012,P2052,L113,SH1,1,17191.46,0.21,1059.78
O10028,2024-10-24,C1438,P2086,L107,SH7,5,₹17433.96,0.09,4784.65
O6501,2024-11-15,C1437,P2067,L117,SH20,1,1990.41,0.11,520.15
O11971,2025-10-20,C1043,P2091,L113,SH1,5,5425.15,0.06,1445.64
O9309,2025-03-13,C1233,P2028,L110,SH24,4,148432.04,0.04,34280.98
O10305,2025-11-30,C1220,P2014,L111,SH22,6,85658.05,,20851.84
O6810,2024-05-03,C1500,P2059,L104,SH13,3,34738.27,0.18,3008.83
O10854,2025-09-14,C1399,P2092,L106,SH10,2,7379.51,0.21,3021.73
O10592,2024-08-15,C1283,P2042,L104,SH1,4,20345.72,0.18,2808.54
O6900,2025-02-01,C1058,P2030,L102,SH4,-2,₹20237.87,0.11,7134.02
O11409,2024-06-30,C1276,P2088,L114,SH22,2,4764.95,0.03,1432.95
O6516,2025-01-10,C1228,P2092,L110,SH22,2,6621.67,0.17,2043.03
O10304,2025-04-24,C1475,P2014,L110,SH10,4,198382.48,0.04,46807.33
O10183,2024-02-14,C1375,P2026,L114,SH25,three,23876.18,0.26,6848.36
O5411,2025-04-19,C1191,P2034,L110,SH22,5,88807.41,0.17,9089.29
O7172,02/02/2025,C1148,P2015,L108,SH19,6,143641.72,0.24,38168.12
O5177,2025-05-20,C1146,P2059,L117,SH19,4,73209.9,0.18,5276.82
O7214,2024-06-11,C1002,P2056,L115,SH1,6,10149.8,0.26,1421.02
O11653,2025-07-26,C1230,P2070,L106,SH16,4,15315.12,0.19,3923.7
O11716,2024-12-20,C1251,P2089,L108,SH13,2,2259.66,0.09,719.32
O8833,2025-07-28,C1223,P2031,L109,SH25,6,104765.93,0.17,37595.82
O7705,2025-11-13,C1499,P2024,L112,SH1,2,7697.37,0.16,2357.9
O9759,2025-02-03,C1148,P2059,L113,SH13,2,25007.35,0.19,3476.83
O8457,2024-11-14,C1108,P2014,L103,SH1,6,25672.95,0.13,9692.89
O6832,2025-08-12,C1309,P2014,L104,SH4,-3,17562.93,0.11,6908.31
O8961,2024-11-19,C1217,P2037,L101,SH7,5,27496.89,0.27,2840.6
O9059,2024-04-22,C1027,P2085,L102,SH13,4,3439.38,0.11,1088.93
O7740,2025-02-02,C1024,P2066,L106,SH4,5,63519.86,0.18,8315.52
O8550,2025-08-04,C1206,P2092,L108,SH1,1,2407.31,0.24,
O11745,2025-05-10,C1171,P2020,L114,SH4,1,11198.23,0.09,3703.15
O7510,2024-01-27,C1480,P2079,L114,SH1,1,1459.77,0.1,514.34
O9804,2024-10-22,C1264,P2017,L116,SH7,2,52336.6,0.2,10938.73
O10199,2024-02-08,C1368,P2078,L106,SH22,6,14782.43,,5616.88
O11637,2025-03-28,C1229,P2068,L107,SH10,1,3429.35,0.05,1301.34
O9865,2025-06-14,C1059,P2051,L110,SH13,5,31457.24,0.12,
O6057,2024-01-08,C1144,P2064,L107,SH13,1,4658.05,0.16,623.72
O5279,2024-04-30,C1442,P2012,L115,SH19,5,197782.95,0.08,48929.37
O6394,2025-11-06,C1153,P2002,L106,SH4,1,₹31213.22,0.02,10029.77
O11819,2025-10-13,C1170,P2045,L112,SH22,5,46218.35,0.16,
O11150,2025-12-14,C1070,P2047,L101,SH13,3,6716.63,0.22,625.77
O5686,2025-09-17,C1083,P2087,L110,SH19,5,15137.11,0.12,5903.01
O7614,2024-04-03,C1329,P2090,L102,SH1,5,4671.88,0.0,1515.37
O7266,2025-02-24,C1209,P2027,L108,SH10,5,156763.05,0.07,50609.66
O10548,2025-06-03,C1307,P2065,L108,SH4,6,66911.76,0.14,5033.93
O7722,2025-01-06,C1163,P2021,L107,SH19,2,75830.22,0.16,25144.41
O10971,2024-07-12,C1022,P2027,L108,SH20,6,₹58484.39,0.2,19348.8
O10254,2024-06-23,C1158,P2009,L109,SH1,6,154360.97,0.07,42033.96
O11791,2025-03-06,C1290,P2032,L115,SH10,6,76361.85,0.15,17208.11
O7441,2024-08-03,C1213,P2061,L103,SH19,1,15503.73,0.11,1627.7
O10058,2024-01-13,C1223,P2051,L112,SH25,1,3737.62,0.11,338.81
O9037,2024-08-12,C1003,P2010,L111,SH19,4,90879.5,0.09,22574.67
O6165,2025-05-18,C1374,P2093,L112,SH10,6,12344.81,0.09,4112.85
O9227,23/02/2025,C1333,P2017,L109,SH13,1,13929.54,0.05,5125.78
O10484,2024-09-13,C1317,P2008,L107,SH22,3,128029.97,0.14,38518.18
O6863,2025-12-30,C1442,P2001,L102,SH7,5,184201.37,0.12,58482.01
O9858,2024-05-24,C1161,P2014,L102,SH22,4,79244.5,0.15,24035.26
O9468,2024-02-22,C1027,P2087,L116,SH19,3,12325.84,0.01,4305.08
O7785,2024-01-18,C1450,P2053,L109,SH19,6,71411.76,0.12,8629.54
O8013,2024-11-23,C1055,P2014,L104,SH7,2,88362.83,0.16,27163.16
O8647,2025-05-17,C1366,P2034,L104,SH21,4,50921.47,0.24,3979.69
O5539,2024-03-31,C1242,P2077,L114,SH4,5,3126.47,0.1,920.29
O11282,2025-09-15,C1236,P2004,L103,SH1,3,117872.81,0.11,37266.41
O8635,2024-02-29,C1365,P2055,L111,SH19,4,28149.17,0.23,3358.06
O8059,06/06/2025,C1453,P2053,L115,SH26,3,37447.36,0.42,3155.34
O7584,2024-07-18,C1142,P2054,L105,SH19,3,22227.89,0.12,2151.22
O8286,2024-05-15,C1078,P2082,L116,SH13,6,3315.55,0.0,1235.31
O7906,2025-03-08,C1248,P2036,L111,SH10,2,23196.38,0.19,3331.49
O9855,2024-11-06,C1127,P2053,L113,SH25,3,66665.6,0.09,7149.06
O7912,2024-11-16,C1050,P2030,L108,SH7,-3,4767.7,0.13,1745.39
O8512,15/02/2025,C1073,P2003,L104,SH25,5,113769.12,,28438.84
O5199,2024-04-13,C1124,P2027,L103,SH22,6,167711.1,0.16,48516.84
O6035,2024-10-19,C1059,P2013,L106,SH1,2,17306.97,0.06,4345.97
O11252,2024-06-12,C1272,P2074,L101,SH17,1,3787.79,0.12,1269.25
O9534,2025-08-15,C1372,P2090,L108,SH10,6,21195.88,0.13,9081.9
O6853,2024-11-23,C1190,P2047,L108,SH25,2,21648.01,0.22,1448.98
O11424,2025-11-25,C1320,P2065,L114,SH26,1,1688.0,0.16,165.5
O7578,2024-02-20,C1089,P2067,L117,SH1,2,7347.55,0.0,2655.47
O11094,12/08/2024,C1264,P2063,L112,SH16,3,26730.62,0.26,3990.6
O7115,05/04/2025,C1397,P2082,L105,SH22,2,8759.81,0.0,3574.92
O6989,2025-05-23,C1371,P2092,L105,SH7,1,617.52,0.11,162.76
O5803,2025-04-21,C1144,P2018,L104,SH13,2,44257.75,0.15,10366.95
O6580,2024-08-12,C1247,P2038,L104,SH13,4,11261.73,0.2,1568.54
O9131,2024-12-07,C1384,P2093,L115,SH10,3,12412.12,0.1,
O10552,2024-04-21,C1485,P2097,L113,SH25,3,12787.6,0.0,4873.39
O5395,2025-05-15,C1016,P2031,L112,SH10,5,164742.59,0.01,38799.64
O10018,2025-01-17,C1231,P2078,L108,SH22,6,25178.43,0.04,9387.62
O9421,2025-09-19,C1039,P2038,L114,SH4,6,50044.23,0.05,3153.0
O7475,2024-12-07,C1105,P2016,L101,SH1,5,₹52221.85,0.14,17453.07
O8364,2025-09-28,C1225,P2061,L108,SH22,5,97026.42,0.17,7213.99
O7905,2024-09-15,C1139,P2038,L110,SH1,4,10833.61,0.32,1230.46
O11056,2024-09-30,C1258,P2009,L117,SH10,5,104180.28,0.18,24030.62
O11426,2025-04-22,C1050,P2014,L116,SH13,2,67886.93,0.11,24918.03
O5049,2024-03-16,C1056,P2063,L115,SH1,1,₹20757.28,0.08,1847.19
O10064,2025-08-14,C1356,P2091,L113,SH13,2,5101.13,0.17,1867.51
O10959,2025-03-25,C1473,P2023,L101,SH13,2,16967.71,0.14,3637.27
O7813,2024-02-27,C1329,P2048,L107,SH4,-6,11958.94,0.26,1689.99
O6298,2025-05-22,C1076,P2062,L103,SH1,2,8619.76,0.17,660.73
O11518,2024-08-20,C1249,P2011,L101,SH4,3,51514.55,0.22,17243.22
O7532,2025-09-02,C1373,P2008,L108,SH13,2,46620.78,0.23,16515.81
O8310,2024-11-22,C1457,P2002,L110,SH10,1,41381.91,0.16,9246.62
O6404,2025-04-05,C1460,P2081,L103,SH25,3,3051.99,0.13,783.61
O5672,2025-04-17,C1453,P2039,L110,SH4,6,24338.04,0.16,2105.19
O10690,22/02/2024,C1463,P2094,L104,SH10,1,₹2424.59,0.13,967.81
O7272,2025-02-21,C1088,P2067,L110,SH10,6,₹10082.72,0.05,2562.44
O11508,2025-01-04,C1296,P2033,L112,SH19,3,77845.35,0.1,26086.27
O9681,2024-10-23,C1343,P2021,L114,SH4,6,18667.69,0.0,4503.61
O7332,2024-03-08,C1172,P2004,L102,SH19,3,64718.23,0.0,13668.31
O11613,2024-11-22,C1263,P2094,L113,SH25,4,6872.4,0.08,1883.21
O9076,2025-12-18,C1018,P2063,L114,SH13,3,35700.57,0.22,5175.67
O6820,2024-08-19,C1428,P2045,L103,SH16,1,₹22425.32,0.07,1903.0
O5038,2024-10-13,C1051,P2063,L114,SH10,4,4584.19,0.28,427.92
O8653,2025-06-25,C1241,P2053,L109,SH16,2,17448.29,0.24,1507.8
O11731,2025-05-09,C1390,P2080,L107,SH13,3,6888.0,0.19,2465.81
O8946,2025-09-28,C1398,P2027,L102,SH25,6,138504.62,0.3,49550.48
O9930,2025-12-25,C1348,P2094,L108,SH4,4,4979.78,0.11,1813.3
O5561,2024-11-29,C1195,P2075,L104,SH4,5,10110.52,0.02,4270.36
O5181,2024-11-27,C1095,P2018,L116,SH13,2,91788.65,0.11,18483.12
O6649,2025-04-05,C1396,P2083,L117,SH1,1,3456.87,0.18,1339.22
O5260,2024-05-25,C1472,P2011,L104,SH7,5,100677.91,0.0,27043.43
O6018,2025-03-02,C1226,P2089,L116,SH1,4,16590.56,0.01,4626.6
O10564,2025-03-14,C1219,P2051,L116,SH1,2,35740.42,0.27,3568.99
O8206,2025-06-07,C1440,P2044,L104,SH7,4,48578.28,,3001.14
O9457,2025-02-11,C1018,P2043,L113,SH7,1,11705.0,0.16,713.44
O6768,2024-11-30,C1224,P2005,L117,SH19,3,106366.83,0.19,31740.06
O10121,2024-12-07,C1121,P2044,L112,SH13,2,37010.88,0.23,3736.96
O7674,2024-12-13,C1023,P2091,L102,SH26,three,₹20785.37,0.1,7186.54
O7780,2025-09-20,C1121,P2011,L111,SH19,5,68906.61,0.19,
O5831,2025-01-13,C1065,P2057,L109,SH1,6,24639.35,0.22,2725.7
O5725,2024-06-26,C1404,P2044,L108,SH22,5,69866.15,0.17,4681.77
O8957,2025-08-20,C1001,P2036,L115,SH10,5,42505.68,0.21,5118.08
O8578,04/04/2025,C1152,P2019,L106,SH4,4,116902.83,0.18,25401.16
O8285,2024-01-18,C1112,P2039,L104,SH10,3,16186.32,0.06,2153.39
O6962,2025-04-20,C1473,P2052,L115,SH10,4,38515.95,0.18,2803.48
O10497,09/09/2025,C1458,P2011,L110,SH25,6,120274.1,0.03,26040.55
O9478,2025-08-10,C1405,P2055,L113,SH10,4,62300.81,0.2,7588.58
O5028,2024-11-30,C1068,P2012,L110,SH7,5,201227.6,0.03,47314.25
O10309,2025-05-31,C1498,P2079,L111,SH10,4,4633.46,0.06,1425.27
O6988,2025-08-02,C1330,P2037,L111,SH22,1,13566.03,0.29,862.04
O8149,2024-01-24,C1384,P2081,L112,SH22,4,9035.06,0.09,2259.8
O8670,2025-06-05,C1296,P2049,L101,SH19,5,₹20271.43,0.16,2999.32
O8280,2024-09-17,C1155,P2016,L108,SH17,5,146508.94,0.01,30733.35
O5109,2024-02-14,C1011,P2050,L116,SH13,6,79621.51,0.18,11807.36
O5318,2025-01-27,C1024,P2061,L112,SH7,5,92277.93,0.2,7022.95
O11478,2025-12-01,C1367,P2076,L103,SH13,2,₹8077.57,0.13,2107.96
O6196,2024-10-14,C1083,P2042,L113,SH10,6,30910.82,,2571.37
O8788,2024-09-27,C1184,P2024,L115,SH22,4,35610.25,0.06,
O6771,2024-10-10,C1393,P2088,L114,SH25,2,4830.35,0.05,2066.77
O11411,2024-09-20,C1226,P2009,L111,SH16,1,27614.79,0.0,7361.83
O6384,2025-05-31,C1119,P2013,L105,SH13,6,39478.02,,12450.85
O5649,2024-10-26,C1443,P2014,L101,SH1,4,168630.73,0.12,55628.28
O9925,2024-08-16,C1297,P2059,L108,SH1,5,38480.44,0.25,3637.73
O7559,2025-04-06,C1252,P2088,L103,SH7,2,3431.55,0.29,1388.79
O5216,2025-07-20,C1075,P2003,L109,SH12,3,139075.83,0.1,43924.12
O10405,2025-07-22,C1067,P2020,L107,SH10,2,3035.14,0.12,1034.36
O8874,2024-03-12,C1055,P2057,L109,SH1,3,50966.26,0.19,6271.44
O11259,2024-01-14,C1262,P2061,L112,SH25,6,96165.72,0.12,6826.58
O7083,2025-09-25,C1124,P2030,L108,SH22,3,87193.37,0.14,30547.79
O11818,2025-04-02,C1147,P2027,L111,SH19,2,33287.41,0.11,7635.2
O11817,2024-12-30,C1327,P2085,L101,SH22,4,8704.95,0.13,2212.21
O6004,2024-10-29,C1324,P2092,L117,SH19,5,10479.62,0.1,4476.44
O5124,2025-09-11,C1186,P2050,L102,SH16,3,12321.05,,1238.18
O7513,2024-09-29,C1258,P2074,L108,SH19,2,4803.56,0.16,1712.66
O10584,2025-11-30,C1290,P2058,L102,SH1,5,24031.64,0.24,3110.75
O11036,2024-05-29,C1466,P2097,L117,SH4,6,4840.67,0.18,2132.15
O6645,2025-04-16,C1112,P2082,L112,SH1,3,1903.71,0.18,751.69
O8814,2025-02-10,C1304,P2071,L108,SH10,4,10953.2,0.09,2903.73
O10572,2024-08-05,C1436,P2021,L111,SH26,2,98251.96,0.09,22334.6
O10109,2024-09-01,C1045,P2040,L107,SH1,5,106514.79,0.14,7398.94
O9900,2024-09-06,C1464,P2044,L102,SH22,4,7049.38,0.16,748.62
O10604,2025-05-02,C1162,P2095,L114,SH25,3,12308.24,0.09,5015.23
O7730,2025-11-29,C1472,P2020,L116,SH16,2,₹18093.64,0.18,4082.01
O9979,2024-07-03,C1446,P2089,L107,SH4,5,20455.92,0.16,6607.16
O5467,2024-04-19,C1414,P2002,L117,SH22,1,2538.33,0.11,581.44
O11837,2025-10-12,C1070,P2075,L109,SH10,4,11029.92,0.16,3879.72
O6627,2025-12-29,C1490,P2022,L109,SH10,4,34382.55,0.06,9883.22
O7013,2024-10-03,C1234,P2075,L109,SH7,6,2931.95,0.03,1063.26
O7792,2025-01-25,C1291,P2056,L110,SH22,2,33522.32,0.28,2459.01
O9179,20/08/2024,C1181,P2017,L108,SH10,1,38827.02,0.01,15294.21
O6039,2025-01-29,C1261,P2097,L117,SH16,4,14873.17,0.22,4519.33
O10412,2024-07-19,C1206,P2086,L114,SH16,4,13998.4,0.05,5739.09
O6703,2025-07-17,C1092,P2021,L113,SH13,5,99261.37,0.15,34766.91
O6583,2024-01-30,C1308,P2053,L108,SH13,1,5801.98,0.26,613.12
O11585,2024-06-12,C1307,P2002,L116,SH14,5,83885.06,0.29,28368.62
O5853,05/03/2025,C1028,P2035,L112,SH1,3,42760.56,0.12,6241.51
O8697,28/12/2025,C1036,P2082,L112,SH22,3,1656.43,0.19,520.1
O5330,2025-12-18,C1436,P2041,L113,SH13,3,42073.27,0.33,3759.78
O5961,02/01/2025,C1463,P2088,L105,SH19,2,6645.88,0.04,2767.41
O9023,2024-12-08,C1426,P2074,L116,SH19,2,2148.35,0.0,636.36
O7589,2024-03-29,C1470,P2048,L110,SH4,3,42018.92,0.22,5183.75
O8492,2025-09-14,C1416,P2012,L110,SH22,3,10195.95,0.13,2480.33
O7845,2025-11-11,C1210,P2023,L110,SH16,4,149146.23,0.12,35195.09
O6797,14/11/2024,C1415,P2082,L101,SH16,2,5181.44,0.0,2227.55
O7977,2025-07-04,C1426,P2099,L111,SH13,1,3843.64,0.0,1309.66
O7651,2025-03-25,C1038,P2070,L113,SH23,2,4050.54,0.22,1048.35
O9558,2024-06-01,C1364,P2038,L111,SH22,2,3559.78,0.21,279.11
O9625,2025-05-27,C1244,P2044,L106,SH13,6,4622.01,0.22,282.3
O10467,2024-03-02,C1316,P2007,L105,SH10,3,122489.27,0.1,40783.38
O8931,2025-10-20,C1107,P2001,L110,SH7,6,274078.87,0.1,101938.39
O10208,2025-07-27,C1183,P2024,L101,SH22,4,122407.76,0.04,29244.33
O7787,2024-08-11,C1310,P2093,L116,SH19,6,24632.6,0.17,
O11654,2025-11-23,C1268,P2077,L104,SH25,3,12034.89,0.12,4356.22
O9760,2024-10-19,C1023,P2013,L113,SH25,4,88487.09,0.21,26978.59
O8793,2025-12-06,C1161,P2097,L108,SH16,2,4924.8,0.01,1261.98
O9178,2024-05-02,C1293,P2017,L102,SH22,6,272891.88,0.03,63023.69
O10675,2024-12-30,C1257,P2082,L105,SH19,6,₹24821.67,0.03,6864.48
O6268,2025-06-07,C1127,P2080,L105,SH1,3,3627.52,0.04,1110.85
O9333,2024-09-25,C1080,P2025,L114,SH10,5,184461.19,0.13,62358.14
O11617,2025-04-04,C1455,P2052,L112,SH10,5,45692.53,0.05,4054.8
O6826,2024-03-31,C1116,P2067,L104,SH22,3,₹14218.61,0.05,5270.31
O9479,2024-01-05,C1274,P2015,L113,SH15,1,43527.0,0.06,11493.14
O7137,2024-06-05,C1451,P2032,L115,SH22,-3,124036.34,0.19,42107.4
O7381,2025-05-09,C1273,P2098,L111,SH13,2,2363.57,0.03,1037.62
O10150,2024-08-17,C1147,P2085,L110,SH4,2,7547.86,0.06,1930.97
O10686,2025-04-19,C1104,P2087,L115,SH26,1,547.13,0.04,220.04
O10496,03/07/2025,C1192,P2070,L106,SH22,5,6789.51,0.16,3036.76
O6385,2024-11-26,C1470,P2034,L106,SH10,1,4814.09,0.16,329.25
O11385,2025-06-24,C1438,P2030,L114,SH1,3,57691.83,0.0,19004.34
O8506,2024-05-26,C1209,P2083,L101,SH19,2,8134.03,0.07,3370.69
O10972,2024-04-17,C1050,P2066,L101,SH4,2,17525.62,0.16,1492.47
O5957,2024-08-04,C1486,P2094,L105,SH10,3,₹10621.73,0.19,4358.22
O6510,2024-04-28,C1360,P2055,L105,SH10,3,25646.53,0.25,3609.58
O5281,2025-09-03,C1292,P2045,L109,SH19,3,31966.24,0.23,2849.11
O6780,2025-03-30,C1428,P2049,L101,SH1,4,72357.05,0.17,9904.01
O9488,2024-04-30,C1424,P2074,L114,SH22,4,9397.28,0.13,2743.34
O9326,2025-11-27,C1498,P2049,L102,SH22,5,₹80982.93,0.07,11343.21
O7987,2025-12-07,C1011,P2008,L116,SH4,5,147511.87,0.11,
O5067,2024-08-04,C1004,P2027,L110,SH16,-3,111063.85,0.13,39186.9
O8336,2025-12-06,C1135,P2044,L106,SH13,5,20306.7,0.28,2941.39
O11405,2024-10-04,C1025,P2071,L115,SH1,2,5625.56,0.13,2337.31
O11500,2024-02-26,C1203,P2057,L107,SH1,3,54764.08,0.16,7890.44
O6949,2024-07-09,C1103,P2096,L103,SH1,4,2892.87,0.12,
O10945,2024-09-15,C1196,P2011,L109,SH10,1,23166.01,0.09,8787.58
O11249,2024-10-09,C1455,P2005,L113,SH4,4,92680.61,0.27,34275.52
O9631,2025-10-13,C1350,P2092,L110,SH1,6,₹18868.03,0.08,6409.36
O11313,2024-08-11,C1209,P2086,L117,SH1,5,21777.81,0.12,8128.12
O7467,2025-04-05,C1284,P2030,L104,SH4,4,73046.88,0.2,25762.82
O7602,2025-07-08,C1095,P2010,L104,SH19,2,66757.34,0.11,24497.08
O10063,2024-10-18,C1058,P2038,L104,SH25,3,2520.02,0.13,170.27
O8382,2024-10-16,C1485,P2053,L103,SH22,4,46398.2,0.21,3899.95
O8522,2024-10-10,C1344,P2061,L108,SH19,3,43893.1,0.13,4806.87
O8379,2025-06-02,C1401,P2098,L112,SH1,3,2978.96,0.15,1014.9
O9428,2025-01-08,C1364,P2081,L101,SH25,6,12406.25,0.05,3804.46
O11051,2025-01-03,C1341,P2055,L117,SH7,1,3893.79,0.15,566.95
O8995,2025-05-19,C1410,P2082,L112,SH19,4,3425.31,0.14,947.21
O7646,2024-08-07,C1179,P2017,L102,SH25,3,68131.36,0.07,20527.74
O11241,2025-01-03,C1198,P2007,L105,SH25,4,53454.24,0.08,19903.42
O6385,26/11/2024,C1470,P2034,L106,SH10,1,4814.09,0.16,329.25
O9098,2025-05-23,C1400,P2013,L109,SH19,2,94170.13,0.09,23734.09
O10298,2025-09-06,C1144,P2048,L101,SH7,5,22271.51,0.25,3074.38
O8955,2025-03-12,C1404,P2036,L113,SH10,4,9332.64,0.12,1173.25
O9921,2025-12-17,C1105,P2048,L116,SH16,5,108077.43,0.11,13918.87
O10136,2025-04-12,C1265,P2041,L114,SH22,4,3092.57,0.23,457.52
O9199,2024-05-08,C1034,P2067,L109,SH6,3,₹12625.35,0.09,5169.28
O6360,2025-03-05,C1042,P2039,L115,SH16,2,21869.39,0.19,2630.19
O6182,2024-01-31,C1142,P2009,L111,SH22,1,27578.95,0.16,8151.77
O8005,2024-09-19,C1428,P2001,L115,SH4,2,32205.67,0.1,9063.08
O5718,01/12/2025,C1050,P2059,L110,SH13,2,24920.29,0.24,3214.33
O9909,2025-06-10,C1061,P2017,L107,SH19,5,108097.43,0.15,40029.04
O5020,2025-04-15,C1119,P2060,L109,SH16,3,19680.52,0.06,1197.48
O6830,2025-08-28,C1300,P2064,L108,SH22,4,₹37054.69,0.18,3109.55
O6064,2025-06-29,C1025,P2036,L114,SH1,3,25540.76,0.27,1544.31
O9970,2024-10-21,C1056,P2052,L115,SH10,1,7025.84,0.22,1013.32
O5197,2025-06-28,C1369,P2070,L114,SH10,3,5468.91,0.15,1618.43
O5144,2024-11-22,C1311,P2019,L111,SH13,2,67694.28,0.17,25192.8
O7827,2025-04-10,C1026,P2086,L103,SH10,3,₹10919.83,0.16,4614.62
O7367,2024-12-31,C1336,P2057,L103,SH22,4,83348.33,0.1,6765.82
O5417,2025-02-17,C1223,P2082,L114,SH4,1,2088.7,0.12,721.6
O6048,2025-09-17,C1450,P2056,L107,SH22,3,28506.46,0.27,3768.13
O10024,2025-07-24,C1392,P2072,L116,SH16,5,5658.04,0.19,1777.69
O5750,2025-06-24,C1121,P2063,L106,SH4,2,29891.83,0.31,2715.86
O7066,2025-02-06,C1021,P2048,L109,SH16,3,19826.0,0.13,2349.68
O5222,2024-08-11,C1363,P2020,L101,SH19,6,155919.64,0.09,42821.79
O10040,2025-05-13,C1009,P2039,L105,SH15,5,84557.04,0.14,9586.27
O9727,2024-04-18,C1405,P2067,L101,SH1,2,9822.75,,4192.89
O11230,23/04/2024,C1487,P2082,L105,SH1,6,10665.46,0.14,3631.54
O10836,06/02/2025,C1164,P2009,L111,SH4,1,40706.57,0.17,11405.15
O8272,2025-02-16,C1220,P2005,L113,SH22,5,200986.42,0.1,64489.27
O7716,29/09/2024,C1398,P2092,L104,SH16,1,1235.33,0.0,339.11
O7205,2024-10-02,C1467,P2075,L110,SH4,6,8253.19,0.11,3476.47
O11529,2024-09-17,C1338,P2011,L107,SH4,2,82501.29,0.0,23927.14
O7694,2024-06-05,C1120,P2090,L113,SH13,3,2242.72,0.05,790.4
O8830,2025-04-22,C1195,P2077,L101,SH13,6,21459.54,0.07,7907.89
